Geneid,GSM5290389_Snr1KD_RNA-seq_Ov_rep1,GSM5290390_Snr1KD_RNA-seq_Ov_rep2,GSM5290391_mod_mdg4KD_RNA-seq_Ov_rep1,GSM5290392_mod_mdg4KD_RNA-seq_Ov_rep2
FBgn0031081,12,12,12,31
FBgn0052826,0,0,0,0
FBgn0031085,2,2,0,0
FBgn0062565,0,0,0,0
FBgn0031088,0,3,0,0
FBgn0041626,0,0,0,0
FBgn0040784,0,2,1,0
FBgn0031086,0,0,0,0
FBgn0031082,0,0,0,0
FBgn0031080,33,45,72,61
FBgn0052821,0,0,0,0
FBgn0053217,3566,5662,10332,10623
FBgn0052350,11011,16845,28484,27421
FBgn0024733,157248,232075,239970,219340
FBgn0040372,20908,25200,22449,22626
FBgn0000316,8382,11917,10937,10284
FBgn0024989,82,118,265,383
FBgn0040371,3,2,1,0
FBgn0029521,0,0,0,0
FBgn0004034,247,400,386,607
FBgn0000022,1,1,0,0
FBgn0004170,0,0,1,0
FBgn0002561,0,1,0,0
FBgn0000137,0,0,0,0
FBgn0029522,3413,3544,3919,3464
FBgn0052817,29,72,56,36
FBgn0029524,29,52,81,83
FBgn0023536,2142,2574,2791,2601
FBgn0023534,16,17,24,25
FBgn0023535,80,74,126,146
FBgn0023537,17648,16575,23491,22658
FBgn0029525,7315,8827,10530,10670
FBgn0029523,97,98,166,213
FBgn0010019,1537,821,771,2516
FBgn0011822,3,4,0,0
FBgn0052816,981,1452,791,827
FBgn0040370,348,480,82,77
FBgn0040373,2934,4259,3871,3556
FBgn0000108,304,296,1019,1022
FBgn0025640,1652,1122,5776,4928
FBgn0025635,5495,5118,6244,5743
FBgn0001341,4244,4610,6039,6832
FBgn0003575,6828,7061,7331,7489
FBgn0025634,2094,1587,3964,3719
FBgn0025638,7683,8873,12848,11251
FBgn0040383,84,63,508,441
FBgn0040382,3678,2983,4547,4216
FBgn0027343,686,512,641,643
FBgn0025621,5458,4637,6435,6149
FBgn0029535,0,0,0,0
FBgn0026874,17,11,12,12
FBgn0025616,2,2,2,5
FBgn0015799,15479,13312,18188,17877
FBgn0025620,4,0,1,4
FBgn0015288,8777,5378,58362,52125
FBgn0029532,1,0,2,4
FBgn0029531,10,4,13,20
FBgn0025639,20023,20188,20000,19899
FBgn0002579,52945,42005,184014,149467
FBgn0026879,4306,4141,8901,6793
FBgn0029529,582,386,1684,1217
FBgn0025633,24396,25085,24394,23153
FBgn0040892,0,0,0,0
FBgn0040341,0,0,0,0
FBgn0029539,1,1,0,0
FBgn0040339,2528,2943,3628,3089
FBgn0052815,56,43,52,40
FBgn0040340,4173,3654,10294,8906
FBgn0040347,6073,5921,7355,6875
FBgn0042146,1,2,16,4
FBgn0029552,0,0,0,0
FBgn0040337,2276,2489,4649,3660
FBgn0040398,262,195,338,578
FBgn0040365,0,1,2,4
FBgn0040397,5012,5751,7545,7512
FBgn0026143,12704,11666,18369,16470
FBgn0040351,75,55,62,70
FBgn0040338,2,5,5,4
FBgn0040350,1,0,0,1
FBgn0040349,5,1,23,23
FBgn0040348,25,23,431,383
FBgn0040346,4248,3380,7126,6476
FBgn0040342,0,2,7,8
FBgn0040345,0,1,0,0
FBgn0040343,1,0,1,0
FBgn0052814,77,116,60,73
FBgn0040364,684,672,1803,2316
FBgn0040362,0,0,0,0
FBgn0040361,5,0,5,6
FBgn0040360,7,2,28,6
FBgn0040359,44,50,90,110
FBgn0040358,10,7,13,14
FBgn0029568,19318,7783,36732,31720
FBgn0040357,17,13,61,52
FBgn0040367,223,273,658,703
FBgn0025642,9,6,39,52
FBgn0004650,20433,21759,27672,27905
FBgn0024362,8035,8154,11714,10766
FBgn0024361,9,10,8,9
FBgn0024364,6674,5466,11649,10416
FBgn0029573,7,0,2,0
FBgn0024987,8250,9671,10489,9891
FBgn0023169,7944,7155,13826,13408
FBgn0052813,211,223,461,501
FBgn0024985,3643,3784,5517,5547
FBgn0027794,1826,1023,4394,4265
FBgn0027795,91,73,144,141
FBgn0024986,2051,1847,4042,3103
FBgn0000826,3635,2467,8278,7109
FBgn0024365,7487,7021,11014,10388
FBgn0024360,2609,2194,4193,3492
FBgn0024366,168,158,133,133
FBgn0025641,5924,4788,8641,8495
FBgn0052811,0,1,0,0
FBgn0028550,304,361,617,710
FBgn0026876,4349,3476,5566,4990
FBgn0040366,2156,2407,2657,2312
FBgn0040363,1,3,2,1
FBgn0040368,5,2,8,3
FBgn0026872,174,151,400,409
FBgn0029580,6,2,10,15
FBgn0025383,0,3,6,6
FBgn0025381,3625,2642,6052,5935
FBgn0025394,9123,10418,17432,18121
FBgn0000482,1835,1628,2735,2468
FBgn0001189,2828,2863,3290,3103
FBgn0029587,0,0,0,1
FBgn0024897,1,0,0,1
FBgn0025391,2,4,13,24
FBgn0025378,0,0,0,0
FBgn0023130,1653,1464,3004,2694
FBgn0023530,857,1276,2103,1556
FBgn0025390,18648,14734,34689,35437
FBgn0025393,1,1,11,7
FBgn0003517,74192,50047,211546,205076
FBgn0044508,1,4,12,16
FBgn0025382,236,121,2353,1906
FBgn0052808,21,26,65,72
FBgn0027791,1506,814,6425,5394
FBgn0027793,54,14,68,67
FBgn0052806,3,1,2,0
FBgn0026873,1709,1622,3493,3243
FBgn0023513,8392,7902,11577,10907
FBgn0014411,9339,10395,11814,11482
FBgn0023514,4314,4387,5730,5423
FBgn0029594,2897,2816,4137,3528
FBgn0023519,2034,1663,4933,4082
FBgn0023509,4537,3654,6512,6179
FBgn0023510,5273,4852,6222,6535
FBgn0023508,6077,5003,6989,6842
FBgn0023522,14443,16037,19018,17011
FBgn0023521,1742,1618,2573,2346
FBgn0025627,58,94,65,48
FBgn0025630,7440,6123,11513,9449
FBgn0025629,813,732,1285,1295
FBgn0025628,1482,1188,12777,11381
FBgn0029596,7,1,0,0
FBgn0025626,7874,7573,7998,7046
FBgn0025625,31,20,41,59
FBgn0025631,1098,1357,2034,2158
FBgn0026878,54,74,203,215
FBgn0000667,6854,5344,10887,11211
FBgn0003964,8005,6758,8077,7793
FBgn0023545,2988,2792,5409,4882
FBgn0023520,954,1046,1281,1304
FBgn0023512,3800,3638,6456,5862
FBgn0023511,4349,4861,6189,6220
FBgn0052801,19,7,32,29
FBgn0023518,5367,4891,5664,5328
FBgn0026088,938,936,2571,1774
FBgn0026089,1565,1370,2918,2336
FBgn0023517,4481,3626,10348,9042
FBgn0023516,2393,2011,4357,3952
FBgn0023515,25869,23452,21523,19464
FBgn0028969,7115,6413,13234,12197
FBgn0026090,1745,1903,2972,2427
FBgn0029590,2,6,1,2
FBgn0025624,1122,1078,1518,1311
FBgn0040395,7549,7783,10890,10790
FBgn0000382,9403,10769,14651,14292
FBgn0023507,1336,1070,653,560
FBgn0004654,5177,3399,16227,16284
FBgn0023540,1522,1139,2867,2645
FBgn0025839,1223,995,5225,3620
FBgn0011576,35,36,126,96
FBgn0015036,225,273,360,323
FBgn0003116,2154,2273,3030,2751
FBgn0040899,1299,1218,2205,1627
FBgn0040900,4,8,14,9
FBgn0024984,2250,1889,1770,1488
FBgn0023549,1455,1841,4841,6377
FBgn0029606,4,0,4,3
FBgn0003048,6770,7240,7483,7976
FBgn0000810,6164,8192,7912,7527
FBgn0023523,15,13,20,16
FBgn0023527,6299,6099,11197,10075
FBgn0040391,1,0,4,1
FBgn0053218,19,24,18,10
FBgn0003079,7099,8041,6908,6605
FBgn0003159,7973,8443,11594,12324
FBgn0040389,2150,2060,2350,1817
FBgn0044047,848,1435,1261,1813
FBgn0040392,86,96,87,128
FBgn0023526,25046,28885,13034,13238
FBgn0023529,19544,21571,32624,31530
FBgn0023528,19469,25442,22380,21345
FBgn0027296,3455,3837,3902,3533
FBgn0023524,6,3,2,3
FBgn0023525,70,72,140,89
FBgn0000377,3465,2986,5142,4832
FBgn0001330,4622,4710,6135,5951
FBgn0004397,5989,4734,10343,10700
FBgn0023550,3,0,4,14
FBgn0029603,6,8,335,301
FBgn0023542,3956,4340,6887,6958
FBgn0023541,14,20,33,49
FBgn0005670,2,1,7,7
FBgn0004655,12900,10990,16686,16042
FBgn0013432,2828,3420,5383,4342
FBgn0004861,856,891,1049,1166
FBgn0004860,1641,1712,2314,2260
FBgn0040394,5064,3855,9722,8449
FBgn0040376,0,1,0,1
FBgn0040066,7557,7795,10870,10868
FBgn0001404,9592,10661,10554,10737
FBgn0040336,2797,3066,4129,3647
FBgn0040333,15,19,53,28
FBgn0040334,1015,1049,1459,1410
FBgn0029629,10289,8842,22636,21294
FBgn0011566,2698,2256,3807,3423
FBgn0011606,10123,9685,12918,12423
FBgn0040375,1091,1158,1791,1634
FBgn0040377,5,2,18,25
FBgn0040388,6774,7623,9379,9021
FBgn0003714,2243,2337,6992,4859
FBgn0001150,17,21,28,37
FBgn0052797,0,2,0,0
FBgn0040385,0,0,0,0
FBgn0003371,12137,13209,15480,15593
FBgn0003068,138,110,799,989
FBgn0024993,2265,2040,2939,2654
FBgn0024996,2522,2196,4545,4230
FBgn0024997,6,5,21,22
FBgn0024991,6143,6142,7407,6832
FBgn0000928,225,230,373,434
FBgn0000927,13095,6270,37210,32486
FBgn0000520,2267,1590,3428,2963
FBgn0024975,1288,1124,1752,1652
FBgn0040356,0,0,0,0
FBgn0003996,12071,10182,33244,31553
FBgn0040384,5103,5211,8559,7808
FBgn0024980,154,159,201,253
FBgn0000376,8887,7912,9848,9554
FBgn0024973,3050,1892,6438,5815
FBgn0024998,2704,2578,3988,3573
FBgn0024995,2,2,1,3
FBgn0024994,3266,3147,4510,4047
FBgn0024992,4774,3608,7068,6496
FBgn0000092,7,3,12,14
FBgn0025838,0,1,0,0
FBgn0011276,0,0,0,0
FBgn0004647,2165,2557,4185,4727
FBgn0040396,2774,3407,5446,4982
FBgn0000479,5751,6799,9102,9445
FBgn0002933,0,0,0,0
FBgn0003374,0,0,0,0
FBgn0029660,4,2,1,1
FBgn0029662,195,261,360,341
FBgn0029661,2,0,1,3
FBgn0029659,3,3,0,3
FBgn0029658,0,0,5,4
FBgn0052493,0,0,0,0
FBgn0029657,7,23,99,106
FBgn0029656,0,3,5,2
FBgn0003086,1,0,0,0
FBgn0010296,0,0,0,0
FBgn0010295,0,1,0,0
FBgn0010294,0,0,0,0
FBgn0040393,0,0,0,0
FBgn0000644,3447,3902,9033,16347
FBgn0028746,1953,2455,2954,2299
FBgn0040355,0,2,1,0
FBgn0052793,1,3,5,0
FBgn0029642,0,0,0,2
FBgn0025645,0,0,0,1
FBgn0029643,0,1,0,0
FBgn0029644,6,5,1,0
FBgn0029645,1,3,1,0
FBgn0029646,9,8,0,1
FBgn0029647,2,0,0,0
FBgn0029648,1323,1210,3448,2664
FBgn0028369,347,334,368,450
FBgn0029649,0,1,0,0
FBgn0003285,403,426,826,922
FBgn0025644,1,1,6,4
FBgn0029639,2,2,9,5
FBgn0040354,1,0,0,0
FBgn0040353,21,4,22,16
FBgn0040352,0,0,3,3
FBgn0029664,2931,3412,5573,4839
FBgn0029666,6075,7592,7541,7827
FBgn0029669,5,0,0,0
FBgn0052792,1,3,0,1
FBgn0044046,601,617,562,418
FBgn0023215,10876,12221,11719,12643
FBgn0015286,9602,11647,13547,13005
FBgn0023216,4933,5674,4989,4451
FBgn0029672,6007,8264,8943,8662
FBgn0052791,469,578,280,241
FBgn0029667,6,2,0,0
FBgn0029665,2440,3139,5854,4704
FBgn0029663,0,0,1,1
FBgn0052785,0,0,0,0
FBgn0025118,0,0,0,0
FBgn0028491,77,75,130,143
FBgn0029681,4,1,3,5
FBgn0029686,1994,2584,2220,2066
FBgn0052786,2,5,8,5
FBgn0052783,2,3,10,4
FBgn0029687,23262,31249,29942,30330
FBgn0029690,3,3,2,0
FBgn0029689,2870,2562,3046,2774
FBgn0029688,12273,12111,15762,15811
FBgn0029685,23030,25488,27421,25867
FBgn0019661,15,17,44,21
FBgn0029694,16,14,26,16
FBgn0000221,1158,1004,2119,1725
FBgn0026084,38468,45888,54559,56017
FBgn0026085,1227,1241,2583,2029
FBgn0026083,30813,29647,41247,42632
FBgn0066114,3015,2882,3690,3486
FBgn0029697,38904,12362,86258,75522
FBgn0029701,0,0,0,2
FBgn0029702,0,0,0,0
FBgn0029706,4382,4402,5444,5249
FBgn0029707,1,3,1,2
FBgn0029705,1,0,0,0
FBgn0040907,653,1053,1406,986
FBgn0002707,3406,3944,4474,4437
FBgn0040906,3,3,19,12
FBgn0029703,4,1,0,0
FBgn0040905,0,0,0,0
FBgn0040904,3,0,0,0
FBgn0029700,2,0,0,0
FBgn0052774,9052,4707,15217,13616
FBgn0041252,8107,6321,22380,19691
FBgn0029696,2187,1474,5489,4990
FBgn0000635,1287,1744,2089,2939
FBgn0026080,3005,3022,3235,3053
FBgn0026079,3271,2921,5833,6051
FBgn0004832,1501,1241,2446,2192
FBgn0029693,1945,1747,2093,2138
FBgn0000179,3,1,1,1
FBgn0029708,10,9,7,4
FBgn0029709,3860,3139,12321,10466
FBgn0029710,323,337,421,350
FBgn0029712,314,334,505,368
FBgn0029714,2752,2822,3511,3072
FBgn0029716,0,0,0,0
FBgn0022768,9535,8237,12264,12298
FBgn0029715,8267,8197,19363,16543
FBgn0029713,3561,3654,4144,3894
FBgn0029711,4454,5163,5338,5318
FBgn0003210,11170,12375,14344,13707
FBgn0052773,84,111,194,188
FBgn0011760,27056,36380,45258,41296
FBgn0028325,13920,14321,24832,23058
FBgn0029722,8,7,16,24
FBgn0029727,0,0,0,0
FBgn0029729,1,0,0,0
FBgn0029730,0,0,0,0
FBgn0029733,16379,15205,21440,19005
FBgn0052772,4845,5359,6838,6525
FBgn0029737,5091,4173,6945,6352
FBgn0004368,5596,5777,5591,5890
FBgn0029740,0,0,0,0
FBgn0061196,13,26,20,26
FBgn0029728,54,64,50,54
FBgn0029726,2,0,1,0
FBgn0029725,0,0,0,0
FBgn0025679,0,0,0,0
FBgn0029724,0,0,0,0
FBgn0029745,1,0,0,0
FBgn0029746,0,0,0,0
FBgn0003449,5098,5101,7815,7007
FBgn0011761,3208,3986,128,164
FBgn0029753,103,96,3,2
FBgn0029755,3399,2729,6419,5934
FBgn0014024,4287,4204,6627,6484
FBgn0029754,13,15,2,3
FBgn0029752,81,69,7,3
FBgn0029751,16,26,24,27
FBgn0029750,319,321,439,361
FBgn0029747,2,2,0,0
FBgn0052767,10003,10465,11425,12004
FBgn0026751,3091,3465,6749,6452
FBgn0010014,3,7,11,13
FBgn0029761,77,103,117,139
FBgn0029763,14561,13747,19867,18896
FBgn0029765,1,4,5,6
FBgn0029766,915,889,881,829
FBgn0029768,14,0,0,0
FBgn0029770,0,0,0,0
FBgn0029771,145,155,294,266
FBgn0026702,2801,2196,5247,4784
FBgn0004687,10552,13472,21295,20735
FBgn0029778,2247,1842,4099,3660
FBgn0052762,0,0,0,0
FBgn0029769,1,4,1,0
FBgn0029762,4,8,4,5
FBgn0029756,3709,3703,4757,4233
FBgn0028474,5828,5378,8658,8405
FBgn0029785,49442,48997,109847,99581
FBgn0003747,2,6,17,21
FBgn0000394,962,840,1662,1595
FBgn0029791,12,5,25,27
FBgn0029795,0,0,0,0
FBgn0029798,3379,3225,4423,4338
FBgn0029799,3,3,3,14
FBgn0029801,14081,15367,18631,17225
FBgn0029809,0,1,0,0
FBgn0029810,1,1,0,4
FBgn0029811,1,0,0,1
FBgn0029812,1,0,0,3
FBgn0029814,0,0,0,0
FBgn0052761,0,0,0,0
FBgn0029816,2,0,0,0
FBgn0029817,2,1,0,0
FBgn0029820,3879,4144,5042,4736
FBgn0029821,448,364,644,616
FBgn0029822,6346,6916,7310,7338
FBgn0029823,12414,8427,35355,31682
FBgn0029819,5484,4920,9924,8853
FBgn0014340,6186,6390,6470,5654
FBgn0029818,8262,7148,12535,11246
FBgn0029813,323,313,33,32
FBgn0029807,3,1,1,1
FBgn0029804,14,8,17,18
FBgn0013987,9375,9629,13574,12075
FBgn0029800,2848,3146,5391,4270
FBgn0261383,8940,8310,8331,8791
FBgn0052758,5532,5610,7112,6804
FBgn0053080,366,294,518,453
FBgn0027564,1498,1326,1991,1860
FBgn0029789,3643,3600,4057,3901
FBgn0046687,2466,2458,2378,2383
FBgn0015794,2600,2723,3430,2735
FBgn0029783,681,492,1625,1436
FBgn0029824,1608,1417,2265,2406
FBgn0029825,890,1404,1451,1275
FBgn0052756,764,931,834,794
FBgn0029826,29,28,47,47
FBgn0052755,1,0,2,6
FBgn0029827,0,0,0,0
FBgn0029828,4,10,7,7
FBgn0029830,1859,1459,1399,1213
FBgn0029831,2343,2296,3979,3777
FBgn0029833,3856,4385,8911,7984
FBgn0029834,17,32,23,15
FBgn0029835,211,200,620,566
FBgn0029843,181,190,506,530
FBgn0029849,3274,3674,4677,4160
FBgn0003514,7888,7121,11610,11578
FBgn0029848,2,1,6,3
FBgn0040069,0,0,0,1
FBgn0052751,0,0,0,0
FBgn0052750,0,0,0,0
FBgn0026060,672,778,1138,1056
FBgn0029840,5442,3997,7094,7361
FBgn0029839,1,0,0,0
FBgn0029838,312,365,730,816
FBgn0029837,3,7,7,13
FBgn0003302,826,711,1583,1473
FBgn0029003,5,0,1213,1207
FBgn0027546,0,0,0,0
FBgn0005390,20476,26002,24943,25849
FBgn0029851,0,0,0,1
FBgn0015818,3437,2843,5230,5062
FBgn0029853,1002,883,1470,1375
FBgn0028982,10230,8344,12059,12148
FBgn0029857,2203,1560,4565,4242
FBgn0029858,1208,695,2700,2358
FBgn0029861,5768,4790,7430,6824
FBgn0029863,124,95,412,402
FBgn0029864,13,17,33,26
FBgn0029866,1486,1398,3877,3194
FBgn0029867,6292,6333,8839,8348
FBgn0052748,0,0,0,0
FBgn0029873,5602,5386,8058,7200
FBgn0014031,47,32,93,72
FBgn0000524,8622,8935,8314,7995
FBgn0014026,111649,80983,331219,318640
FBgn0029874,1819,1586,3382,2993
FBgn0003139,7193,7424,9672,8851
FBgn0003655,25867,24378,36379,33444
FBgn0016974,505,532,758,629
FBgn0029868,4591,3796,8562,7521
FBgn0043796,3127,2371,3760,3295
FBgn0028685,10816,7974,20907,19644
FBgn0026015,5884,4209,12089,11248
FBgn0031275,24,28,500,530
FBgn0031276,0,0,0,2
FBgn0040725,0,0,1,1
FBgn0031277,0,0,1,1
FBgn0041250,0,0,7,7
FBgn0031279,1,1,4,2
FBgn0051658,1193,1397,1936,1680
FBgn0031282,838,778,926,896
FBgn0015621,2534,2197,4632,3912
FBgn0010583,6692,7693,9048,9055
FBgn0020545,3445,2576,8359,6748
FBgn0031288,9,19,23,24
FBgn0031289,0,0,0,0
FBgn0002936,0,2,1,0
FBgn0002563,1,0,3,44
FBgn0046113,2,3,6,3
FBgn0003916,4,1,1,0
FBgn0031292,4,5,7,5
FBgn0020305,3294,3312,5650,5037
FBgn0029095,1740,1462,2483,2407
FBgn0031287,1131,1034,1902,1816
FBgn0020304,6505,6709,9111,9674
FBgn0031286,1546,1534,2059,1973
FBgn0031284,1998,2361,2182,1928
FBgn0031283,6,1,0,0
FBgn0031281,1696,1914,1867,1813
FBgn0000442,0,0,0,0
FBgn0026438,0,0,0,0
FBgn0040106,0,0,0,0
FBgn0004611,6250,7120,6455,6041
FBgn0053127,0,0,0,2
FBgn0000061,1,0,0,0
FBgn0003278,5940,8577,9188,9468
FBgn0002593,84050,91532,220372,198866
FBgn0031254,0,3,0,1
FBgn0031255,1,0,1,0
FBgn0004583,1099,1229,3559,3810
FBgn0031256,3919,3835,7321,6623
FBgn0031257,6,4,6,14
FBgn0027592,5160,5542,6790,6464
FBgn0003963,2654,2341,4208,4416
FBgn0031263,3198,2926,14774,11423
FBgn0031265,2160,2342,3633,3622
FBgn0031266,7687,8983,9969,10000
FBgn0031268,5016,6292,7307,5828
FBgn0023489,2,1,2,1
FBgn0010323,3,1,33,17
FBgn0013323,15,16,8,5
FBgn0031267,5179,5329,7090,6133
FBgn0021874,1678,1616,3853,3865
FBgn0031264,7,2,30,15
FBgn0005660,57,29,183,215
FBgn0031260,7477,6727,11439,10547
FBgn0010602,9111,8239,14799,13347
FBgn0043364,6734,9505,4141,4495
FBgn0031258,409,451,1064,1330
FBgn0015924,22846,30249,33536,34199
FBgn0031253,1008,1139,2451,2210
FBgn0031252,4658,4957,7324,6566
FBgn0031251,29,26,35,32
FBgn0031250,4891,6019,5984,5928
FBgn0051921,1,0,0,0
FBgn0031249,0,1,0,0
FBgn0031248,0,0,0,0
FBgn0067779,5314,7158,3959,3700
FBgn0031213,7603,11424,11515,10532
FBgn0031214,6,13,15,25
FBgn0031216,5405,8485,6784,7377
FBgn0031217,4387,4987,7200,6678
FBgn0001142,9159,10125,37206,35795
FBgn0031224,720,673,3338,2833
FBgn0031228,5835,7055,10263,7185
FBgn0031229,5735,7854,8781,8450
FBgn0031231,3413,3430,4882,4131
FBgn0031233,7687,9415,9194,8577
FBgn0031235,0,0,0,1
FBgn0031240,4,3,2,4
FBgn0003444,5942,7886,7150,7026
FBgn0031247,2008,2140,3143,2640
FBgn0024352,31473,36364,38877,35909
FBgn0020622,14817,18206,20467,20560
FBgn0017457,5670,5937,10275,8868
FBgn0025686,0,0,0,0
FBgn0031245,425,454,2471,2163
FBgn0031244,1783,2015,3006,2568
FBgn0031238,2365,2151,2857,2595
FBgn0031239,19,35,27,43
FBgn0031232,7,6,5,3
FBgn0031227,1453,2435,4414,4313
FBgn0051974,310,374,405,417
FBgn0051975,0,0,0,0
FBgn0051976,0,0,0,0
FBgn0031219,3,2,4,2
FBgn0026787,2900,3667,3830,3714
FBgn0002931,18,43,42,44
FBgn0051973,148,282,295,306
FBgn0031209,1,2,1,3
FBgn0002121,20763,30173,41450,42928
FBgn0036970,8,15,13,15
FBgn0036974,29340,37912,45919,43303
FBgn0036975,122,169,181,149
FBgn0024887,2478,2740,2810,2332
FBgn0036977,2,3,2,1
FBgn0001259,1,1,3,0
FBgn0036979,2,2,1,2
FBgn0036980,11083,12317,11581,10728
FBgn0036985,5,3,2,6
FBgn0036991,4169,5572,5102,5066
FBgn0036993,21,17,28,20
FBgn0036996,3,2,5,2
FBgn0036997,9,8,3,8
FBgn0036998,2349,2789,3709,3177
FBgn0036999,2578,3154,2940,2724
FBgn0037001,6354,4457,18260,16925
FBgn0052425,13594,13377,17163,15968
FBgn0037003,5,13,7,10
FBgn0037004,4,8,2,13
FBgn0037005,7,10,13,10
FBgn0037009,1855,2294,2265,2158
FBgn0037011,1603,1989,3270,2877
FBgn0037013,0,0,0,0
FBgn0001323,2,3,3,2
FBgn0037012,478,663,1150,997
FBgn0037010,6932,7714,10644,9716
FBgn0037008,1250,1857,2183,2004
FBgn0037007,5339,7600,5023,5730
FBgn0037000,2039,2549,748,656
FBgn0052428,8002,10457,12685,11756
FBgn0036995,8,8,4,5
FBgn0036994,6164,5952,5278,4748
FBgn0036992,2,2,1,3
FBgn0036990,3843,3761,6005,5368
FBgn0029158,2119,1977,2473,2248
FBgn0036988,2684,3400,3175,3291
FBgn0036987,1392,1284,1858,1596
FBgn0036986,33,35,43,46
FBgn0036984,5,2,10,10
FBgn0028978,4117,3585,4839,4720
FBgn0027565,4929,6107,7568,6741
FBgn0001247,5754,7476,6825,7079
FBgn0036978,1,2,0,0
FBgn0036973,1326,1555,1992,1848
FBgn0037014,0,0,0,0
FBgn0037016,2850,3548,2404,2695
FBgn0040634,313,521,891,655
FBgn0016696,12539,12669,14982,14224
FBgn0037020,3695,3927,5369,5297
FBgn0037024,6196,4163,14738,13028
FBgn0037025,5830,7506,8738,9162
FBgn0037027,13930,16438,15120,14346
FBgn0037030,8,23,12,16
FBgn0040636,20,17,22,17
FBgn0037031,1865,1937,2680,2230
FBgn0040637,0,0,0,0
FBgn0037035,0,1,0,0
FBgn0011591,856,1098,968,923
FBgn0052432,0,0,0,0
FBgn0027055,5588,6305,6605,6102
FBgn0037026,3804,3406,4630,4088
FBgn0037023,2,2,1,6
FBgn0027364,1060,1327,2030,2289
FBgn0037022,3825,4693,5342,5127
FBgn0037021,11281,11574,15813,15399
FBgn0037019,2917,4031,3720,3636
FBgn0037018,2747,2881,3739,3411
FBgn0037017,1090,1433,1675,1416
FBgn0045474,0,0,0,0
FBgn0037015,1,1,1,0
FBgn0001320,0,2,3,1
FBgn0037037,0,0,1,1
FBgn0053283,0,0,0,0
FBgn0037042,12,16,23,15
FBgn0037044,2182,1743,3240,2853
FBgn0028402,2605,2362,3518,3380
FBgn0026179,5015,4481,6285,6250
FBgn0053284,3,0,0,0
FBgn0037050,13,3,9,9
FBgn0037057,321,290,849,832
FBgn0037060,65,75,12,13
FBgn0028427,4078,4320,5563,5035
FBgn0004865,61,35,250,292
FBgn0037061,1420,1905,2026,1770
FBgn0037059,0,0,0,0
FBgn0053056,1352,1697,2288,2438
FBgn0053054,478,576,1079,961
FBgn0041100,576,595,844,781
FBgn0024150,124,170,48,84
FBgn0037051,17740,17048,24661,23322
FBgn0020294,276,302,546,800
FBgn0053285,2,0,2,0
FBgn0037045,1912,2426,2439,2000
FBgn0003415,21355,24453,23838,24562
FBgn0053286,1,0,0,0
FBgn0053287,0,0,0,0
FBgn0037040,2,0,0,0
FBgn0037039,0,0,0,0
FBgn0037038,0,0,0,0
FBgn0037036,0,0,0,0
FBgn0037068,6,3,14,5
FBgn0037069,0,0,0,0
FBgn0037071,2408,3127,2604,2487
FBgn0037073,11306,13298,15727,15368
FBgn0052436,81,78,78,62
FBgn0052437,0,0,0,0
FBgn0052440,0,0,0,0
FBgn0053288,1,8,6,5
FBgn0005694,12389,14098,16305,16421
FBgn0037087,2972,2834,3701,3224
FBgn0037090,1,2,13,8
FBgn0037092,837,1029,1686,1749
FBgn0037093,9133,9465,10738,10832
FBgn0037094,8594,8707,12945,13041
FBgn0053289,0,1,0,0
FBgn0015283,13483,12146,28213,26729
FBgn0028663,8984,11155,16320,12648
FBgn0053290,0,0,1,0
FBgn0037101,0,0,0,0
FBgn0052438,7015,9718,8981,9070
FBgn0052441,4086,4269,7560,6633
FBgn0037102,2339,2573,3771,3442
FBgn0037099,1,0,0,0
FBgn0037098,9259,9582,9504,10311
FBgn0029152,14320,17739,25546,23914
FBgn0026371,3299,4412,3853,3606
FBgn0015239,6330,7058,9623,9015
FBgn0037086,1,5,1,0
FBgn0037085,13,14,8,4
FBgn0014143,5,4,11,5
FBgn0037082,3178,3814,4275,4152
FBgn0037081,6535,7969,9723,9224
FBgn0002842,0,0,0,0
FBgn0037078,11,5,14,15
FBgn0037076,1366,1861,2598,2384
FBgn0037074,10798,13226,12844,12759
FBgn0003042,2960,2990,3470,3362
FBgn0037070,2292,2755,4794,4591
FBgn0037067,1,0,0,0
FBgn0037065,19,15,39,29
FBgn0027945,2752,3431,3587,3383
FBgn0037064,11,11,4,1
FBgn0037063,3416,3191,4843,4447
FBgn0037106,4062,5239,3704,3697
FBgn0037108,4968,6222,6690,6382
FBgn0037110,1789,1707,2523,2212
FBgn0043783,40,30,68,48
FBgn0052445,2,0,0,2
FBgn0052446,4607,5026,8910,7668
FBgn0037115,2,1,1,0
FBgn0037117,4506,5849,5264,5181
FBgn0037121,2053,2212,4628,4170
FBgn0037125,0,0,0,0
FBgn0037128,3,5,11,5
FBgn0037131,0,0,0,0
FBgn0037133,1,1,1,0
FBgn0000560,0,0,0,0
FBgn0022936,3396,4169,3882,3241
FBgn0037134,1775,1557,3711,3524
FBgn0037135,29202,24722,57804,56317
FBgn0037139,0,0,1,0
FBgn0037138,10658,12003,14900,15273
FBgn0046301,1627,1661,2200,2018
FBgn0052448,233,255,664,414
FBgn0037130,611,658,268,343
FBgn0037129,0,0,0,1
FBgn0037127,1,0,0,0
FBgn0037126,0,2,3,5
FBgn0037124,0,0,0,0
FBgn0037123,1,0,0,0
FBgn0037122,0,0,1,0
FBgn0037120,4909,5878,6553,6356
FBgn0052447,5,3,1,2
FBgn0037116,5463,5745,5570,5164
FBgn0037114,6,4,9,13
FBgn0037109,10017,8951,13262,12965
FBgn0037107,2,1,4,3
FBgn0037105,1413,1919,2243,2347
FBgn0037140,7,7,16,10
FBgn0037142,5075,6215,4924,4930
FBgn0037143,4,10,7,3
FBgn0037144,3997,3858,6185,5892
FBgn0029091,4,1,2,1
FBgn0037146,27,18,12,33
FBgn0000045,3,2,6,6
FBgn0004514,454,421,56,44
FBgn0037149,1160,975,1869,1703
FBgn0000100,76250,60195,187419,180476
FBgn0004414,0,0,0,0
FBgn0037151,773,764,946,934
FBgn0037150,3547,4757,5186,5026
FBgn0027532,8220,8642,7462,7212
FBgn0037147,1,2,0,0
FBgn0037141,6491,7988,6556,6499
FBgn0052449,0,0,0,0
FBgn0015075,3802,3251,6967,6872
FBgn0004179,12457,14971,16968,16755
FBgn0025702,1822,1616,1252,925
FBgn0027086,28924,40257,35911,37533
FBgn0052450,1,0,0,0
FBgn0037162,0,0,0,0
FBgn0037164,19,7,51,65
FBgn0037165,0,1,1,0
FBgn0037166,169,197,283,328
FBgn0037167,0,2,2,4
FBgn0037163,540,527,3765,3895
FBgn0004449,2784,2965,3553,3426
FBgn0011771,5737,7159,5015,5168
FBgn0037156,3953,3706,6367,5502
FBgn0028500,7406,7609,7417,7478
FBgn0037169,0,3,0,0
FBgn0037170,0,0,0,0
FBgn0037172,0,0,0,0
FBgn0037174,0,0,1,0
FBgn0037176,0,0,0,0
FBgn0037179,0,0,0,0
FBgn0037180,0,0,0,0
FBgn0052453,0,0,0,0
FBgn0037181,0,0,0,0
FBgn0052452,4950,5408,5742,5523
FBgn0037185,3907,4651,5446,4964
FBgn0260481,24,22,20,35
FBgn0037188,6445,7408,6884,6723
FBgn0052451,14407,15770,17758,17597
FBgn0037191,0,1,0,0
FBgn0010830,5311,4673,8164,7265
FBgn0037186,159,149,1607,1294
FBgn0037184,2472,2733,2497,2272
FBgn0037183,19,20,20,14
FBgn0037182,8096,8035,11251,10953
FBgn0037178,0,0,0,0
FBgn0037177,0,0,0,0
FBgn0037175,0,0,0,0
FBgn0037171,0,0,0,0
FBgn0037195,1,1,3,0
FBgn0037197,1,0,0,0
FBgn0053169,823,900,819,537
FBgn0037200,2308,2410,3810,3233
FBgn0037202,3250,2943,4893,4527
FBgn0037203,2198,1980,9094,7775
FBgn0037204,19,11,21,8
FBgn0037205,4487,5568,5827,5416
FBgn0037206,119,96,144,170
FBgn0037207,5113,5288,8985,8828
FBgn0052457,0,0,0,0
FBgn0052461,0,0,0,0
FBgn0044324,18111,20042,20816,19715
FBgn0010348,27578,35784,47004,43382
FBgn0020518,0,1,5,7
FBgn0037199,5252,4855,8854,6953
FBgn0052459,3,4,2,2
FBgn0052462,0,0,0,0
FBgn0052460,1,0,0,0
FBgn0037397,0,1,0,0
FBgn0046878,3,1,4,4
FBgn0037402,0,1,0,0
FBgn0037405,4205,1379,9394,6589
FBgn0037406,0,0,0,0
FBgn0051562,0,0,0,0
FBgn0037408,6,4,10,7
FBgn0037409,0,6,5,4
FBgn0037410,45,29,183,227
FBgn0037411,0,0,0,0
FBgn0037413,0,0,0,0
FBgn0027527,0,0,0,0
FBgn0037414,0,0,0,0
FBgn0037415,8,8,22,18
FBgn0037416,1,2,6,16
FBgn0037417,0,0,0,0
FBgn0037419,0,0,0,1
FBgn0037421,0,0,0,1
FBgn0037422,0,0,1,0
FBgn0040279,0,0,0,0
FBgn0037424,0,2,1,1
FBgn0051561,0,0,0,0
FBgn0051560,0,0,0,0
FBgn0037427,7,9,1,6
FBgn0037428,2,0,0,0
FBgn0037420,0,0,0,0
FBgn0037418,0,0,0,0
FBgn0037412,0,0,0,0
FBgn0051559,16,8,68,53
FBgn0046875,0,0,0,0
FBgn0046876,0,1,0,1
FBgn0026077,43,60,93,121
FBgn0037399,0,0,0,0
FBgn0037398,0,0,0,0
FBgn0037396,0,2,5,0
FBgn0037374,6504,8127,10607,9592
FBgn0037375,9,1,4,5
FBgn0028690,24221,26845,32215,30960
FBgn0037377,5553,5955,9023,7760
FBgn0037379,10432,11258,11383,10460
FBgn0037384,5559,7118,7824,7295
FBgn0037386,21,5,6,4
FBgn0037387,20,7,51,38
FBgn0037388,0,0,0,0
FBgn0037389,0,0,0,0
FBgn0028436,2015,1786,2682,2331
FBgn0037395,1,0,2,3
FBgn0003261,57885,62905,99229,103059
FBgn0010403,0,0,2,1
FBgn0011281,0,0,1,0
FBgn0040679,0,0,0,0
FBgn0037391,924,971,1371,1385
FBgn0029088,6004,7409,6113,5993
FBgn0037383,1480,1316,1802,1631
FBgn0037382,3799,4499,4334,4162
FBgn0037378,3545,3587,5841,4945
FBgn0037376,9416,11138,14905,14013
FBgn0037372,4011,4999,7496,6846
FBgn0037329,1727,1188,3316,3090
FBgn0011715,417,313,10738,8972
FBgn0037332,3723,4163,4702,4715
FBgn0051550,3175,2885,4170,3987
FBgn0010051,5700,6592,7064,7424
FBgn0037338,5971,7551,6417,6001
FBgn0037341,2655,2660,3863,3449
FBgn0041191,6050,7574,8689,8292
FBgn0037345,619,800,1013,802
FBgn0037347,2768,3577,3683,3498
FBgn0019637,5245,4249,10127,9280
FBgn0037351,43754,27037,148867,137039
FBgn0051551,17,13,7,7
FBgn0051549,4091,3002,11586,8656
FBgn0037354,2931,2352,8332,6916
FBgn0037356,1334,868,3991,3485
FBgn0037359,1924,2168,2159,1876
FBgn0046222,6568,5715,11039,10321
FBgn0037363,11027,11786,12600,12998
FBgn0037368,3581,3925,4322,3604
FBgn0037370,4432,4297,7499,6772
FBgn0027497,3817,3275,6204,5754
FBgn0037371,7961,9751,8442,8314
FBgn0037369,3789,4707,5420,5197
FBgn0004878,79,75,105,103
FBgn0037365,2,5,0,2
FBgn0037364,7346,8989,7973,7377
FBgn0010772,3920,4178,6034,5665
FBgn0037360,19292,18763,25400,23637
FBgn0037358,7728,8533,16459,14590
FBgn0027951,13566,14618,17770,17066
FBgn0051548,2769,2112,6187,5978
FBgn0051546,20,23,8,6
FBgn0044823,3188,4100,4728,4662
FBgn0037350,711,759,1084,911
FBgn0017550,13063,12815,21890,21233
FBgn0014366,5220,4930,7226,6685
FBgn0037344,15990,17492,16968,17099
FBgn0037342,2259,1658,3430,2978
FBgn0037340,836,841,1471,1205
FBgn0037339,7557,8177,10495,10670
FBgn0037336,10027,11293,13232,13312
FBgn0010399,6,6,3,6
FBgn0051547,135,115,120,125
FBgn0015402,4173,3769,5275,4971
FBgn0025825,0,0,0,0
FBgn0037330,2736,2324,5397,4821
FBgn0037328,26235,16100,116261,104402
FBgn0037327,11655,12100,10772,10596
FBgn0037295,0,0,0,0
FBgn0037294,0,0,0,0
FBgn0037297,2304,1916,2730,2459
FBgn0037299,1958,1766,3432,2900
FBgn0037301,4562,4916,5285,4953
FBgn0037304,42,38,85,64
FBgn0037310,9,4,16,19
FBgn0051542,0,0,0,0
FBgn0003275,1905,1741,5723,4310
FBgn0011965,0,0,0,0
FBgn0037325,0,0,0,0
FBgn0037324,0,0,0,0
FBgn0037323,0,0,1,1
FBgn0037322,0,0,0,0
FBgn0001311,104,129,15,19
FBgn0037320,0,1,0,0
FBgn0037315,7527,7637,11125,11250
FBgn0037312,1979,1519,5356,4502
FBgn0051538,8,9,35,26
FBgn0037307,2,0,0,0
FBgn0037305,2800,3284,5389,4395
FBgn0260462,15585,14893,24709,23676
FBgn0053293,12,8,16,23
FBgn0040208,6188,6021,9455,9418
FBgn0037298,5149,4334,12900,11855
FBgn0037296,15,10,15,13
FBgn0004913,18822,21080,23483,23308
FBgn0037290,546,284,851,714
FBgn0037293,1997,2129,2332,2284
FBgn0040684,0,0,0,0
FBgn0010313,2076,2542,14255,13678
FBgn0037292,6,2,3,3
FBgn0037291,3,2,1,1
FBgn0037288,4,12,8,5
FBgn0004436,8519,11562,10542,9802
FBgn0004183,121,172,77,36
FBgn0020280,0,0,0,0
FBgn0037262,3475,3909,4876,4596
FBgn0037263,802,848,1203,1142
FBgn0022981,18462,22882,26446,24950
FBgn0037265,1437,1632,1925,2281
FBgn0010750,4928,4482,9941,9347
FBgn0037279,2964,3800,4272,4515
FBgn0037280,0,1,3,3
FBgn0037284,0,0,0,0
FBgn0037283,0,0,0,0
FBgn0037282,4002,4448,5917,5881
FBgn0026417,891,1120,1080,986
FBgn0037276,2,2,9,5
FBgn0037275,23,16,11,19
FBgn0027570,2669,2010,7411,9873
FBgn0037270,12759,8927,28939,26779
FBgn0040466,2312,2964,2650,2130
FBgn0037261,7217,8083,15340,13849
FBgn0052945,0,0,0,0
FBgn0027930,1180,1297,1070,964
FBgn0037232,2568,3057,2242,2288
FBgn0040687,1,1,2,0
FBgn0037235,9020,10132,10997,10014
FBgn0037238,11,7,28,31
FBgn0037239,4399,4173,6022,5689
FBgn0037240,11307,14611,10131,10525
FBgn0003882,7223,9271,8100,7777
FBgn0037241,2252,2677,2278,2223
FBgn0037244,3372,4009,4554,4016
FBgn0051528,6,0,5,3
FBgn0051525,3,0,0,0
FBgn0037250,5110,6430,6592,5975
FBgn0037252,7391,7961,6575,6253
FBgn0037254,6,11,0,3
FBgn0037255,5139,4867,10377,9543
FBgn0051526,0,0,0,0
FBgn0037260,1,0,1,6
FBgn0051523,12069,15742,16198,15518
FBgn0051522,1299,1505,4116,4714
FBgn0037251,1008,978,1682,1382
FBgn0037249,32739,33086,63045,60341
FBgn0037248,34846,45740,41052,41954
FBgn0052944,8,2,5,6
FBgn0037242,5061,5500,7524,6873
FBgn0037236,7953,9599,9178,8228
FBgn0037231,3357,4034,5420,4743
FBgn0037230,6,2,5,8
FBgn0037213,1004,1171,2478,2649
FBgn0037215,3863,3537,10871,10484
FBgn0037218,9524,10970,9901,9588
FBgn0015331,1875,1920,2144,2049
FBgn0010225,1945,1935,4086,3953
FBgn0037223,3,0,2,1
FBgn0037224,0,0,0,0
FBgn0037227,2,4,41,28
FBgn0041621,0,3,0,0
FBgn0037228,5,18,12,13
FBgn0037229,13,15,10,7
FBgn0037225,6,5,0,5
FBgn0037220,7695,8196,9865,9025
FBgn0051516,1,1,0,1
FBgn0037217,44,39,88,117
FBgn0000500,0,0,0,0
FBgn0031670,7240,8380,10689,8893
FBgn0000299,4807,4306,18914,21248
FBgn0260470,0,0,0,0
FBgn0031676,3995,4760,3587,3403
FBgn0031682,4483,3383,6629,5749
FBgn0031683,2248,2627,2712,2837
FBgn0031684,2542,2605,3999,3165
FBgn0031681,7830,8382,11587,13903
FBgn0028694,16911,15558,28984,26110
FBgn0031678,3286,4429,2912,2780
FBgn0031677,5941,7883,11577,8286
FBgn0022023,19320,17321,34318,32012
FBgn0031675,60,62,77,50
FBgn0031673,4517,5426,6568,6056
FBgn0016075,3375,2905,12934,15600
FBgn0031668,0,0,0,0
FBgn0053113,16367,17976,25415,26469
FBgn0051971,1,0,0,0
FBgn0046776,6038,8354,5737,5035
FBgn0031693,4,9,3,2
FBgn0031694,4,8,2,1
FBgn0031695,29,31,15,14
FBgn0031696,5515,5641,6184,6127
FBgn0016076,489,606,819,898
FBgn0015031,3988,3238,8239,6954
FBgn0031701,0,1,0,2
FBgn0016920,1,13,1,2
FBgn0016660,56,81,111,166
FBgn0031703,1902,2160,1629,1458
FBgn0031702,0,1,1,2
FBgn0031700,4,1,3,4
FBgn0031698,9555,10030,11017,11369
FBgn0031697,2,1,2,1
FBgn0000228,6272,6531,8127,8040
FBgn0003716,7017,7922,9417,9242
FBgn0051914,0,0,0,0
FBgn0031707,0,0,0,0
FBgn0000318,4983,4690,10329,8179
FBgn0031711,5668,4571,9596,8789
FBgn0051989,1224,1453,1494,1439
FBgn0051648,2138,2248,2492,2060
FBgn0051915,3004,3650,2961,2719
FBgn0002525,13842,13517,26063,25019
FBgn0031717,216,286,569,545
FBgn0031719,0,0,0,0
FBgn0031721,1,0,0,0
FBgn0004620,13,19,32,23
FBgn0041719,0,2,0,0
FBgn0031724,4,2,0,0
FBgn0031728,2,0,11,12
FBgn0031729,0,2,0,0
FBgn0051646,0,1,0,0
FBgn0031725,0,0,1,0
FBgn0031723,1,0,1,0
FBgn0031722,0,0,0,0
FBgn0031720,0,0,0,0
FBgn0031718,0,1,0,0
FBgn0014189,20908,21061,28998,26915
FBgn0031716,2,1,1,3
FBgn0031715,14,12,34,35
FBgn0031713,2381,1707,4769,4153
FBgn0031710,2976,3941,3542,3562
FBgn0031708,1106,1078,1555,1386
FBgn0051647,0,0,0,0
FBgn0031730,1,0,7,8
FBgn0024191,1835,1272,3076,2710
FBgn0031736,4771,5048,5925,5866
FBgn0031735,3,2,3,10
FBgn0051912,4,5,0,0
FBgn0051913,0,0,0,0
FBgn0031740,1892,1587,2703,2362
FBgn0031741,2196,1904,1888,1753
FBgn0031746,0,0,0,0
FBgn0043362,782,841,511,599
FBgn0015381,0,0,0,1
FBgn0001128,11529,11510,20723,20278
FBgn0031752,3415,4172,3429,3610
FBgn0031753,2,5,5,6
FBgn0031751,0,0,0,0
FBgn0031749,0,0,1,0
FBgn0031747,0,1,2,1
FBgn0002855,4,6,2,7
FBgn0002856,1,7,4,4
FBgn0031745,283,353,719,808
FBgn0051644,1,0,0,0
FBgn0031739,3359,3129,4441,3881
FBgn0031738,4122,5121,5701,5374
FBgn0031737,6,6,10,9
FBgn0031734,696,898,1954,3155
FBgn0031733,0,0,0,1
FBgn0031732,3,0,1,0
FBgn0031731,0,0,0,0
FBgn0003980,10710,5104,79491,67914
FBgn0031757,15,17,40,46
FBgn0031758,1,0,0,0
FBgn0001942,102808,108048,203904,197711
FBgn0001941,11382,12979,14401,13941
FBgn0031760,344,478,997,1032
FBgn0031763,2,1,0,0
FBgn0051643,2294,2856,2255,2023
FBgn0031768,2103,1712,2913,2769
FBgn0031769,19997,21575,35264,33483
FBgn0031770,0,2,11,9
FBgn0031772,1090,1040,1721,1360
FBgn0031774,1100,1101,1805,1636
FBgn0031776,3504,5352,8305,6323
FBgn0051642,36,69,48,74
FBgn0031784,4,2,0,1
FBgn0031785,0,0,0,0
FBgn0040950,1,0,0,2
FBgn0031786,1,1,0,0
FBgn0051639,0,1,0,0
FBgn0031782,2376,1942,4703,4140
FBgn0031779,2264,2182,4197,3945
FBgn0031777,372,437,876,830
FBgn0031775,4,3,5,2
FBgn0031773,2239,2516,2240,2131
FBgn0031771,7958,6735,17521,16017
FBgn0029161,217,248,134,138
FBgn0000052,10661,10586,9224,9090
FBgn0031766,539,485,1733,1475
FBgn0025742,3278,2850,4803,4654
FBgn0031764,2135,1799,2950,2753
FBgn0001170,1,0,0,0
FBgn0001089,40,20,61,76
FBgn0031759,18394,18210,20804,21577
FBgn0000308,30787,38862,51765,48060
FBgn0031756,1253,1369,3186,3412
FBgn0003979,31091,17211,197492,197412
FBgn0040949,100,99,243,170
FBgn0026755,0,0,0,0
FBgn0031791,0,2,17,4
FBgn0260452,0,0,0,0
FBgn0015623,13125,12632,17794,16680
FBgn0031803,0,0,0,0
FBgn0031805,30,54,286,432
FBgn0043854,3756,2939,3856,3824
FBgn0031808,0,0,0,0
FBgn0031811,153,130,226,184
FBgn0031815,4901,5086,8276,7899
FBgn0031820,14399,16577,13191,13213
FBgn0027496,3241,2739,7675,6605
FBgn0051638,2510,2661,3108,2835
FBgn0031824,2482,2235,3854,3379
FBgn0031822,1987,2027,2624,2110
FBgn0031821,80,106,56,63
FBgn0031818,2863,2242,4761,4441
FBgn0031817,661,635,946,907
FBgn0031816,470,452,710,646
FBgn0031814,1347,1287,4101,3854
FBgn0011722,31,17,46,54
FBgn0031804,0,0,0,0
FBgn0031801,63,28,101,172
FBgn0031800,1,2,4,11
FBgn0031799,6765,6725,6947,6807
FBgn0031792,0,0,0,0
FBgn0031826,2,2,0,1
FBgn0051637,2257,2337,3565,3473
FBgn0031830,7293,6505,14239,12031
FBgn0031831,5,6,2,2
FBgn0031836,8890,9265,11863,11225
FBgn0031842,9822,11216,14597,14725
FBgn0028467,7169,7405,7788,7283
FBgn0000392,0,0,0,0
FBgn0031851,4032,4638,6393,6239
FBgn0046704,5892,5788,8407,8381
FBgn0031853,2,1,0,0
FBgn0031855,8,8,9,6
FBgn0051910,0,0,0,0
FBgn0031854,0,1,0,0
FBgn0025777,8812,9297,14567,13392
FBgn0025595,5,0,3,0
FBgn0031850,2,7,2,3
FBgn0031849,16,17,17,15
FBgn0028703,7733,9127,11447,11682
FBgn0031848,1890,1876,2384,2036
FBgn0000351,5266,5089,8953,8289
FBgn0028990,3383,2945,5808,5204
FBgn0031844,30,41,40,35
FBgn0051636,2,4,0,2
FBgn0051633,1469,2151,1596,1476
FBgn0051635,7678,8348,10702,11235
FBgn0051634,2,3,2,0
FBgn0031837,60,71,93,124
FBgn0031834,2435,3084,2636,2405
FBgn0031832,2241,2455,3398,3066
FBgn0031829,19,19,49,34
FBgn0031858,3,1,0,2
FBgn0051631,0,0,0,0
FBgn0031860,1,1,2,0
FBgn0051632,0,0,0,1
FBgn0017551,7751,6511,10799,9857
FBgn0031866,7,9,7,10
FBgn0031868,7368,8235,9017,9128
FBgn0004838,86109,109090,155073,158437
FBgn0020616,5754,7070,6372,6150
FBgn0031875,7215,7662,8332,7700
FBgn0031877,517,467,948,894
FBgn0021944,4191,2960,8651,7339
FBgn0031879,3,2,4,2
FBgn0016978,4427,4354,8930,7574
FBgn0031878,4944,5839,10290,9773
FBgn0031876,1083,1371,1255,1120
FBgn0031874,742,1007,1390,1338
FBgn0031873,1225,1696,2133,1682
FBgn0031872,3007,2893,2191,2009
FBgn0031871,4595,5087,5745,5090
FBgn0031869,93,78,108,148
FBgn0028554,10114,11667,21156,17825
FBgn0026196,18217,19716,33785,34262
FBgn0052829,33,19,26,33
FBgn0011737,4789,4836,5515,5013
FBgn0042092,3994,4904,5909,5321
FBgn0031865,1806,1400,2265,2163
FBgn0031861,0,4,0,0
FBgn0042189,6,1,0,0
FBgn0015776,4418,4744,24443,23551
FBgn0031857,27,21,33,29
FBgn0031856,0,1,0,0
FBgn0003046,1,3,4,1
FBgn0031881,1768,2053,2063,1853
FBgn0031885,7894,9444,9291,9238
FBgn0031887,0,0,2,1
FBgn0031893,4185,5303,5444,4884
FBgn0051909,0,0,2,0
FBgn0031900,145,128,221,229
FBgn0031897,8777,10843,10451,10351
FBgn0031896,8900,10069,12676,12445
FBgn0031895,5386,5663,6994,6946
FBgn0031894,821,966,1070,961
FBgn0031888,8,6,9,11
FBgn0031886,2853,3582,4766,4316
FBgn0051907,4,3,0,0
FBgn0031882,2378,3050,3553,3232
FBgn0051908,5944,6189,8752,8390
FBgn0031902,15,9,6,4
FBgn0031903,0,0,0,0
FBgn0002938,0,0,0,0
FBgn0031905,3,1,0,0
FBgn0031907,36,94,70,94
FBgn0031908,69,75,224,186
FBgn0031910,1,0,1,3
FBgn0028387,5150,5806,5226,5067
FBgn0031914,2890,3321,8571,9582
FBgn0031918,136,75,267,245
FBgn0031920,1,0,0,0
FBgn0011283,0,0,0,1
FBgn0045495,0,1,0,0
FBgn0041247,0,0,0,0
FBgn0025697,43,64,52,66
FBgn0031913,8325,8713,14923,22847
FBgn0031909,1662,1856,2952,2511
FBgn0031906,14,17,47,55
FBgn0031904,5741,7667,8776,8177
FBgn0083141,0,0,2,0
FBgn0031925,0,0,0,0
FBgn0031926,55,65,105,166
FBgn0040299,46,68,15,46
FBgn0041181,35,42,34,45
FBgn0031941,0,0,0,0
FBgn0003961,0,0,0,0
FBgn0031946,2,0,0,0
FBgn0031947,9422,11352,12386,11465
FBgn0031951,4019,5028,5824,5041
FBgn0031952,4858,5034,4605,4719
FBgn0031950,4791,4982,4753,4580
FBgn0025687,63,54,95,96
FBgn0031948,1501,2109,792,773
FBgn0031942,0,0,0,0
FBgn0031940,4,7,23,27
FBgn0014454,0,0,0,0
FBgn0031939,263,374,320,351
FBgn0031937,5,7,4,5
FBgn0031936,1,3,2,0
FBgn0031935,12,5,14,6
FBgn0053296,11,5,2,6
FBgn0041182,568,734,5917,5943
FBgn0031929,0,0,0,1
FBgn0027515,9433,11160,11524,11012
FBgn0004177,32071,39158,66039,63652
FBgn0031954,1,0,0,0
FBgn0011861,0,0,0,0
FBgn0031968,1590,1773,1984,1717
FBgn0031975,1199,1047,1725,1480
FBgn0031977,6489,7786,12950,10245
FBgn0044323,7813,7174,11218,11392
FBgn0031979,401,331,552,485
FBgn0031981,2977,3215,3554,3684
FBgn0010287,1050,831,1262,1101
FBgn0013531,1500,1557,2314,1862
FBgn0011230,30266,34269,41314,44620
FBgn0031980,64597,61329,109927,87712
FBgn0031976,2,1,4,2
FBgn0031974,1392,1954,2202,2030
FBgn0031973,82,72,138,147
FBgn0031972,1321,1283,1570,1551
FBgn0031970,24,11,35,47
FBgn0031969,16296,18259,21103,20813
FBgn0053121,1,0,0,1
FBgn0051902,0,0,0,1
FBgn0031961,92,137,356,269
FBgn0031959,6,4,17,15
FBgn0045038,2,6,6,3
FBgn0031957,0,0,2,1
FBgn0031955,38,71,70,67
FBgn0020618,88636,59648,238008,230948
FBgn0031986,1,0,0,1
FBgn0031988,7844,9040,9408,8758
FBgn0051606,2,3,2,4
FBgn0031996,4010,4671,5421,4988
FBgn0031997,2183,2699,2960,2377
FBgn0031999,782,887,363,323
FBgn0015299,3262,4347,9299,7052
FBgn0032002,303,384,365,317
FBgn0032003,0,1,1,0
FBgn0032008,0,0,1,0
FBgn0011902,0,0,0,0
FBgn0032013,20,31,44,37
FBgn0032014,29721,35659,42826,34736
FBgn0032016,2639,3190,3026,2605
FBgn0032018,5938,7246,5963,6180
FBgn0032020,2410,2763,3983,3065
FBgn0032022,152,144,410,366
FBgn0032024,0,0,0,0
FBgn0032025,243,177,847,746
FBgn0051901,0,3,3,2
FBgn0032026,41447,46494,53791,52415
FBgn0032021,181,281,688,664
FBgn0032017,1426,2060,1669,1628
FBgn0032015,4554,5234,6375,5866
FBgn0003502,12434,13844,16556,16386
FBgn0032010,28,28,35,58
FBgn0028987,0,0,0,0
FBgn0032006,1168,1451,1855,2214
FBgn0032005,7424,8423,12172,11599
FBgn0032004,19,29,17,12
FBgn0032000,2420,2464,4072,3563
FBgn0003607,14587,16915,24089,20637
FBgn0031998,4267,5778,2867,3820
FBgn0031992,3091,3590,5599,4356
FBgn0031990,7747,8614,8304,8734
FBgn0031987,3125,3052,5029,4407
FBgn0031985,4850,5746,4780,5050
FBgn0032029,3396,3993,5556,4977
FBgn0032030,2914,3028,3626,3386
FBgn0032032,591,1031,1218,1143
FBgn0032034,4287,5088,6044,4882
FBgn0032036,4444,6639,5773,8702
FBgn0041717,6,18,0,0
FBgn0032039,1,0,1,0
FBgn0032040,0,1,0,0
FBgn0051898,940,1620,1180,1061
FBgn0020497,22957,30882,28069,28990
FBgn0027932,25603,26352,45029,46834
FBgn0051897,402,551,472,448
FBgn0029173,4936,5434,4669,4222
FBgn0053194,1,2,6,2
FBgn0051896,0,0,0,0
FBgn0032047,1399,1659,1672,1591
FBgn0032052,4947,6181,6025,5542
FBgn0032054,2407,2343,3147,2928
FBgn0032055,23,10,28,57
FBgn0016122,10974,9828,19165,19688
FBgn0028394,722,914,2282,2154
FBgn0051603,0,0,0,0
FBgn0011259,1253,1510,3226,3441
FBgn0051895,0,0,0,0
FBgn0051602,0,0,0,0
FBgn0051604,0,0,0,0
FBgn0032053,1431,1298,3028,2554
FBgn0032051,7727,8998,11565,11090
FBgn0032050,13375,14155,20738,20142
FBgn0032048,3,1,0,0
FBgn0032049,0,0,0,0
FBgn0051892,0,0,0,0
FBgn0026718,7189,9326,6922,6179
FBgn0027490,4251,4771,4266,3970
FBgn0001137,1408,1383,1839,1757
FBgn0032042,3524,4240,3286,3016
FBgn0014417,5173,5673,7225,6385
FBgn0001084,939,1042,829,759
FBgn0040959,2,2,8,1
FBgn0040958,8,9,23,15
FBgn0040098,0,0,0,0
FBgn0015583,0,0,0,0
FBgn0032033,1793,1990,1726,1582
FBgn0032031,790,807,1504,1572
FBgn0001114,6,13,20,30
FBgn0051889,0,0,0,0
FBgn0051890,0,0,0,0
FBgn0032061,40,57,22,21
FBgn0032065,0,0,0,0
FBgn0029123,1,0,0,2
FBgn0052986,0,0,0,0
FBgn0052987,0,0,0,0
FBgn0052988,0,0,0,0
FBgn0052983,0,0,0,0
FBgn0032072,0,1,0,0
FBgn0032069,0,0,0,0
FBgn0032068,0,0,0,0
FBgn0032067,2,0,0,0
FBgn0032066,0,0,0,0
FBgn0003209,5514,5423,4900,4983
FBgn0004914,6237,6702,5749,5894
FBgn0032059,2305,2358,3064,2819
FBgn0032058,5,0,9,5
FBgn0051888,0,0,0,0
FBgn0032057,0,0,1,0
FBgn0032074,11,11,5,21
FBgn0032075,31,28,79,68
FBgn0052985,3,6,3,0
FBgn0052984,0,2,2,2
FBgn0032082,648,719,1569,1556
FBgn0040963,1,0,0,0
FBgn0032085,2,1,9,6
FBgn0032086,1,2,0,2
FBgn0040964,755,804,1097,929
FBgn0015316,57,64,98,76
FBgn0032087,0,2,0,0
FBgn0032088,0,0,0,0
FBgn0032094,0,0,0,0
FBgn0032095,0,0,0,0
FBgn0051609,0,0,0,0
FBgn0032096,0,0,0,0
FBgn0052982,115,87,180,265
FBgn0032100,0,1,0,0
FBgn0032101,3314,4148,6970,6096
FBgn0051708,1,0,0,0
FBgn0032090,0,0,0,0
FBgn0032089,21,17,20,13
FBgn0013746,7856,10730,11894,11238
FBgn0011705,4772,6102,15411,14863
FBgn0032084,2196,2943,2324,1873
FBgn0032083,8,4,2,7
FBgn0032080,0,0,0,0
FBgn0032079,505,522,2145,2088
FBgn0032078,5821,5398,9077,8480
FBgn0041092,1845,1934,3136,3924
FBgn0032109,0,0,0,0
FBgn0010314,6694,8511,10130,9351
FBgn0026439,377,132,790,616
FBgn0032110,1,0,0,0
FBgn0032111,1,0,0,0
FBgn0012036,16608,14384,51918,48909
FBgn0032116,254,270,600,421
FBgn0011232,7274,7993,7826,7199
FBgn0032119,4,4,4,4
FBgn0032115,0,0,0,0
FBgn0032105,6559,6248,11227,10134
FBgn0032104,1,0,0,1
FBgn0051885,0,0,0,0
FBgn0002973,3585,3798,6231,6128
FBgn0032123,11637,15262,9416,9415
FBgn0032122,0,3,7,0
FBgn0032124,58,36,73,59
FBgn0032125,14,3,18,27
FBgn0032126,2272,1286,6282,4779
FBgn0032127,44046,17575,61773,52988
FBgn0032131,0,0,0,0
FBgn0019809,0,0,1,0
FBgn0040070,19205,19926,22973,17559
FBgn0032135,4095,4893,4761,4530
FBgn0032136,17,6,12,12
FBgn0053299,0,0,0,0
FBgn0015393,13814,12700,29752,24047
FBgn0011207,7521,7669,10607,9782
FBgn0032138,19116,20060,30189,29161
FBgn0051710,204,216,383,389
FBgn0000273,9979,11967,17073,17702
FBgn0051882,1,0,3,2
FBgn0032132,0,0,0,0
FBgn0014179,0,0,0,0
FBgn0051709,1,2,0,0
FBgn0028479,18595,15752,38488,36211
FBgn0032129,99,97,277,303
FBgn0004868,30921,32275,61976,54169
FBgn0032139,33,29,28,27
FBgn0032140,791,401,2226,1548
FBgn0032143,2,8,0,1
FBgn0032144,1,2,4,2
FBgn0032147,3452,3067,1151,1113
FBgn0032149,719,828,1728,1478
FBgn0032169,2192,2366,2936,2544
FBgn0032170,7981,7591,11229,10346
FBgn0032172,7035,7133,8427,8178
FBgn0032171,829,568,2004,1639
FBgn0032168,3150,3524,3549,3413
FBgn0063449,1072,1661,1800,1475
FBgn0025881,28,55,37,21
FBgn0063389,9,9,24,34
FBgn0063392,14,34,48,52
FBgn0063391,18,39,105,140
FBgn0032150,761,847,1135,1113
FBgn0042174,8389,10542,61567,54991
FBgn0011291,1261,1173,2615,2156
FBgn0015035,0,1,0,0
FBgn0028704,7,11,13,19
FBgn0000180,145,145,362,384
FBgn0043456,17833,19236,23032,23346
FBgn0011584,5795,7539,10467,10417
FBgn0032176,0,0,0,0
FBgn0027600,61,104,102,91
FBgn0053302,0,0,0,0
FBgn0032178,5,25,13,19
FBgn0032187,439,325,399,485
FBgn0032188,0,0,0,0
FBgn0005593,100973,77526,201289,188354
FBgn0032194,7844,9797,10444,9853
FBgn0032195,2063,2547,2867,2560
FBgn0032198,24976,33298,55544,49387
FBgn0032197,11226,18304,21432,21025
FBgn0032196,5552,8906,10595,9098
FBgn0024320,4804,6867,8405,9750
FBgn0032193,866,1323,2127,1702
FBgn0032192,9,12,29,23
FBgn0032191,5894,5422,9800,8488
FBgn0032189,7522,9432,7744,6891
FBgn0028675,507,248,891,723
FBgn0051874,12,1,24,16
FBgn0032184,0,0,0,0
FBgn0032181,0,0,0,0
FBgn0032175,0,0,0,0
FBgn0051755,4502,7031,5248,5254
FBgn0051875,1347,1194,2153,1857
FBgn0040965,3,1,1,0
FBgn0004419,202233,294743,298188,271580
FBgn0051717,1793,2142,2892,2505
FBgn0010407,9,16,9,19
FBgn0032204,3600,4325,4913,4311
FBgn0032205,1310,2039,2924,2560
FBgn0032214,5873,7499,11894,10313
FBgn0032217,13400,18963,17692,17388
FBgn0032219,7,10,20,15
FBgn0032222,3837,4251,6431,5559
FBgn0032223,7153,9934,7796,8313
FBgn0019932,3000,5060,5886,5010
FBgn0051715,2503,4217,6559,4563
FBgn0032224,3357,5086,1424,1352
FBgn0032225,59,59,86,101
FBgn0032229,3877,3790,5913,5130
FBgn0003087,6492,9376,16892,14231
FBgn0032230,11,17,30,28
FBgn0032231,3853,4041,6163,5113
FBgn0032233,3,7,12,14
FBgn0032234,1677,2313,1947,1978
FBgn0032235,62,94,297,262
FBgn0032236,5480,7028,8169,7201
FBgn0051716,17260,21431,19969,20020
FBgn0051718,0,2,11,11
FBgn0003942,103949,138351,196453,172937
FBgn0025366,17082,21661,27271,25459
FBgn0032243,1962,2981,2434,2393
FBgn0032244,3355,3853,4018,3574
FBgn0032246,7449,8607,10177,9541
FBgn0032247,580,797,1031,953
FBgn0004915,5147,5773,7805,6802
FBgn0032250,2737,3929,4126,3842
FBgn0027052,6177,9580,12464,10333
FBgn0032251,2308,3081,2922,2641
FBgn0032252,66,83,111,124
FBgn0027611,1967,2720,9633,9739
FBgn0032256,1446,2254,2323,2306
FBgn0026431,4012,5856,5699,5516
FBgn0032260,4,4,0,0
FBgn0032258,4031,5367,5458,5082
FBgn0051719,37,46,3,5
FBgn0032253,115,201,301,339
FBgn0032249,528,485,1224,1012
FBgn0032248,3149,3794,4297,3560
FBgn0005683,5207,5216,4735,4597
FBgn0032242,14192,16822,25106,25217
FBgn0004106,11779,16077,18244,16270
FBgn0053303,11826,11904,20109,18825
FBgn0027568,8309,8205,11971,12240
FBgn0032228,543,838,1643,1583
FBgn0032221,24,48,47,69
FBgn0011703,34845,38727,46849,45860
FBgn0032218,680,1056,2295,2413
FBgn0032216,13943,16131,22055,20389
FBgn0027491,13,17,15,15
FBgn0032213,1871,1745,2822,2339
FBgn0005322,7958,9002,10952,10036
FBgn0032211,154,139,268,208
FBgn0032210,1937,2552,2036,2067
FBgn0032209,0,0,0,0
FBgn0032208,35409,42505,43671,46638
FBgn0003751,567,578,933,804
FBgn0011305,1901,2358,4644,4376
FBgn0032200,4402,6682,6388,5784
FBgn0000229,986,1507,1695,1637
FBgn0024248,2667,3426,2900,2948
FBgn0032261,837,670,1878,1781
FBgn0010398,2566,2757,3088,2759
FBgn0032264,1605,2425,2956,3517
FBgn0032265,1,4,0,6
FBgn0032266,0,0,0,0
FBgn0032268,1,0,0,0
FBgn0051872,0,0,0,0
FBgn0043825,0,0,0,0
FBgn0032276,2,3,0,1
FBgn0051871,0,0,2,2
FBgn0040496,0,1,13,12
FBgn0032280,0,0,0,0
FBgn0032281,0,0,0,0
FBgn0032287,4,1,5,1
FBgn0032289,1,1,0,0
FBgn0032290,1840,1606,2399,2081
FBgn0032291,3,5,10,5
FBgn0032293,1178,918,2817,2207
FBgn0032295,4523,4225,7480,6972
FBgn0027550,48,38,195,164
FBgn0015320,8857,9031,15197,13797
FBgn0032297,533,531,1257,1230
FBgn0032296,2107,1972,2695,2722
FBgn0032294,1,0,0,2
FBgn0027868,5831,4297,11599,10584
FBgn0032292,2541,2203,3798,3475
FBgn0024740,0,0,0,0
FBgn0023496,0,0,0,1
FBgn0032286,0,0,2,0
FBgn0032285,0,1,9,18
FBgn0032284,2,0,0,1
FBgn0032283,9,9,35,50
FBgn0032282,0,0,0,0
FBgn0032271,0,0,0,0
FBgn0032269,0,0,0,0
FBgn0032262,5758,5265,8208,7275
FBgn0032299,15,6,16,16
FBgn0051870,2,0,0,0
FBgn0032303,2205,1860,3059,2057
FBgn0032304,30,23,25,19
FBgn0027363,5696,5678,6727,6894
FBgn0032311,366,224,1035,612
FBgn0032318,1,8,12,6
FBgn0032321,2312,2104,2676,2437
FBgn0032322,13,16,25,10
FBgn0041781,7160,7583,11095,10941
FBgn0026148,2334,3406,3524,3004
FBgn0026147,12708,16134,17202,17100
FBgn0040096,8,6,13,15
FBgn0023415,0,0,0,0
FBgn0032331,0,0,0,0
FBgn0040967,0,1,0,0
FBgn0032330,2456,2249,2827,3199
FBgn0032329,1442,1629,3278,3269
FBgn0015756,98068,108212,192851,173183
FBgn0000146,8249,10772,10581,11112
FBgn0004872,13537,19002,17415,18476
FBgn0010612,8595,7934,18959,16496
FBgn0000018,997,1276,1292,1265
FBgn0053129,36348,42961,63084,54545
FBgn0032315,0,0,0,0
FBgn0032314,1,1,0,0
FBgn0032313,0,0,0,0
FBgn0032312,0,0,0,0
FBgn0024227,2296,1575,4661,4136
FBgn0027453,4016,3836,3841,3312
FBgn0069354,42,39,84,83
FBgn0032305,5465,6980,5682,6092
FBgn0051869,1077,839,3066,2653
FBgn0032298,1810,1857,4313,4297
FBgn0032335,0,0,0,0
FBgn0032338,0,0,0,0
FBgn0032339,3468,4093,3748,3495
FBgn0041246,21,15,6,1
FBgn0032348,3314,3302,3664,3572
FBgn0040211,0,0,0,2
FBgn0032354,3349,3160,3267,2861
FBgn0032358,1763,2370,3161,2882
FBgn0020270,3223,3193,6396,6209
FBgn0040232,7361,9592,12044,12248
FBgn0014076,7703,4247,38640,38455
FBgn0032350,13037,12191,23337,21093
FBgn0010197,2,1,2,1
FBgn0051867,0,0,0,0
FBgn0028700,5420,4982,8902,8297
FBgn0032346,3023,3347,5197,4510
FBgn0032345,17,21,30,26
FBgn0027582,9296,12145,10562,11061
FBgn0032343,1826,1814,2335,2103
FBgn0032341,9123,9685,13056,13151
FBgn0032337,0,0,0,0
FBgn0032336,0,0,0,0
FBgn0000287,0,2,0,1
FBgn0003313,0,0,0,0
FBgn0032362,1,0,0,0
FBgn0051706,1,0,3,6
FBgn0028490,1182,995,5129,5068
FBgn0032366,0,0,0,0
FBgn0032363,9223,9918,9359,9779
FBgn0032361,742,651,1228,1076
FBgn0032360,6,1,0,0
FBgn0015400,14,9,22,21
FBgn0032371,3,2,0,0
FBgn0032372,1,0,0,0
FBgn0032373,0,0,0,0
FBgn0032374,5768,6078,9497,7929
FBgn0032375,27,25,88,75
FBgn0032378,6660,7300,11104,10867
FBgn0020309,10000,10847,12848,13435
FBgn0032377,19,20,25,27
FBgn0032376,0,1,1,1
FBgn0032370,0,0,0,0
FBgn0032368,0,0,0,0
FBgn0028412,6,1,0,0
FBgn0051704,0,0,0,0
FBgn0040968,0,0,0,2
FBgn0032381,0,0,0,0
FBgn0032382,1935,1751,3839,3741
FBgn0026392,0,0,0,0
FBgn0026391,0,0,0,1
FBgn0026390,0,0,0,0
FBgn0005664,0,0,0,0
FBgn0032385,0,0,0,0
FBgn0032387,1,1,2,0
FBgn0032390,2550,2210,3876,2911
FBgn0051866,192,164,251,225
FBgn0051864,152,167,184,215
FBgn0051865,33,38,33,31
FBgn0032393,3497,3050,5821,5527
FBgn0014019,4,4,4,7
FBgn0010497,1579,961,8406,7657
FBgn0042126,0,5,2,0
FBgn0032402,77,64,190,173
FBgn0032404,1,0,6,1
FBgn0032406,0,0,0,0
FBgn0027505,3138,3642,3833,3885
FBgn0032401,481,694,621,575
FBgn0032400,59289,80076,108051,88879
FBgn0032399,172,178,592,524
FBgn0032398,9353,10927,11018,9654
FBgn0032397,5531,4872,5720,5759
FBgn0032395,1842,1846,1898,1882
FBgn0032394,2348,2102,3531,3109
FBgn0042125,593,706,516,447
FBgn0042127,208,248,167,129
FBgn0000588,4247,4116,5520,4888
FBgn0032407,2119,2065,4490,4022
FBgn0028707,407,618,688,617
FBgn0032409,3604,4164,3579,3334
FBgn0027081,19440,18379,28216,26738
FBgn0032414,0,2,0,0
FBgn0032416,0,0,0,0
FBgn0051760,1,0,1,0
FBgn0051861,2,0,0,0
FBgn0051860,0,0,0,0
FBgn0032419,0,1,0,0
FBgn0032421,2220,2303,3231,2855
FBgn0000114,60883,60923,97857,101020
FBgn0051759,2131,3140,3079,3181
FBgn0051862,0,0,0,0
FBgn0032424,0,0,0,0
FBgn0032422,982,753,1881,1369
FBgn0032420,2370,2448,3174,2844
FBgn0032415,0,0,1,0
FBgn0015797,6941,7523,8463,8254
FBgn0029137,412,370,182,166
FBgn0032408,4058,4324,6281,5958
FBgn0041195,2,14,8,7
FBgn0032428,4,5,5,6
FBgn0032430,2212,2676,3469,3457
FBgn0020443,24263,29829,38909,39780
FBgn0032435,1,6,6,6
FBgn0032437,0,0,0,0
FBgn0032439,0,0,0,0
FBgn0051858,0,0,0,0
FBgn0032436,0,0,5,0
FBgn0032434,0,0,0,0
FBgn0032433,10,14,5,21
FBgn0032431,14,15,22,21
FBgn0032429,3874,4915,4843,4307
FBgn0004394,1,0,1,1
FBgn0032445,1906,2153,2964,2698
FBgn0032447,25,22,94,80
FBgn0032451,3573,3602,4017,3467
FBgn0032453,9597,8672,23642,18664
FBgn0015399,552,808,1084,1358
FBgn0032457,0,0,0,0
FBgn0032454,11515,13276,14245,14047
FBgn0032452,349,438,684,533
FBgn0032450,6700,7646,9065,8322
FBgn0032449,2309,2236,1549,1328
FBgn0032448,1,1,2,1
FBgn0032446,730,910,1146,861
FBgn0032444,26230,23074,52637,49121
FBgn0032442,0,0,0,0
FBgn0040509,0,0,0,0
FBgn0040510,1,1,0,0
FBgn0040506,0,0,0,0
FBgn0032462,0,0,0,0
FBgn0032464,12,9,3,1
FBgn0021796,5662,6038,6463,6490
FBgn0032470,3,1,15,7
FBgn0028965,3022,2447,4260,3679
FBgn0032467,10170,10341,11348,11685
FBgn0032465,3928,3963,6257,5917
FBgn0032471,1,2,2,3
FBgn0028410,1,0,0,0
FBgn0032473,0,3,0,1
FBgn0024291,11362,13226,9712,9825
FBgn0032476,4077,4350,4788,4304
FBgn0032477,1618,1657,1885,1698
FBgn0032478,23,38,29,32
FBgn0032480,1769,1656,2845,3035
FBgn0032482,11850,13828,15115,13909
FBgn0004192,8,10,6,2
FBgn0032486,1902,1702,2666,2364
FBgn0032488,3973,4272,5626,4987
FBgn0032490,1,0,0,0
FBgn0032491,1,0,0,0
FBgn0032492,0,2,0,0
FBgn0027586,85,98,152,150
FBgn0032494,0,1,1,4
FBgn0003935,24,29,0,0
FBgn0032495,6,3,5,4
FBgn0051851,0,0,0,0
FBgn0032499,2866,2785,3497,3363
FBgn0051729,10262,12182,15500,15546
FBgn0032503,0,1,1,0
FBgn0032505,1,0,0,0
FBgn0032509,4430,4595,6424,5895
FBgn0051852,3756,3949,5480,5298
FBgn0051855,2961,3422,5405,4784
FBgn0032513,5456,6020,6370,6143
FBgn0025724,9336,8887,16787,16118
FBgn0032514,8821,9773,11237,10367
FBgn0032512,3810,4216,4805,4649
FBgn0032511,3670,2862,5677,4920
FBgn0022069,14541,16820,19218,18544
FBgn0032507,0,0,0,0
FBgn0032506,0,0,1,0
FBgn0028406,3116,3841,3740,3639
FBgn0051848,0,0,0,0
FBgn0051730,0,0,0,0
FBgn0032493,0,0,0,0
FBgn0032489,0,0,0,0
FBgn0032487,1785,1759,3275,2907
FBgn0032485,7959,8676,9566,9041
FBgn0032484,7,4,2,1
FBgn0004191,0,2,1,1
FBgn0032483,12,7,7,4
FBgn0032481,3895,3777,3547,3480
FBgn0032479,19753,21167,20724,21181
FBgn0051849,1747,1716,1456,1407
FBgn0032475,13304,14281,15426,15378
FBgn0032474,5749,5289,11381,9938
FBgn0040972,2,1,5,0
FBgn0032472,51,33,116,99
FBgn0032517,1122,1209,1571,1549
FBgn0032521,4756,4874,6863,6483
FBgn0032522,34,45,97,133
FBgn0026760,0,2,0,0
FBgn0028942,0,0,0,0
FBgn0028941,0,1,0,0
FBgn0028546,3496,4194,4604,4171
FBgn0028513,2,0,0,0
FBgn0023407,13341,15264,15607,15979
FBgn0032530,1,1,1,1
FBgn0028943,0,1,2,0
FBgn0032525,3,0,0,0
FBgn0032524,2163,2349,3395,2895
FBgn0032523,641,464,1525,1227
FBgn0003983,23210,13531,110582,125794
FBgn0032520,39,32,48,17
FBgn0032519,274,377,412,346
FBgn0032518,32891,29742,176295,132157
FBgn0032516,2041,2127,2937,2476
FBgn0028527,526,455,768,645
FBgn0028848,1,0,0,0
FBgn0051813,0,0,0,0
FBgn0028541,6833,8116,7851,7771
FBgn0051845,0,0,0,0
FBgn0024846,5875,6194,9255,8385
FBgn0028539,7189,9038,7229,7426
FBgn0028931,528,543,671,579
FBgn0028538,3547,3614,4913,5389
FBgn0027844,19,10,29,28
FBgn0028919,1715,1774,2799,2318
FBgn0001965,5141,4369,5508,5826
FBgn0015271,3562,3895,4747,4315
FBgn0026373,2040,1550,4820,4076
FBgn0028509,4410,4003,5442,5229
FBgn0028534,2,2,4,9
FBgn0028533,1,0,0,1
FBgn0028532,0,1,0,2
FBgn0012037,381,247,742,819
FBgn0032535,0,0,0,1
FBgn0025115,0,0,0,0
FBgn0028544,0,0,1,4
FBgn0028938,0,0,0,0
FBgn0019890,6535,6891,7254,7386
FBgn0028920,0,2,0,0
FBgn0053306,0,0,0,0
FBgn0053307,2,2,1,0
FBgn0001961,4627,3564,10870,9946
FBgn0004406,4292,3892,5316,4990
FBgn0032533,0,0,5,1
FBgn0028658,366,454,567,541
FBgn0028932,1231,1449,1691,1475
FBgn0028847,0,1,0,0
FBgn0051814,0,0,0,0
FBgn0027929,2,1,5,1
FBgn0028936,7,3,5,8
FBgn0028940,12,6,21,21
FBgn0028939,2,0,4,2
FBgn0027348,5233,4250,11070,10277
FBgn0028519,0,4,1,0
FBgn0028875,0,0,0,0
FBgn0051769,8,7,5,1
FBgn0028526,19,16,8,14
FBgn0028872,0,0,0,0
FBgn0051840,0,0,0,0
FBgn0001967,1,0,3,0
FBgn0028909,0,0,0,0
FBgn0003255,228,126,383,427
FBgn0028430,0,0,0,1
FBgn0028542,2,6,12,4
FBgn0028543,4,3,21,28
FBgn0052971,2,12,10,4
FBgn0028916,7206,7552,11172,10627
FBgn0028531,1,0,0,0
FBgn0015791,5574,6787,4369,4283
FBgn0001970,1799,1248,3411,3038
FBgn0028844,0,0,0,0
FBgn0028871,0,0,0,0
FBgn0004858,154,186,460,488
FBgn0020258,1,0,0,0
FBgn0028530,1869,2403,2586,2315
FBgn0005771,139,188,645,668
FBgn0028882,0,0,0,0
FBgn0028912,0,0,0,0
FBgn0028910,0,0,0,0
FBgn0028855,0,0,0,0
FBgn0028911,0,0,0,0
FBgn0028913,0,1,0,0
FBgn0011866,0,0,0,0
FBgn0011865,0,0,0,0
FBgn0011864,0,0,0,0
FBgn0011863,0,0,0,0
FBgn0051835,0,0,0,0
FBgn0028870,5,0,0,0
FBgn0028838,0,0,0,0
FBgn0028868,3,1,0,0
FBgn0028887,1,1,0,0
FBgn0013301,2,0,0,0
FBgn0013300,1,0,0,0
FBgn0032554,0,0,0,0
FBgn0032553,3,0,0,0
FBgn0028886,849,980,1039,984
FBgn0028866,0,0,0,0
FBgn0032549,0,0,0,0
FBgn0028537,0,0,0,0
FBgn0040228,857,801,1543,1284
FBgn0028926,354,277,931,817
FBgn0001974,3982,4432,5353,5055
FBgn0260446,1,2,10,11
FBgn0053310,0,0,0,0
FBgn0041713,95,143,160,195
FBgn0004837,2632,2730,2760,2442
FBgn0028879,3,2,3,3
FBgn0028878,0,0,0,0
FBgn0001978,18980,17583,24502,23585
FBgn0028862,44,36,137,124
FBgn0028516,18,18,11488,10812
FBgn0028888,2,0,1,4
FBgn0028889,0,0,0,0
FBgn0024183,2219,2508,8308,8503
FBgn0010422,5979,5549,7615,7270
FBgn0000317,4610,4956,5753,5888
FBgn0001977,2961,3117,5111,4601
FBgn0051832,0,0,0,1
FBgn0028853,0,0,0,0
FBgn0011239,1,0,0,0
FBgn0028852,0,4,3,0
FBgn0001981,15,11,2,5
FBgn0028892,1,0,0,0
FBgn0003448,0,0,0,0
FBgn0001983,0,0,0,0
FBgn0032563,0,0,0,0
FBgn0041103,0,0,0,0
FBgn0028850,0,3,0,0
FBgn0028880,1,0,0,0
FBgn0028370,0,1,0,0
FBgn0028947,0,0,0,0
FBgn0028945,0,0,0,0
FBgn0028518,2,1,18,26
FBgn0028864,0,0,0,0
FBgn0028517,0,0,0,0
FBgn0051780,0,0,0,0
FBgn0051827,0,0,0,0
FBgn0001986,5344,5102,7118,7248
FBgn0028507,1998,2001,3397,3162
FBgn0051826,29,45,39,35
FBgn0041627,2759,2657,3221,2980
FBgn0001990,3282,3725,3533,3339
FBgn0001987,1636,1480,2928,2896
FBgn0003936,2,1,0,0
FBgn0001989,2156,1574,6521,5919
FBgn0028863,67,67,167,208
FBgn0028946,0,0,0,0
FBgn0028948,0,0,0,0
FBgn0028949,0,0,0,0
FBgn0028944,0,0,0,0
FBgn0028950,2,0,0,0
FBgn0028901,1,0,0,0
FBgn0028903,1,0,0,0
FBgn0028902,2,0,0,0
FBgn0051824,0,0,0,0
FBgn0051735,1,1,0,0
FBgn0032577,2,0,0,0
FBgn0028514,16,7,29,21
FBgn0028857,0,0,0,0
FBgn0028856,2,0,0,0
FBgn0028858,1,0,0,0
FBgn0028644,22,41,33,42
FBgn0045827,0,0,0,0
FBgn0000182,5,4,0,3
FBgn0013433,0,0,0,0
FBgn0051820,3,1,0,1
FBgn0028645,933,1266,153,157
FBgn0051821,30,13,124,83
FBgn0051823,6,11,7,12
FBgn0041183,1,3,5,9
FBgn0028935,0,0,0,0
FBgn0051822,0,0,0,0
FBgn0028900,0,0,0,0
FBgn0028520,0,0,0,0
FBgn0028884,0,0,0,0
FBgn0028893,1,0,0,0
FBgn0028515,3930,4270,7351,6864
FBgn0028897,932,987,1274,1186
FBgn0040079,4577,5495,5292,4784
FBgn0028896,15,1,7,8
FBgn0001992,4,4,1,1
FBgn0028895,1763,2110,1717,1687
FBgn0028525,2390,3294,3516,3372
FBgn0011708,7555,8772,9666,9221
FBgn0001086,10784,10186,13617,12315
FBgn0014092,2545,3336,3264,2979
FBgn0040984,0,0,0,0
FBgn0028506,3611,4768,4299,4225
FBgn0025678,9561,8097,21788,19818
FBgn0000307,18042,23219,24419,24674
FBgn0028899,60,71,86,98
FBgn0001995,2944,2952,5224,4434
FBgn0000250,24345,23140,25815,23932
FBgn0000339,4516,6221,7723,6248
FBgn0015338,5074,5863,7941,6463
FBgn0028894,1200,1715,2133,1825
FBgn0028375,5664,7020,7396,7255
FBgn0032582,7,3,3,1
FBgn0001994,12090,12140,15634,15765
FBgn0002673,10094,12217,10638,9934
FBgn0024734,2226,3341,2892,2753
FBgn0020416,64,33,26,21
FBgn0020415,95,123,8442,8030
FBgn0020414,438,416,737,693
FBgn0032585,0,0,0,0
FBgn0032586,13695,15377,23124,22921
FBgn0051816,0,2,0,0
FBgn0051815,0,0,0,0
FBgn0032590,0,5,0,1
FBgn0032588,1,0,0,0
FBgn0032587,8601,10104,6706,6920
FBgn0028523,51,48,241,212
FBgn0001185,2121,2604,2244,2150
FBgn0051812,366,514,411,386
FBgn0032597,2557,2609,4969,4415
FBgn0032598,8,13,4,5
FBgn0032600,5369,6198,7664,7541
FBgn0032601,21,10,26,27
FBgn0032603,111,169,105,86
FBgn0040262,9,26,13,18
FBgn0040261,0,0,1,0
FBgn0040260,226,263,219,225
FBgn0004797,1475,2219,2489,2401
FBgn0051739,11018,13780,13549,13682
FBgn0051781,168,157,288,304
FBgn0032615,6,11,4,11
FBgn0051809,6,10,15,23
FBgn0051810,0,2,3,4
FBgn0032614,49,49,227,303
FBgn0032613,14,6,7,12
FBgn0032612,79,119,148,167
FBgn0022213,33209,41599,43024,43037
FBgn0032609,1,1,0,0
FBgn0032602,0,2,0,1
FBgn0015391,12149,14618,16064,15765
FBgn0032596,13895,15851,24295,19827
FBgn0032595,867,1003,2330,1649
FBgn0027779,15241,15790,22659,20832
FBgn0062978,762,1114,1432,1612
FBgn0051807,60,86,142,122
FBgn0032593,56,101,138,139
FBgn0032618,0,0,0,0
FBgn0053179,0,0,0,0
FBgn0051806,0,0,0,0
FBgn0032625,0,0,0,0
FBgn0032624,3,5,0,0
FBgn0026150,8327,10226,16109,15234
FBgn0032620,4619,5919,5536,5245
FBgn0051805,2,6,1,2
FBgn0040985,2537,3111,4875,4169
FBgn0052832,0,1,0,0
FBgn0045487,0,0,0,0
FBgn0045486,0,0,0,0
FBgn0045485,0,0,0,0
FBgn0046888,0,0,0,0
FBgn0051804,0,0,0,0
FBgn0032633,6770,8221,9590,9424
FBgn0032632,1,0,0,0
FBgn0032629,135,198,242,365
FBgn0051784,1,0,0,0
FBgn0020503,6497,8379,10716,11137
FBgn0032635,4885,5085,5661,5312
FBgn0032636,1,0,1,0
FBgn0032637,5,8,12,16
FBgn0032640,6610,6401,11220,10589
FBgn0032642,1258,1421,2594,2209
FBgn0032644,2156,2473,3398,2795
FBgn0013810,484,592,1183,1382
FBgn0032651,0,1,1,1
FBgn0032654,0,0,0,0
FBgn0032652,1,2,0,0
FBgn0032650,1,0,0,0
FBgn0032649,0,0,0,0
FBgn0032648,2,0,5,1
FBgn0032647,3,3,4,6
FBgn0032646,5831,5745,10269,9072
FBgn0032645,187,168,290,270
FBgn0003187,7457,10357,8985,8647
FBgn0032643,8011,7091,17679,16246
FBgn0024689,4772,5087,5922,5587
FBgn0027885,9055,11408,15288,15826
FBgn0000183,16273,19419,23831,23271
FBgn0032639,2,5,2,1
FBgn0032638,6,8,0,1
FBgn0011274,287,309,387,344
FBgn0051803,0,0,0,0
FBgn0032634,1823,2687,3104,2425
FBgn0032656,1947,2189,2897,3078
FBgn0032658,0,0,1,0
FBgn0051742,0,0,0,0
FBgn0040989,0,0,0,0
FBgn0051740,3,1,0,0
FBgn0000120,0,0,0,1
FBgn0002939,0,0,2,0
FBgn0051741,0,0,0,0
FBgn0032664,1,0,0,0
FBgn0032665,20,19,81,64
FBgn0041184,480,561,743,1008
FBgn0051785,1,0,0,1
FBgn0032663,1,2,7,7
FBgn0032660,9,6,2,3
FBgn0023096,0,0,0,0
FBgn0032669,1,2,4,0
FBgn0032670,21,21,43,36
FBgn0032677,3,1,0,0
FBgn0000636,2315,2405,3538,4443
FBgn0011559,2,4,0,2
FBgn0051787,0,0,0,0
FBgn0051788,0,0,0,0
FBgn0051802,2,2,0,0
FBgn0032671,2343,3020,3165,3054
FBgn0032680,706,999,1189,1128
FBgn0032682,55,72,79,84
FBgn0032684,1171,1210,1562,1492
FBgn0032685,20,26,43,39
FBgn0032688,4010,4132,4323,4376
FBgn0051789,0,0,0,0
FBgn0032690,3596,4503,5541,5284
FBgn0032694,3367,3287,2945,3138
FBgn0032693,7,2,28,34
FBgn0032692,1,0,0,0
FBgn0032691,2078,2876,2025,1984
FBgn0032689,10883,13972,16732,16732
FBgn0003270,0,0,0,0
FBgn0032683,63,117,124,140
FBgn0032681,986,1074,2138,2252
FBgn0032698,3687,3060,5783,5447
FBgn0032700,2524,3442,3116,2983
FBgn0032701,4017,4822,5586,5312
FBgn0032703,2706,3030,5065,4806
FBgn0032705,9450,9768,12360,11223
FBgn0032709,0,0,0,0
FBgn0040993,0,0,0,0
FBgn0027074,0,2,4,2
FBgn0032713,272,219,702,757
FBgn0027070,5844,6295,8104,7254
FBgn0015808,2761,2671,5245,4994
FBgn0032719,2,2,2,2
FBgn0003896,0,0,0,0
FBgn0053120,6,14,14,20
FBgn0051752,0,0,0,0
FBgn0032717,8380,9897,7412,7717
FBgn0032715,1910,1783,4970,5901
FBgn0040992,0,0,0,0
FBgn0045852,49,48,71,78
FBgn0032707,0,1,0,0
FBgn0032706,30,23,11,6
FBgn0025608,9700,9654,13906,12818
FBgn0032704,8147,9090,11832,10828
FBgn0032702,4811,6257,5596,5566
FBgn0005617,14612,16481,17436,17364
FBgn0015553,11262,14966,13156,11780
FBgn0032724,3194,3988,4411,4445
FBgn0032728,3321,5113,4501,4286
FBgn0032730,1289,1590,1109,1054
FBgn0032732,2139,2886,6122,5042
FBgn0032734,2,9,0,0
FBgn0051792,1,1,1,0
FBgn0051793,1512,1893,2360,2382
FBgn0028569,0,0,0,0
FBgn0032740,1,13,2,3
FBgn0032741,1,1,0,0
FBgn0002022,6268,6380,10545,10146
FBgn0032746,3672,4138,5376,4848
FBgn0032748,13569,13313,13853,13571
FBgn0032749,15,24,9,21
FBgn0032750,1621,1579,2163,1839
FBgn0032751,577,556,588,501
FBgn0032755,0,0,0,0
FBgn0000075,460,505,2834,3399
FBgn0002036,1059,1105,1349,1243
FBgn0010300,22163,22681,26971,27284
FBgn0002031,14984,13969,27816,25518
FBgn0000422,23,8,19,22
FBgn0002023,7,10,3,3
FBgn0032754,0,0,0,0
FBgn0053315,0,1,0,0
FBgn0032753,0,1,0,1
FBgn0032752,2368,2048,4207,3866
FBgn0002021,3282,3456,4876,4469
FBgn0032744,489,591,514,531
FBgn0051800,1104,1779,1784,1552
FBgn0001202,2880,3408,3608,3535
FBgn0046302,55,69,80,98
FBgn0032733,0,0,2,2
FBgn0032731,5062,4832,8630,8178
FBgn0032729,1561,1528,2108,1852
FBgn0015772,9152,10340,11280,11445
FBgn0032727,5611,6388,12158,11631
FBgn0032726,221,187,300,283
FBgn0032725,3750,5062,6145,5638
FBgn0032723,7235,9323,8285,8692
FBgn0010309,2322,2245,3264,3282
FBgn0015380,79,79,105,126
FBgn0032769,0,0,0,0
FBgn0032770,2,0,13,23
FBgn0032771,2,4,0,3
FBgn0032772,1,0,2,2
FBgn0051798,4,2,0,1
FBgn0016675,4,0,4,4
FBgn0032780,22,17,50,46
FBgn0032779,340,321,731,751
FBgn0032781,3722,2449,7670,7078
FBgn0032782,1086,1242,1500,1364
FBgn0032783,11309,9663,22601,22113
FBgn0032775,943,910,1878,1733
FBgn0032774,64,60,78,92
FBgn0032773,5,5,11,22
FBgn0024245,2168,2346,2382,2316
FBgn0032768,3,0,0,0
FBgn0051797,0,0,0,0
FBgn0010097,10689,9049,15726,14211
FBgn0003346,10702,11877,15394,14942
FBgn0032785,27,11,36,48
FBgn0000964,2829,3843,8426,9660
FBgn0032788,17637,9619,39252,38125
FBgn0032791,849,1185,1339,1325
FBgn0002044,12189,11215,14560,14106
FBgn0040268,5579,5644,7708,7453
FBgn0032798,20,15,25,29
FBgn0032800,202,135,235,204
FBgn0053116,7042,8591,7479,6939
FBgn0051697,4,6,14,17
FBgn0032803,3,7,20,10
FBgn0032804,0,0,0,0
FBgn0041180,749,788,3987,4068
FBgn0032809,0,1,0,0
FBgn0032810,3,2,4,0
FBgn0027949,5945,5851,6469,5898
FBgn0032814,2303,1967,2954,2762
FBgn0000464,99,141,162,197
FBgn0005590,1,0,2,1
FBgn0032813,23,23,198,146
FBgn0032811,1402,1610,1661,1509
FBgn0032805,765,1033,633,586
FBgn0032801,846,914,1109,996
FBgn0032799,2546,2988,4812,4047
FBgn0032797,7,1,6,4
FBgn0032796,6840,6537,6855,6461
FBgn0032793,722,825,1234,1095
FBgn0032790,1622,1901,1908,1757
FBgn0032787,984,1245,1529,1458
FBgn0024230,3783,4781,4143,3675
FBgn0032816,965,1190,1255,1185
FBgn0032819,1650,1754,2743,2807
FBgn0032822,721,899,1365,1126
FBgn0003931,1,3,0,0
FBgn0003923,0,0,0,0
FBgn0043021,0,2,0,0
FBgn0032833,9730,7932,29665,26778
FBgn0032835,5,1,2,3
FBgn0032836,5,8,8,6
FBgn0014000,5,6,8,11
FBgn0042129,0,0,1,0
FBgn0032834,0,2,0,0
FBgn0053117,0,0,0,0
FBgn0044811,0,0,0,0
FBgn0032827,0,0,0,0
FBgn0003922,0,0,0,0
FBgn0032824,4,0,0,1
FBgn0043022,1,0,0,0
FBgn0004811,4372,4939,6366,5642
FBgn0032821,5564,5982,4963,4698
FBgn0032820,1320,1289,2340,1973
FBgn0032818,2079,1684,3488,3119
FBgn0032817,4567,4977,4809,4921
FBgn0032840,0,0,0,0
FBgn0019686,29956,37335,34562,32528
FBgn0045064,1996,2705,3584,3838
FBgn0004374,2461,2197,3658,3434
FBgn0032846,1081,1374,1549,1458
FBgn0032848,2016,2187,3205,3199
FBgn0032850,8,8,4,3
FBgn0032849,2547,2437,3343,2924
FBgn0032847,1793,2382,3241,2729
FBgn0032845,1080,1407,1432,1337
FBgn0032843,4,2,12,4
FBgn0003978,883,1051,3591,3514
FBgn0014127,7430,8190,7819,7391
FBgn0032839,0,0,0,0
FBgn0040996,1,0,0,0
FBgn0003475,8968,9823,11997,11562
FBgn0015803,3960,4711,4496,4323
FBgn0032857,1,2,6,8
FBgn0032856,20,13,21,16
FBgn0026756,1,0,0,0
FBgn0011638,15107,14627,28011,26325
FBgn0032853,3,3,0,3
FBgn0032867,0,0,0,0
FBgn0032868,0,0,0,1
FBgn0051680,0,0,0,1
FBgn0032870,4219,4459,6616,5832
FBgn0042133,2,3,1,1
FBgn0032871,848,906,1277,1080
FBgn0032873,3616,4870,4402,4202
FBgn0032877,855,912,1156,1032
FBgn0032880,12203,16449,14654,14670
FBgn0032879,24,55,52,54
FBgn0032878,0,0,0,0
FBgn0014859,0,1,2,1
FBgn0032876,18009,24510,22491,21067
FBgn0051678,4477,4530,4421,4164
FBgn0016054,3764,4308,5008,4670
FBgn0032869,442,422,878,784
FBgn0051677,0,0,0,0
FBgn0032882,4029,4197,4873,4431
FBgn0011202,7043,7670,7624,7753
FBgn0000251,14327,14354,19578,18100
FBgn0032884,5350,4890,13546,12513
FBgn0032886,5036,6257,9231,8825
FBgn0032889,3641,3349,6368,5412
FBgn0051673,4719,6466,10109,9021
FBgn0051674,540,660,527,430
FBgn0051676,22,32,34,27
FBgn0032894,0,0,0,0
FBgn0032895,7,18,29,25
FBgn0032897,2635,2309,3120,2686
FBgn0032899,316,430,478,446
FBgn0051675,18,20,30,21
FBgn0032900,413,253,623,466
FBgn0032908,14,15,29,21
FBgn0032906,7120,6288,15616,13024
FBgn0032901,150,213,89,101
FBgn0028986,1,0,0,0
FBgn0032891,1648,1775,2527,2334
FBgn0067312,0,0,0,0
FBgn0053322,0,0,0,0
FBgn0032883,4224,4689,4080,3858
FBgn0032881,1485,1635,2241,2062
FBgn0010395,163,268,241,267
FBgn0032911,0,0,27,18
FBgn0032913,0,2,0,0
FBgn0032916,5292,5504,6445,5862
FBgn0040297,312,393,469,591
FBgn0032919,8566,10222,12572,12251
FBgn0032921,1512,2012,2839,2307
FBgn0032923,5429,6229,7953,7527
FBgn0032925,14220,18929,18871,18439
FBgn0010100,27845,25749,44974,44350
FBgn0051627,0,5,2,2
FBgn0032929,11259,15231,13130,12526
FBgn0026255,22,17,90,99
FBgn0026577,12990,12946,14346,14764
FBgn0021856,2401,2424,3874,3643
FBgn0032938,8596,10462,10789,10773
FBgn0051626,15,5,2,4
FBgn0032935,702,700,1100,1220
FBgn0032934,3784,3823,5105,4895
FBgn0003930,19,25,5,3
FBgn0051988,1,1,0,0
FBgn0051624,0,0,0,0
FBgn0011829,8,3,4,3
FBgn0000239,17651,21540,22066,22020
FBgn0032924,12483,14228,14385,13343
FBgn0032922,683,870,1103,952
FBgn0024371,9292,10955,10163,8864
FBgn0023388,4023,3493,5978,5744
FBgn0032910,14,20,7745,7147
FBgn0023091,2,1,0,0
FBgn0032943,4020,5332,5764,5657
FBgn0023090,30,51,84,92
FBgn0032945,3,5,16,9
FBgn0032946,6,13,55,79
FBgn0041245,2,0,1,0
FBgn0032940,14009,17445,14505,14981
FBgn0041336,0,3,3,1
FBgn0037501,0,0,0,0
FBgn0037502,2,0,2,0
FBgn0037503,0,0,0,0
FBgn0011999,0,0,0,0
FBgn0003885,8628,7981,20312,20154
FBgn0015570,52,50,112,75
FBgn0051146,22,38,77,78
FBgn0015568,6151,6270,15135,12669
FBgn0015571,2358,2325,3456,3163
FBgn0015572,126,143,110,126
FBgn0015831,10,20,13,10
FBgn0015574,0,0,0,0
FBgn0015575,91,112,262,268
FBgn0017456,2,2,2,3
FBgn0015576,172,203,679,1018
FBgn0037506,6,1,7,4
FBgn0015577,757,538,1965,1730
FBgn0015569,1159,1457,970,1123
FBgn0012001,0,0,0,0
FBgn0037504,2741,3341,4106,3668
FBgn0043853,18,27,23,31
FBgn0012000,0,0,0,0
FBgn0040670,11,19,22,18
FBgn0037472,3705,3416,5789,5322
FBgn0051248,20,15,75,39
FBgn0051494,0,0,1,0
FBgn0051493,0,0,0,0
FBgn0037475,1,0,0,0
FBgn0037478,1051,1058,1650,1438
FBgn0011020,4158,4622,4843,4454
FBgn0002306,16,14,87,55
FBgn0037483,0,1,5,15
FBgn0037487,7,2,0,0
FBgn0037488,0,0,0,0
FBgn0037490,613,692,1090,944
FBgn0037492,1624,2074,1853,1676
FBgn0028400,1214,1200,1257,845
FBgn0037493,0,0,0,0
FBgn0045843,0,0,0,0
FBgn0051496,0,0,0,0
FBgn0051501,0,0,0,0
FBgn0004172,0,0,0,0
FBgn0004173,0,0,0,0
FBgn0004174,5,0,0,0
FBgn0004175,1,0,0,0
FBgn0037500,0,0,0,0
FBgn0037498,0,0,0,0
FBgn0001112,21,20,39,26
FBgn0011282,5,4,0,0
FBgn0037491,2391,2928,2855,2768
FBgn0037489,7366,9446,8647,8312
FBgn0037486,1,0,0,0
FBgn0037485,0,0,0,0
FBgn0037482,6961,7690,9350,9083
FBgn0037481,2492,2725,3461,3056
FBgn0037477,3,2,1,3
FBgn0051491,0,0,0,0
FBgn0037473,2485,3050,3183,3015
FBgn0014863,106,144,245,279
FBgn0000071,0,1,0,0
FBgn0000439,1,0,0,1
FBgn0026162,0,0,0,0
FBgn0026164,0,0,0,0
FBgn0000003,0,0,0,1
FBgn0001077,0,0,0,0
FBgn0024289,13,8,14,7
FBgn0026563,11,12,1,0
FBgn0037463,1,1,0,0
FBgn0037464,1,1,0,0
FBgn0037466,3291,4187,3722,3519
FBgn0037468,34231,41410,66462,60780
FBgn0037469,1970,1924,2925,2443
FBgn0003884,82621,67960,168737,158440
FBgn0037470,6483,7378,6954,6456
FBgn0010774,16064,18501,32840,28244
FBgn0037467,1527,1631,2841,2780
FBgn0037465,2164,2211,3464,3159
FBgn0003339,3,0,1,0
FBgn0011904,0,0,0,0
FBgn0026163,0,0,0,0
FBgn0051485,0,0,0,0
FBgn0000166,5091,5485,5049,4512
FBgn0004053,137,141,167,171
FBgn0004054,0,1,3,0
FBgn0037448,41,49,42,52
FBgn0037449,0,1,0,0
FBgn0046873,0,0,0,0
FBgn0051482,0,0,0,0
FBgn0037462,0,0,0,0
FBgn0051286,0,1,0,0
FBgn0010355,10174,10409,12857,13205
FBgn0004777,0,0,3,0
FBgn0004780,0,0,1,0
FBgn0004783,0,0,0,0
FBgn0004782,1,0,0,0
FBgn0004781,2,0,0,0
FBgn0004779,1,0,0,0
FBgn0004778,0,0,0,0
FBgn0024912,1715,2080,3396,2836
FBgn0026566,7036,6033,14368,12467
FBgn0026565,0,0,0,2
FBgn0037461,3,0,0,0
FBgn0037460,3,0,0,0
FBgn0037456,0,0,0,0
FBgn0053202,0,0,0,1
FBgn0037454,0,0,0,0
FBgn0011919,0,0,0,0
FBgn0037429,12,3,59,5
FBgn0037430,52,142,0,9
FBgn0037431,0,0,0,0
FBgn0037432,1,1,0,0
FBgn0037433,192,172,74,89
FBgn0037435,2035,2327,2631,2296
FBgn0037436,0,1,3,1
FBgn0037439,4675,5663,6626,6478
FBgn0010282,8814,8696,13500,12202
FBgn0037442,7569,8066,10463,10275
FBgn0037446,2486,2292,3132,2961
FBgn0037447,139,166,248,199
FBgn0037445,5560,6233,7089,7212
FBgn0037443,6124,7186,7852,9352
FBgn0037440,2206,2539,3094,3000
FBgn0037512,0,0,0,0
FBgn0037514,1,0,1,0
FBgn0037515,842,858,2598,2131
FBgn0037517,1,1,1,0
FBgn0037518,1176,1394,491,479
FBgn0051472,3955,4380,6738,6265
FBgn0051473,38,34,60,60
FBgn0037526,2104,2656,2393,2147
FBgn0024909,3334,3902,4078,3765
FBgn0014931,3105,3976,1592,1467
FBgn0002542,15573,16610,22539,22610
FBgn0000504,58,63,158,178
FBgn0037531,2962,3614,3311,3319
FBgn0014930,1914,2136,2976,2534
FBgn0004901,8790,8889,11113,10551
FBgn0037530,15224,16394,21312,21391
FBgn0037529,4652,4471,7101,6814
FBgn0037521,832,758,111,105
FBgn0037520,245,255,556,480
FBgn0037519,238,161,417,422
FBgn0042101,16,14,23,18
FBgn0042103,2,0,2,0
FBgn0042105,0,1,1,2
FBgn0042102,0,2,0,1
FBgn0042104,0,0,0,1
FBgn0037516,0,0,0,0
FBgn0037513,748,837,447,363
FBgn0010401,24,18,72,105
FBgn0037535,2090,2549,3574,3347
FBgn0037536,7752,9279,8670,8566
FBgn0037538,2397,2353,2924,2618
FBgn0037540,3049,3730,3642,3310
FBgn0037543,1869,2148,2669,2444
FBgn0010812,3257,4125,4984,4936
FBgn0037546,1,0,0,2
FBgn0037547,114,107,164,217
FBgn0037548,1499,2171,960,917
FBgn0037551,4463,5614,7029,6026
FBgn0037552,863,1222,2454,2456
FBgn0037553,290,278,165,182
FBgn0037554,5380,5583,5512,5167
FBgn0040528,33,55,52,68
FBgn0037556,6289,7489,5144,5020
FBgn0001138,3,3,0,0
FBgn0011959,0,0,0,0
FBgn0011960,0,0,0,0
FBgn0011961,0,0,0,0
FBgn0011962,0,0,0,0
FBgn0011963,0,0,0,0
FBgn0051583,0,0,0,0
FBgn0037544,785,853,1105,919
FBgn0037541,9594,10587,11859,12419
FBgn0001255,79,93,76,87
FBgn0037539,4073,4373,4804,4249
FBgn0040524,2,6,4,3
FBgn0037537,2235,2387,4601,4517
FBgn0037534,1042,1239,3127,4278
FBgn0037533,31963,35015,36370,35523
FBgn0014861,15201,15108,24072,23626
FBgn0010433,0,0,0,0
FBgn0037562,18,11,323,243
FBgn0051464,2,0,1,0
FBgn0051463,0,0,0,0
FBgn0037566,5314,5417,6164,5981
FBgn0037572,0,0,0,0
FBgn0037573,4365,4608,6353,5985
FBgn0062412,131,111,51,42
FBgn0037576,0,0,0,0
FBgn0037577,141,27,96,37
FBgn0004908,1004,1442,2105,1617
FBgn0037579,5,16,4,2
FBgn0037580,20309,20513,32940,32231
FBgn0037581,508,490,692,562
FBgn0020249,5238,5391,5936,5445
FBgn0037584,0,1,0,1
FBgn0037589,0,0,0,0
FBgn0037583,8045,11645,12563,12230
FBgn0037578,7870,10033,12107,11006
FBgn0040529,22992,22521,31129,26539
FBgn0003129,37,59,62,75
FBgn0037574,1943,1819,2319,2251
FBgn0037571,0,0,0,0
FBgn0037570,0,2,0,0
FBgn0037569,972,694,1855,1680
FBgn0037565,1221,1226,1421,1456
FBgn0037563,1,0,0,0
FBgn0037561,2699,3095,4234,3918
FBgn0010173,23315,27461,34893,33918
FBgn0037592,4380,5082,4763,4516
FBgn0051454,10,5,20,16
FBgn0051259,0,4,0,2
FBgn0037594,0,0,0,0
FBgn0051460,941,1062,1600,1380
FBgn0037602,183,155,462,321
FBgn0037603,1309,1352,1503,1264
FBgn0037606,4136,4079,4264,3929
FBgn0037607,36742,31562,78874,78750
FBgn0012024,1,0,0,0
FBgn0012025,0,2,0,0
FBgn0012026,1,0,0,0
FBgn0000447,6123,6049,10046,9180
FBgn0024326,9774,11721,11703,11072
FBgn0037601,38,40,73,82
FBgn0012027,0,0,1,0
FBgn0012028,0,0,0,0
FBgn0026399,0,0,0,0
FBgn0051450,3863,4260,6459,5283
FBgn0051453,5662,6152,12203,10622
FBgn0037591,0,0,0,0
FBgn0037590,0,0,0,0
FBgn0037608,2242,2281,5505,5094
FBgn0037610,1520,1126,2436,2014
FBgn0037611,1373,2108,1849,1760
FBgn0037612,5130,4659,6624,6296
FBgn0037614,11020,12242,13004,12559
FBgn0037615,18,16,19,25
FBgn0037616,24,37,87,69
FBgn0037617,1139,1391,1928,1822
FBgn0037618,0,1,0,5
FBgn0037619,1138,1252,1189,1027
FBgn0037622,3343,4501,3166,2869
FBgn0037624,24706,23588,39321,35740
FBgn0037626,0,0,0,1
FBgn0037630,1,0,3,0
FBgn0037632,27605,24118,45487,43463
FBgn0037634,1364,1681,1364,1340
FBgn0040532,40,32,73,89
FBgn0037638,5526,6758,5199,5067
FBgn0011966,0,0,0,0
FBgn0037637,3255,3466,5778,5193
FBgn0037636,40522,54295,58203,60605
FBgn0037633,1849,2270,1872,1824
FBgn0053189,1,0,1,4
FBgn0053191,2,0,2,0
FBgn0037627,1,0,1,1
FBgn0037625,0,0,0,0
FBgn0037623,1938,1957,3385,3490
FBgn0037621,2411,2212,3729,3571
FBgn0037620,1336,1988,2292,1923
FBgn0037613,1105,1135,2660,2154
FBgn0001180,112,108,7621,7103
FBgn0053325,0,0,0,0
FBgn0037609,2404,2999,2653,2437
FBgn0037643,15377,16445,27068,25429
FBgn0037646,1125,1310,974,877
FBgn0027503,5518,6180,4839,4945
FBgn0037648,2986,2987,3808,3439
FBgn0037650,0,0,0,0
FBgn0037652,9754,12579,16961,15556
FBgn0037653,4568,3851,6209,5609
FBgn0037654,247,293,246,238
FBgn0037656,1778,1785,2825,2410
FBgn0037657,5288,5397,6674,6521
FBgn0028708,3803,4244,3713,3485
FBgn0037659,12580,13333,5544,5604
FBgn0037661,599,767,1070,991
FBgn0037662,0,0,0,0
FBgn0037664,4439,4271,2547,2383
FBgn0037665,0,2,1,0
FBgn0037666,0,2,3,1
FBgn0037667,1562,2192,2475,2227
FBgn0037670,830,1118,1375,1191
FBgn0037671,11487,10735,21208,20091
FBgn0010803,6430,7027,9120,8645
FBgn0037672,24,30,48,42
FBgn0037669,2123,2765,2451,1972
FBgn0037668,7,18,15,13
FBgn0000412,15604,17388,27547,25839
FBgn0003165,17441,17335,24771,25590
FBgn0037660,2693,2441,3703,3488
FBgn0010222,2135,2058,3337,3110
FBgn0002932,8757,9251,6525,6266
FBgn0040534,1181,1767,3509,2562
FBgn0037655,13187,12493,20211,18021
FBgn0026380,12161,10434,25248,23455
FBgn0051100,57,33,94,67
FBgn0037647,2898,3490,3638,3619
FBgn0037645,75,103,11,8
FBgn0037644,3926,3917,6092,5834
FBgn0037675,0,0,0,0
FBgn0037680,3647,4636,3354,3134
FBgn0037683,18,30,39,26
FBgn0037684,19,6,17,14
FBgn0037685,2,1,8,2
FBgn0037687,1468,1571,2872,2518
FBgn0037689,0,0,0,0
FBgn0011740,5762,5979,5316,4698
FBgn0037697,0,0,0,0
FBgn0037696,1853,2719,1257,1097
FBgn0037690,5,2,5,1
FBgn0003889,15,16,36,47
FBgn0037688,3893,4222,4879,4256
FBgn0037686,20990,10946,84070,75974
FBgn0000723,342,303,633,629
FBgn0037679,2358,2507,2809,2741
FBgn0037678,15,20,52,35
FBgn0037677,0,0,0,0
FBgn0037676,0,2,0,0
FBgn0037700,5432,5499,7131,6627
FBgn0014022,2922,3652,4130,3899
FBgn0037703,1287,1568,1430,1431
FBgn0037702,9565,9965,12139,12072
FBgn0037707,3224,2582,6346,5977
FBgn0037709,2686,3219,4254,3991
FBgn0027950,2641,2233,3805,3339
FBgn0037712,42,45,63,62
FBgn0037717,3743,4014,3868,3696
FBgn0037718,7251,7552,10360,9719
FBgn0037720,3270,2959,4626,4430
FBgn0037722,3364,4052,4489,4146
FBgn0037723,8343,8836,17586,15592
FBgn0012344,1,3,4,1
FBgn0037727,0,5,0,3
FBgn0037728,44025,55283,81141,68419
FBgn0028997,2474,2653,3962,3435
FBgn0037731,0,0,0,0
FBgn0052939,0,0,0,0
FBgn0003886,0,0,0,1
FBgn0002431,21042,26771,22560,25105
FBgn0037734,3007,3195,4096,4103
FBgn0051352,232,275,342,372
FBgn0053105,0,0,0,0
FBgn0260463,0,0,0,0
FBgn0069242,2421,2194,3237,2592
FBgn0037730,37,45,38,45
FBgn0037726,7,4,3,1
FBgn0037724,0,5,0,0
FBgn0003334,9093,9299,11068,10995
FBgn0005585,37791,34425,93111,86741
FBgn0037721,51,34,156,110
FBgn0027338,32038,38240,39966,40581
FBgn0037715,1837,1759,4278,3598
FBgn0037714,3,5,3,3
FBgn0037713,785,757,1037,887
FBgn0037710,5807,6827,8016,6925
FBgn0024833,7928,7106,12393,11288
FBgn0037708,769,1196,1152,1142
FBgn0037705,2468,2397,3884,4436
FBgn0000244,2527,2567,1852,1694
FBgn0014023,2452,2142,4484,3484
FBgn0003205,19015,22392,22981,20053
FBgn0014380,404,430,499,506
FBgn0037698,3,2,0,1
FBgn0037737,4326,5703,7805,7251
FBgn0051415,4,1,4,6
FBgn0005777,13650,16472,17156,15778
FBgn0037743,1830,2115,2145,1970
FBgn0037744,1637,1767,1879,1866
FBgn0037751,140,79,316,322
FBgn0037753,176,191,265,271
FBgn0037754,46,57,13,28
FBgn0037756,20213,27135,30464,27933
FBgn0037757,4938,4702,5446,5673
FBgn0037759,656,572,1239,1214
FBgn0037761,0,1,1,0
FBgn0037762,20,3,5,42
FBgn0037770,14151,15265,16159,15729
FBgn0037766,5,13,2,9
FBgn0037765,6,0,3,13
FBgn0037763,20,1,6,50
FBgn0037760,13524,13961,16126,15511
FBgn0037758,8224,8266,10769,10655
FBgn0037755,6092,7066,8575,8549
FBgn0002868,1125,1520,1023,695
FBgn0037750,19,17,53,49
FBgn0037749,2958,3118,4436,4007
FBgn0024330,4312,4170,3141,3079
FBgn0037742,79,77,189,182
FBgn0037741,2569,3143,2766,2830
FBgn0037739,3822,3927,6198,5310
FBgn0037736,12,15,13,6
FBgn0037772,8,6,0,2
FBgn0027524,2330,2561,4547,3788
FBgn0037778,1164,1407,2011,1927
FBgn0037780,3004,3057,3698,3285
FBgn0051410,4,4,0,0
FBgn0037783,0,0,0,0
FBgn0041105,0,0,0,0
FBgn0037788,4732,5722,3892,3982
FBgn0051477,5,6,11,5
FBgn0037796,114,135,196,263
FBgn0040238,4616,5129,5335,5193
FBgn0037794,2663,3694,4233,4057
FBgn0037792,3991,5267,5229,5122
FBgn0004889,28818,36079,39733,39792
FBgn0001321,34,52,37,36
FBgn0028734,16208,17306,28549,28821
FBgn0037786,0,0,0,0
FBgn0037782,0,0,0,0
FBgn0037781,1449,1662,2052,1870
FBgn0037779,3803,4287,7319,6501
FBgn0037777,852,870,1666,1352
FBgn0053208,6036,6073,9019,9543
FBgn0051407,1,0,0,0
FBgn0037773,1751,1800,2283,1932
FBgn0045473,0,0,6,1
FBgn0037797,1,0,0,0
FBgn0037801,3,4,1,1
FBgn0040078,7576,8240,14535,13404
FBgn0037809,1330,1530,1636,1501
FBgn0037810,20291,26523,34602,36305
FBgn0037811,416,452,899,869
FBgn0051406,0,0,1,0
FBgn0015396,13675,15854,15746,14740
FBgn0020379,2152,2443,3680,3592
FBgn0037807,9623,10507,21421,19070
FBgn0011970,0,0,0,0
FBgn0037802,1844,2630,3251,2643
FBgn0037798,0,0,0,0
FBgn0025879,749,825,1308,1147
FBgn0045443,2,1,3,3
FBgn0037815,956,909,2076,1911
FBgn0037817,20,40,31,35
FBgn0037816,614,651,934,907
FBgn0024957,7644,7065,14440,13303
FBgn0037814,3413,3952,3176,3116
FBgn0037824,0,0,0,0
FBgn0037827,0,0,0,0
FBgn0037831,1306,1798,1668,1968
FBgn0037832,42,25,3,3
FBgn0017577,20670,19488,29512,27976
FBgn0037835,146,143,227,187
FBgn0037838,1780,2011,2005,1850
FBgn0037841,170,258,1322,968
FBgn0037843,13584,14890,15289,14331
FBgn0037844,7853,7125,15983,13785
FBgn0037848,4571,5105,5517,4995
FBgn0037849,21,12,27,17
FBgn0011768,15398,11908,46100,39481
FBgn0037846,998,1174,1407,1363
FBgn0037845,42,41,68,54
FBgn0037842,2601,2905,3991,3637
FBgn0037837,0,1,0,1
FBgn0037834,17880,20125,27661,26351
FBgn0010421,4524,4963,5286,4910
FBgn0051390,1865,2016,3190,2652
FBgn0051272,2,0,4,1
FBgn0037829,0,0,0,1
FBgn0004841,0,3,1,0
FBgn0037828,0,1,0,0
FBgn0037826,1,0,0,0
FBgn0051373,706,936,1219,1024
FBgn0051278,504,579,924,822
FBgn0051467,145,204,187,209
FBgn0051391,25,21,30,23
FBgn0037819,3749,3612,6320,5423
FBgn0037818,17,15,31,19
FBgn0037856,3683,3854,4183,4369
FBgn0037857,2,0,0,0
FBgn0037855,3866,3899,5805,5431
FBgn0042094,2604,3438,3735,3628
FBgn0037853,157,127,1591,1860
FBgn0037852,2929,2932,3535,3189
FBgn0037850,2,6,1,13
FBgn0037862,1,3,0,0
FBgn0040257,10,7,11,27
FBgn0040259,1073,1396,2970,2922
FBgn0027584,2,2,4,3
FBgn0040252,1,2,1,2
FBgn0037870,0,0,3,0
FBgn0037874,100373,105261,183969,156950
FBgn0037876,715,630,1141,1043
FBgn0020910,142510,95372,307223,300887
FBgn0037879,465,473,461,408
FBgn0037880,990,580,2706,2348
FBgn0037883,453,623,1114,975
FBgn0037885,1616,1676,3458,3089
FBgn0051441,822,1052,1272,1053
FBgn0051388,654,741,647,682
FBgn0037889,135,110,157,145
FBgn0037891,10459,10023,19204,17873
FBgn0037890,8380,10435,11713,10395
FBgn0037888,0,1,0,3
FBgn0037884,2748,2889,3802,3786
FBgn0037882,908,831,1328,1172
FBgn0037881,3455,2828,5324,5116
FBgn0037878,5044,4536,7478,6790
FBgn0037877,2342,2354,3079,2948
FBgn0037875,4952,4767,8895,8014
FBgn0037873,2859,2387,5921,5210
FBgn0040250,1,0,3,2
FBgn0026315,88,157,2617,2264
FBgn0026314,0,1,3,3
FBgn0040255,0,0,0,0
FBgn0040253,0,0,0,0
FBgn0040251,22,71,79,104
FBgn0040256,8,12,18,25
FBgn0037860,0,0,0,0
FBgn0037892,1300,1019,3047,2436
FBgn0011774,6709,6423,6572,5974
FBgn0037894,14799,17972,18962,18531
FBgn0037897,5558,5173,6767,6795
FBgn0037898,330,475,457,346
FBgn0037900,1741,1735,2634,2324
FBgn0037902,252,173,4906,4344
FBgn0046225,1699,1410,2852,2595
FBgn0037908,0,0,0,0
FBgn0037906,214,208,336,360
FBgn0051374,72,72,130,133
FBgn0037901,4400,4320,5195,4836
FBgn0037899,10279,9100,28158,21692
FBgn0037896,3,8,3,1
FBgn0037895,2,0,1,0
FBgn0026064,0,0,0,0
FBgn0026063,0,0,0,0
FBgn0037910,0,0,0,0
FBgn0037911,1900,1950,2055,1888
FBgn0037916,0,0,0,0
FBgn0037917,4218,4744,5835,5483
FBgn0037920,2429,3057,2654,2466
FBgn0037922,3487,3367,4765,4264
FBgn0042205,975,1221,1145,987
FBgn0037924,12143,12136,11278,10779
FBgn0037926,5319,6376,7798,7673
FBgn0037930,5114,5198,7086,6317
FBgn0037933,3188,4059,4766,4409
FBgn0037939,3,0,0,0
FBgn0025821,2,0,0,0
FBgn0037940,1,0,0,0
FBgn0037941,0,1,0,0
FBgn0037942,1967,2426,3038,2724
FBgn0037943,5456,6965,6485,6393
FBgn0037944,5480,5023,5310,4984
FBgn0002906,7427,8749,7849,7724
FBgn0037937,0,0,0,0
FBgn0042110,0,0,0,4
FBgn0037936,47,52,54,48
FBgn0037935,3,3,3,3
FBgn0037934,144,148,144,108
FBgn0011290,4512,4662,5137,4507
FBgn0037931,2881,3099,2601,2522
FBgn0037923,351,412,748,672
FBgn0037921,739,836,1068,854
FBgn0051363,21201,24553,26086,25545
FBgn0037918,5450,5687,4873,4795
FBgn0037915,23,30,138,145
FBgn0037950,25,23,3,6
FBgn0019624,7918,6813,23090,18511
FBgn0003312,104,144,348,398
FBgn0051368,4948,6786,6704,6602
FBgn0037964,0,0,0,0
FBgn0051211,2065,1999,4564,4374
FBgn0013276,0,0,0,0
FBgn0000147,6214,6140,8510,7307
FBgn0037970,7,11,3,4
FBgn0037976,0,0,0,2
FBgn0037975,0,0,2,0
FBgn0037974,4,4,29,15
FBgn0037973,108,107,293,259
FBgn0037972,259,349,55,53
FBgn0013275,1,1,0,0
FBgn0037963,4919,5946,7456,9114
FBgn0037962,2,2,1,4
FBgn0037960,1863,2430,1179,1148
FBgn0037958,3328,3715,2677,2405
FBgn0037956,261,346,624,651
FBgn0037955,5182,5096,9431,8368
FBgn0051116,481,571,864,895
FBgn0025802,3966,4717,4426,4599
FBgn0037949,3608,4361,3408,3259
FBgn0017581,59196,70425,90184,91416
FBgn0037979,3021,3445,3698,3856
FBgn0037981,761,590,1107,1030
FBgn0037985,6,3,0,0
FBgn0051361,15,6,9,8
FBgn0011905,0,0,0,0
FBgn0037995,2,1,0,0
FBgn0037994,1,0,0,0
FBgn0037993,1,0,1,1
FBgn0037992,0,0,0,0
FBgn0037989,215,407,276,445
FBgn0037988,3,1,1,0
FBgn0037987,1,1,0,0
FBgn0051358,0,0,0,0
FBgn0037980,1713,1424,2219,1960
FBgn0037978,1377,1260,2231,2086
FBgn0051356,0,0,0,0
FBgn0038000,0,0,0,0
FBgn0038003,0,0,0,0
FBgn0038008,0,0,0,0
FBgn0003651,0,0,2,1
FBgn0038009,0,0,0,0
FBgn0038011,2081,1560,6289,6569
FBgn0038012,30,31,187,142
FBgn0038017,1,2,10,3
FBgn0010038,133,727,476,657
FBgn0010039,3009,3680,20363,16592
FBgn0010040,6,9,20,17
FBgn0010041,5,13,35,40
FBgn0010042,1,4,5,6
FBgn0010043,0,1,0,5
FBgn0010044,0,0,3,1
FBgn0038029,1,0,1,1
FBgn0053098,0,0,0,1
FBgn0038038,1046,796,3574,3510
FBgn0038039,6358,5899,9512,8120
FBgn0082831,10938,10784,12632,13038
FBgn0038043,5066,3385,12865,11339
FBgn0038045,12,9,22,13
FBgn0038047,1754,2363,1879,1683
FBgn0038049,3704,3004,8650,7889
FBgn0043043,2,5,5,9
FBgn0029512,9365,9296,18506,15778
FBgn0038046,4455,3053,9707,8853
FBgn0004103,23193,25710,32342,32132
FBgn0038042,12,9,29,29
FBgn0000455,2436,1996,5704,5380
FBgn0038037,590,811,661,650
FBgn0038034,155,190,212,213
FBgn0038028,0,0,0,0
FBgn0038020,435,620,1552,1430
FBgn0042206,19,33,52,45
FBgn0038018,1,0,3,3
FBgn0038016,8622,9230,9672,9979
FBgn0038014,8,9,2,8
FBgn0038013,2747,3252,3677,3374
FBgn0051432,0,0,0,0
FBgn0038007,0,2,0,1
FBgn0038006,0,0,2,1
FBgn0038005,0,0,0,1
FBgn0011270,0,0,0,0
FBgn0038001,3,3,5,14
FBgn0037999,1113,913,2858,2393
FBgn0037998,3468,3681,3962,3673
FBgn0037996,1,0,0,0
FBgn0038052,9,12,4,6
FBgn0038053,7564,8065,5349,4964
FBgn0038054,4,3,0,3
FBgn0038055,3030,2872,4361,3997
FBgn0038057,1509,2072,2279,2194
FBgn0051354,0,0,0,0
FBgn0013278,26,34,62,52
FBgn0013279,0,0,2,0
FBgn0028374,0,0,0,0
FBgn0038065,7854,9101,11769,11352
FBgn0260444,2780,2312,3968,3654
FBgn0042207,58,59,71,64
FBgn0038067,0,14,2,1
FBgn0038068,2,0,1,2
FBgn0038069,0,0,0,0
FBgn0038071,31,27,113,101
FBgn0038072,17,15,24,14
FBgn0038073,2,1,3,5
FBgn0038074,12,8,8,6
FBgn0011745,6536,6406,10306,9709
FBgn0038079,162,158,163,135
FBgn0016693,8114,8338,14114,13995
FBgn0038080,727,679,1641,1203
FBgn0038082,0,0,0,0
FBgn0038084,2,0,0,0
FBgn0038083,1,0,4,0
FBgn0002719,8449,6605,24688,22611
FBgn0002905,2556,2895,3131,3118
FBgn0038078,0,0,0,0
FBgn0051347,2,3,0,2
FBgn0005355,4499,3837,7108,6622
FBgn0001296,4001,3678,10892,11543
FBgn0038076,159,167,217,171
FBgn0026207,5071,5682,6687,6439
FBgn0038070,21,8,42,69
FBgn0005671,37400,36235,67914,66339
FBgn0052865,0,2,0,1
FBgn0013277,3,3,0,0
FBgn0038058,2807,3758,3158,3069
FBgn0038056,2811,2718,4537,4117
FBgn0038051,1,2,4,1
FBgn0038089,0,0,0,0
FBgn0038092,0,0,0,0
FBgn0038090,1,0,0,0
FBgn0038088,204,340,287,328
FBgn0051345,0,1,0,0
FBgn0038095,7,3,9,5
FBgn0038099,13310,12100,18878,16698
FBgn0038100,13546,20592,20479,19813
FBgn0051342,12786,13966,14234,14146
FBgn0038106,1802,1784,2534,2234
FBgn0038108,9580,7504,16686,17707
FBgn0038109,0,0,1,0
FBgn0002354,1044,1107,1997,1537
FBgn0003308,2,5,1,0
FBgn0038113,0,0,1,2
FBgn0038114,46,55,6,6
FBgn0001217,28,17,50,42
FBgn0051157,1,1,0,2
FBgn0004666,2274,2176,3770,5282
FBgn0038118,4426,4596,6579,6234
FBgn0038115,2637,3357,4903,4569
FBgn0003450,804,746,1583,1295
FBgn0038110,3356,3760,4405,3784
FBgn0038107,0,0,0,0
FBgn0038105,26,24,50,36
FBgn0041710,41,66,89,68
FBgn0038102,1,4,0,0
FBgn0038098,2756,2783,2612,2234
FBgn0040493,11633,11373,17629,16156
FBgn0038097,0,0,0,0
FBgn0038122,1,0,0,0
FBgn0038124,0,0,0,1
FBgn0038125,0,0,0,0
FBgn0040551,576,632,708,504
FBgn0003598,20370,21335,20073,19440
FBgn0038130,1,3,5,8
FBgn0038133,0,0,0,0
FBgn0038135,0,0,0,0
FBgn0038136,0,0,0,2
FBgn0052473,26091,27723,34769,34051
FBgn0038140,14,9,7,1
FBgn0045442,0,0,0,0
FBgn0027610,5051,5330,5545,5516
FBgn0038142,3,1,3,0
FBgn0038144,11,11,2,3
FBgn0038145,46360,49589,69561,63182
FBgn0038148,0,1,0,0
FBgn0041711,17,7,10,16
FBgn0038151,0,0,0,0
FBgn0038150,0,0,0,0
FBgn0038149,37487,37700,55386,49907
FBgn0040553,0,0,0,0
FBgn0038147,1,0,1,7
FBgn0038146,5253,5248,8807,8801
FBgn0044511,1679,2308,3302,2299
FBgn0038143,39,24,44,69
FBgn0023495,7,5,3,2
FBgn0038134,0,0,0,0
FBgn0038132,0,0,1,0
FBgn0038129,2740,2691,3518,3251
FBgn0038128,1610,1649,1796,1607
FBgn0000024,5,7,14,8
FBgn0038127,1,0,1,0
FBgn0038126,3,0,2,1
FBgn0038123,0,0,0,0
FBgn0038153,4,4,2,10
FBgn0000046,58,81,132,127
FBgn0038158,3,2,0,0
FBgn0038159,1,0,0,0
FBgn0051337,0,0,0,0
FBgn0038157,0,0,0,0
FBgn0040554,0,0,0,0
FBgn0004049,9209,9861,10224,10265
FBgn0038161,0,0,0,0
FBgn0038163,3,0,0,0
FBgn0015778,44885,55522,86338,92829
FBgn0038167,5207,4256,7857,7419
FBgn0024555,10755,11463,10769,11136
FBgn0038170,1,6,4,3
FBgn0002937,1,3,0,0
FBgn0038173,5,6,16,23
FBgn0038179,1,1,1,0
FBgn0038180,0,3,2,1
FBgn0038181,13,20,61,49
FBgn0260464,0,0,0,0
FBgn0038183,1184,1339,2643,2776
FBgn0000454,63802,63582,66801,78717
FBgn0051588,0,0,0,0
FBgn0051331,0,0,0,0
FBgn0038172,14,13,21,26
FBgn0028487,2097,2535,2355,2126
FBgn0038168,5942,5684,7052,6384
FBgn0038166,2610,2459,4134,3591
FBgn0038165,4,4,2,7
FBgn0004237,23988,28883,37142,33436
FBgn0010258,14,5,19,23
FBgn0003060,0,0,0,0
FBgn0038160,0,0,0,0
FBgn0000576,0,0,0,1
FBgn0047199,2702,3534,1492,1272
FBgn0016672,3351,2397,6631,5888
FBgn0015270,6002,6453,8714,7885
FBgn0038195,6022,7050,8220,7673
FBgn0038196,4408,5211,9217,7303
FBgn0038191,9302,11836,10274,10596
FBgn0038190,2561,3238,3650,3305
FBgn0038189,0,0,0,0
FBgn0038188,0,0,0,0
FBgn0008646,0,0,0,0
FBgn0038186,0,0,0,0
FBgn0051495,1060,1213,1168,1077
FBgn0002862,2,1,0,0
FBgn0038197,6281,7246,8275,8372
FBgn0038198,35,32,52,50
FBgn0038203,0,0,0,0
FBgn0038206,4445,3791,6037,5247
FBgn0038210,2,0,0,0
FBgn0027083,1748,1640,3026,2838
FBgn0038214,0,0,0,0
FBgn0038213,0,0,0,0
FBgn0027563,2,1,1,3
FBgn0053329,3,1,4,7
FBgn0053109,0,0,0,0
FBgn0051326,2,1,0,6
FBgn0038211,4,0,2,0
FBgn0011582,0,0,0,0
FBgn0051327,1,0,0,0
FBgn0051533,2,0,0,0
FBgn0038209,0,0,0,0
FBgn0038208,2,2,0,0
FBgn0038207,56,22,76,69
FBgn0010340,1417,1895,1892,1749
FBgn0020510,6090,6404,7737,7579
FBgn0038205,3,7,1,2
FBgn0038204,2,3,3,2
FBgn0038202,2,3,0,7
FBgn0038200,3,4,0,0
FBgn0038199,1,1,0,0
FBgn0011971,0,0,0,0
FBgn0038219,0,0,0,0
FBgn0038221,38,24,46,73
FBgn0004855,3219,3609,4568,3807
FBgn0051321,4,3,2,2
FBgn0013767,3,0,1,0
FBgn0011474,12873,15507,13717,14435
FBgn0038224,7736,7667,16472,14915
FBgn0003480,1751,1915,2463,2169
FBgn0038225,3,0,0,0
FBgn0024321,478,563,603,713
FBgn0051320,595,800,2755,2502
FBgn0038223,7309,8526,7933,8175
FBgn0003567,8304,10235,13847,13569
FBgn0038218,0,0,0,0
FBgn0038217,0,0,0,0
FBgn0038234,1410,1485,1911,1720
FBgn0038236,0,0,0,1
FBgn0038239,0,0,0,0
FBgn0038240,0,0,0,0
FBgn0038242,0,7,0,0
FBgn0020299,220,173,250,266
FBgn0038246,0,0,0,0
FBgn0013981,15995,16435,35578,25506
FBgn0038247,316,288,900,866
FBgn0038250,29,31,54,63
FBgn0038251,4724,5221,7527,6473
FBgn0038252,30847,34227,57582,48194
FBgn0025808,3504,4422,4213,3850
FBgn0038248,30,8,10,9
FBgn0003169,6485,7395,7155,6983
FBgn0038244,16891,18191,18871,17793
FBgn0004629,952,725,3209,2175
FBgn0038243,973,1350,1345,1126
FBgn0051313,21,32,44,34
FBgn0038241,0,0,0,0
FBgn0038238,0,0,0,0
FBgn0038237,487,633,244,253
FBgn0038235,1084,1645,2278,2070
FBgn0038233,2566,3033,2829,2703
FBgn0038260,28,14,40,48
FBgn0038261,8,4,28,23
FBgn0038262,6,6,16,15
FBgn0038266,0,0,0,0
FBgn0038268,2065,2474,2405,2252
FBgn0067628,1825,1840,2167,1777
FBgn0067629,3713,4368,5072,4568
FBgn0038271,16234,12090,40886,37205
FBgn0038273,579,767,711,615
FBgn0038275,2140,2222,3281,3099
FBgn0038279,7,6,1344,1149
FBgn0028662,12883,13209,22738,20639
FBgn0038277,41202,27235,144365,125363
FBgn0038274,3908,3625,5729,5388
FBgn0038272,2762,3157,3810,3616
FBgn0004597,3027,3620,3465,3089
FBgn0038269,5322,5678,5661,5792
FBgn0038258,2,0,80,81
FBgn0038257,9,3,31,34
FBgn0011217,44013,57400,74732,70652
FBgn0038256,19632,20268,21629,19215
FBgn0038280,1,1,0,0
FBgn0038281,1,0,0,0
FBgn0038291,16,11,12,14
FBgn0038292,39,38,70,57
FBgn0038296,349,382,618,508
FBgn0038294,716,930,1599,1806
FBgn0038290,427,515,755,769
FBgn0038286,12223,13751,17325,16767
FBgn0038285,5,0,3,0
FBgn0038300,3567,3181,4133,3718
FBgn0038302,560,721,1930,1686
FBgn0038304,3944,3890,4159,3898
FBgn0038307,3846,4449,4528,4057
FBgn0014879,14024,17660,22743,20822
FBgn0016691,10704,8114,28133,23543
FBgn0038312,1585,1465,2380,2436
FBgn0038313,1190,1176,1941,1696
FBgn0004117,315,342,667,701
FBgn0038315,3,7,5,5
FBgn0026441,5908,5370,5985,6118
FBgn0000533,2529,2087,3335,2769
FBgn0038319,2748,2166,5147,4277
FBgn0038320,9584,11486,12923,12938
FBgn0021750,2561,2587,3073,2866
FBgn0051301,5907,7472,8163,7949
FBgn0038324,778,958,643,605
FBgn0038326,6179,6697,8512,8225
FBgn0038327,2094,2655,3478,2965
FBgn0038331,7288,8348,13445,10915
FBgn0041188,13786,14756,16507,16220
FBgn0038339,0,3,3,1
FBgn0038337,51,40,66,47
FBgn0038334,0,1,0,0
FBgn0038332,496,487,732,617
FBgn0038330,212,217,430,429
FBgn0026737,2858,3266,3852,3216
FBgn0026634,3090,3622,2901,2965
FBgn0038325,3498,3597,3733,3724
FBgn0019925,11041,11878,15827,15074
FBgn0038321,1853,2051,2311,2257
FBgn0013269,27973,28886,66461,65019
FBgn0038318,6639,6166,9360,8621
FBgn0038316,3918,3391,5906,5158
FBgn0011476,714,1005,1831,1409
FBgn0027378,3980,3722,4972,4512
FBgn0000283,16665,19707,19220,19958
FBgn0038311,72,74,54,69
FBgn0038309,7,1,0,2
FBgn0045035,4442,5482,6347,6683
FBgn0038306,6254,7979,10655,10236
FBgn0051344,2646,2829,3194,2852
FBgn0051155,2391,3029,3429,2795
FBgn0038303,3214,3800,4038,3903
FBgn0038301,1848,1687,1634,1609
FBgn0038299,2,6,3,2
FBgn0028984,5625,5195,9740,8884
FBgn0000047,0,0,4,2
FBgn0038342,0,0,0,0
FBgn0019940,0,0,1,1
FBgn0038344,4627,5090,5828,6092
FBgn0038345,2,1,0,0
FBgn0038350,0,4,2,0
FBgn0038349,7061,7806,12638,13063
FBgn0038348,132,84,299,297
FBgn0051296,6,4,4,2
FBgn0038343,0,0,0,0
FBgn0038341,780,695,1578,1720
FBgn0053207,67,40,156,155
FBgn0051446,0,0,0,0
FBgn0038353,356,406,276,544
FBgn0038354,0,0,0,1
FBgn0038355,1,0,1,0
FBgn0038356,0,0,0,0
FBgn0038358,0,0,0,0
FBgn0038359,4,1,0,0
FBgn0038360,3302,3093,4756,4179
FBgn0038361,13,16,13,14
FBgn0038363,1348,2257,3110,2642
FBgn0038365,3,5,6,2
FBgn0026616,2850,3017,5238,4937
FBgn0038366,4,1,2,2
FBgn0038369,2671,2453,3795,3601
FBgn0003483,12450,15680,14310,14491
FBgn0038373,5,0,6,4
FBgn0038377,0,0,0,0
FBgn0051183,63,92,95,84
FBgn0038376,10596,11421,11661,11010
FBgn0038371,204,194,249,168
FBgn0017567,4092,3486,5934,5237
FBgn0003227,912,938,1241,1227
FBgn0000246,2193,3273,4380,4212
FBgn0038357,0,0,0,0
FBgn0051294,0,0,0,0
FBgn0051292,0,0,0,0
FBgn0038381,5277,5976,4370,4149
FBgn0038385,10,14,22,27
FBgn0038387,1918,2296,3413,2843
FBgn0013334,3687,3643,7265,7005
FBgn0038389,2145,2124,3308,2827
FBgn0038390,6880,7980,6418,6078
FBgn0022787,5963,6710,7070,7293
FBgn0038391,0,0,0,1
FBgn0003117,2,0,5,1
FBgn0038394,0,0,1,2
FBgn0038396,699,725,1293,1138
FBgn0027948,35480,43596,43979,46902
FBgn0038398,0,0,0,0
FBgn0010379,11824,14432,17068,16806
FBgn0052855,9,3,6,8
FBgn0038397,2,6,4,1
FBgn0024222,3065,3818,3144,3010
FBgn0038395,5000,6966,20988,26481
FBgn0002783,21743,21758,27836,27356
FBgn0052856,570,786,1290,967
FBgn0038388,6361,8252,8452,7509
FBgn0051088,3,6,5,1
FBgn0038386,1,2,0,0
FBgn0027657,7376,8878,9599,8042
FBgn0038380,0,0,0,1
FBgn0003319,0,1,4,11
FBgn0038401,5205,5911,6122,5733
FBgn0063649,708,720,905,878
FBgn0038404,0,0,1,1
FBgn0051287,30,41,28,15
FBgn0040071,3295,2784,1072,1139
FBgn0020407,1650,1639,2222,2135
FBgn0020399,2,4,0,3
FBgn0038412,3059,3029,1181,941
FBgn0011858,0,0,0,0
FBgn0012011,0,0,0,0
FBgn0038414,1,0,3,5
FBgn0038415,0,0,0,0
FBgn0038416,3,1,8,6
FBgn0040271,3924,4618,4691,4667
FBgn0040237,5607,5417,7975,8299
FBgn0038407,4414,3914,3628,3660
FBgn0024491,3049,3516,3466,2877
FBgn0038402,0,0,0,0
FBgn0038400,7107,6590,15506,13124
FBgn0038418,1817,1510,1710,1784
FBgn0027095,5544,6169,12718,10009
FBgn0051279,145,191,118,98
FBgn0051282,0,0,0,0
FBgn0038424,3303,2704,4475,4117
FBgn0038425,1433,1715,2125,1823
FBgn0038429,4789,5678,4582,4396
FBgn0038431,23,8,52,47
FBgn0038432,4775,5899,4962,4765
FBgn0027053,5571,6350,8089,7294
FBgn0038435,1,7,0,3
FBgn0038436,2,3,1,1
FBgn0038445,1,1,0,1
FBgn0038446,1180,1449,2015,1555
FBgn0028381,0,0,1,0
FBgn0038439,0,0,0,0
FBgn0038438,5551,5635,6433,5927
FBgn0038437,1280,1462,1733,1359
FBgn0044826,10958,13983,12079,12407
FBgn0038428,5399,5913,8868,7599
FBgn0038426,939,1042,2219,1995
FBgn0051497,0,0,0,0
FBgn0003513,2,3,3,0
FBgn0038423,0,0,0,0
FBgn0038422,1,1,3,3
FBgn0038421,599,1000,209,152
FBgn0038420,64,80,169,139
FBgn0038419,659,853,935,824
FBgn0038447,0,0,0,0
FBgn0027109,0,0,0,0
FBgn0038449,6,0,5,10
FBgn0038450,39,2,71,139
FBgn0038451,1,0,0,0
FBgn0015520,4351,5184,4763,4437
FBgn0038453,7091,9545,11495,10529
FBgn0015019,23343,18102,52415,48885
FBgn0015230,0,0,0,0
FBgn0020556,0,0,0,0
FBgn0063261,0,0,0,0
FBgn0003944,0,4,0,0
FBgn0051217,1009,912,955,832
FBgn0038455,943,1354,1331,1145
FBgn0015351,1196,1222,1172,1033
FBgn0038454,1447,1777,1835,1697
FBgn0038452,11,6,16,27
FBgn0022344,3348,3186,4470,3850
FBgn0027562,0,1,1,2
FBgn0020907,0,0,0,0
FBgn0038458,0,0,0,0
FBgn0043069,10,13,14,19
FBgn0038463,2633,3353,2831,2601
FBgn0038465,3017,4018,3671,4001
FBgn0038466,27,27,34,28
FBgn0038467,7127,7074,13203,12641
FBgn0038462,3105,4526,3124,2811
FBgn0038461,1546,1704,2414,1813
FBgn0038460,550,610,1242,1275
FBgn0015011,58,53,156,221
FBgn0015008,1,1,0,0
FBgn0000015,7,4,9,5
FBgn0000014,115,128,140,187
FBgn0038468,0,0,0,0
FBgn0051268,1,2,2,4
FBgn0038471,3325,4157,5795,4962
FBgn0038476,6192,6654,28394,27556
FBgn0038478,15148,16556,20186,20197
FBgn0051269,0,0,0,0
FBgn0051265,0,0,1,1
FBgn0051267,0,0,0,0
FBgn0038484,4,6,7,2
FBgn0038485,2,4,2,3
FBgn0038486,1,0,0,0
FBgn0038490,660,862,1079,818
FBgn0038491,2252,2831,4458,4000
FBgn0038494,4,3,6,15
FBgn0051262,0,0,2904,2577
FBgn0038492,1,1,2,0
FBgn0038488,5479,6171,6335,5898
FBgn0038487,1,0,2,0
FBgn0038482,0,0,0,0
FBgn0038481,0,0,0,0
FBgn0038479,0,0,0,0
FBgn0038475,1387,1708,1771,1690
FBgn0038473,7233,9407,13327,12807
FBgn0038472,2011,2651,2631,2432
FBgn0038470,4158,5994,6177,6132
FBgn0038469,23236,10908,50185,41608
FBgn0051418,0,0,0,0
FBgn0051419,0,0,0,0
FBgn0028992,4881,6147,8699,8377
FBgn0038505,0,0,0,0
FBgn0038506,0,0,0,0
FBgn0038507,0,1,0,0
FBgn0038508,9,11,19,20
FBgn0053333,0,0,0,0
FBgn0038511,1,4,4,0
FBgn0038512,0,0,0,0
FBgn0000564,0,0,0,0
FBgn0038510,0,0,0,0
FBgn0038509,0,0,0,0
FBgn0038504,5561,6425,5369,5468
FBgn0038499,1907,1948,2191,2218
FBgn0038498,0,3,0,0
FBgn0038516,21,14,85,66
FBgn0025571,5049,4549,9695,9705
FBgn0038523,0,0,0,0
FBgn0003375,0,0,0,0
FBgn0038524,3988,4451,4062,3832
FBgn0038525,0,0,0,0
FBgn0038526,3,0,4,5
FBgn0012002,0,0,0,0
FBgn0038528,0,0,0,0
FBgn0051570,0,0,0,0
FBgn0011945,0,0,0,0
FBgn0038530,0,0,0,0
FBgn0038531,0,0,0,0
FBgn0051573,0,0,0,0
FBgn0051578,0,0,0,0
FBgn0051579,0,0,0,0
FBgn0051577,0,1,0,0
FBgn0038532,5384,7746,6233,6536
FBgn0051576,0,1,0,0
FBgn0000063,3868,4617,4309,4051
FBgn0038536,707,846,1184,994
FBgn0051360,728,848,1656,1521
FBgn0051249,3318,3579,4563,4049
FBgn0051251,1156,1278,1520,1330
FBgn0038533,1997,1895,2257,2073
FBgn0051575,0,0,0,0
FBgn0051580,0,0,0,0
FBgn0051568,0,0,0,0
FBgn0051569,0,0,0,0
FBgn0051591,0,0,0,0
FBgn0011994,0,0,0,0
FBgn0011993,0,0,0,0
FBgn0038529,1,0,0,0
FBgn0011840,0,0,0,0
FBgn0038527,0,0,0,0
FBgn0011944,0,0,0,0
FBgn0004554,0,1,30,42
FBgn0038519,6293,6260,8744,7868
FBgn0010926,9187,10823,13040,12888
FBgn0038515,7274,9108,14623,13834
FBgn0016650,24,22,37,47
FBgn0038540,1,0,14,7
FBgn0038541,10,16,19,10
FBgn0038545,2008,2778,2249,1813
FBgn0038558,0,0,0,0
FBgn0038552,4853,4344,7402,6639
FBgn0038551,4981,5664,5726,5370
FBgn0038550,356,496,460,423
FBgn0038549,2531,2964,2995,2689
FBgn0038548,1397,1538,1622,1535
FBgn0038546,4709,4444,7686,6573
FBgn0038542,4,3,4,5
FBgn0038539,0,1,0,0
FBgn0000477,1,5,5,11
FBgn0038564,2606,2901,3522,3317
FBgn0038565,6,7,8,11
FBgn0038566,0,0,0,0
FBgn0003499,12,12,17,34
FBgn0051242,0,0,0,0
FBgn0051518,0,0,0,0
FBgn0038567,0,0,0,0
FBgn0038568,0,1,1,0
FBgn0010389,183,228,491,445
FBgn0022943,1828,1666,3537,2990
FBgn0042693,16769,19187,20867,20413
FBgn0038576,2150,2306,3044,2822
FBgn0038578,3232,3213,3580,3350
FBgn0028499,1509,1319,3296,3091
FBgn0038581,49,35,157,92
FBgn0038582,409,475,622,585
FBgn0038585,4348,3890,8351,7702
FBgn0011701,0,0,0,1
FBgn0020238,59678,65118,92958,91191
FBgn0038589,5,20,11,8
FBgn0038592,4,1,2,2
FBgn0026250,21465,24516,47411,46566
FBgn0038597,2992,3288,6253,6414
FBgn0024432,8478,9024,15672,13356
FBgn0038607,1,0,0,0
FBgn0038609,3278,3094,5915,4884
FBgn0040569,0,0,0,0
FBgn0038611,13379,16580,41086,65691
FBgn0038610,2548,2487,3058,2440
FBgn0038608,6218,7801,9197,8430
FBgn0038606,4,4,2,2
FBgn0051235,0,1,0,3
FBgn0038603,6,2,10,14
FBgn0038602,0,0,0,0
FBgn0038601,3572,4576,7599,6836
FBgn0010877,12899,12862,18772,18509
FBgn0038598,46,38,69,56
FBgn0038596,1,1,4,2
FBgn0038595,56,32,77,74
FBgn0038593,2967,3272,3394,3258
FBgn0038590,836,666,1584,1402
FBgn0038588,3953,4016,5315,4877
FBgn0038586,1343,1347,2740,2200
FBgn0038584,3215,3690,4315,3819
FBgn0038583,1988,1735,2545,2374
FBgn0011481,17879,21158,31345,30513
FBgn0038579,2,0,0,0
FBgn0038577,4901,4214,7038,6311
FBgn0038569,7087,7208,9550,8521
FBgn0038612,30,51,87,85
FBgn0038619,646,569,1543,1204
FBgn0038626,0,0,0,0
FBgn0038627,467,590,843,743
FBgn0038630,1,6,2,2
FBgn0023083,7910,8429,7840,7752
FBgn0038629,0,1,0,0
FBgn0004652,379,323,862,806
FBgn0051122,4709,4733,4485,4195
FBgn0038621,5,7,9,17
FBgn0038617,2391,2089,3822,3466
FBgn0028670,24915,23473,30400,29453
FBgn0038613,2,4,8,10
FBgn0044871,2914,2799,3103,2501
FBgn0051231,6,6,1,6
FBgn0051229,1278,1074,2560,2215
FBgn0038638,936,840,522,569
FBgn0051230,2,2,3,3
FBgn0038640,2573,2413,3280,2990
FBgn0038641,0,1,1,0
FBgn0051226,4,0,0,0
FBgn0038653,62,87,75,116
FBgn0038652,17,21,17,16
FBgn0038649,4333,3670,6153,5748
FBgn0024329,12484,11833,12082,11909
FBgn0038646,0,0,0,0
FBgn0038645,0,0,0,0
FBgn0038642,0,0,0,0
FBgn0038639,5308,6310,6004,5686
FBgn0038632,5,8,32,15
FBgn0051228,0,0,0,0
FBgn0038631,5,2,19,20
FBgn0038654,12,26,44,41
FBgn0038655,15,23,43,55
FBgn0003248,16,14,59,47
FBgn0038659,4226,4300,4723,4596
FBgn0022338,13830,13991,20105,17324
FBgn0038673,2284,2440,4010,3216
FBgn0038674,131,123,217,192
FBgn0027785,2996,2394,10304,8465
FBgn0015781,1865,1854,3729,3285
FBgn0038675,1569,1574,2258,1751
FBgn0038676,6,9,8,11
FBgn0004876,10944,11451,13987,14650
FBgn0027784,2062,2150,3049,2823
FBgn0038672,1912,2008,2504,2095
FBgn0038666,1954,2044,2354,2213
FBgn0038665,24,35,33,36
FBgn0038662,7142,8469,8051,7493
FBgn0038660,61,67,31,30
FBgn0038658,0,1,1,0
FBgn0038656,0,0,0,0
FBgn0016120,10544,6379,21183,19488
FBgn0038679,675,711,1511,1717
FBgn0038680,21,31,22,24
FBgn0038681,38,49,27,22
FBgn0002962,22965,24236,42925,36785
FBgn0010768,944,871,1610,1718
FBgn0038685,1,1,0,0
FBgn0051475,16,21,32,46
FBgn0025680,275,269,907,1035
FBgn0038692,3080,3346,4009,3528
FBgn0038695,3,5,6,4
FBgn0000463,8935,10041,8950,9538
FBgn0038694,0,1,0,0
FBgn0038693,5,5,3,1
FBgn0038691,1,4,3,1
FBgn0038690,3,0,1,0
FBgn0038686,4498,4655,5654,5384
FBgn0038678,1239,1409,1832,1375
FBgn0038700,0,0,0,0
FBgn0038701,1,0,0,0
FBgn0038702,0,0,0,0
FBgn0038704,3510,4780,4047,4098
FBgn0038705,5,4,6,6
FBgn0038709,0,0,0,0
FBgn0038708,1,0,6,5
FBgn0038706,3,2,0,0
FBgn0051244,8,7,6,3
FBgn0051245,4,0,0,3
FBgn0051404,1,0,0,0
FBgn0038697,3,1,0,1
FBgn0038715,0,2,0,1
FBgn0038716,0,0,3,0
FBgn0038718,0,1,0,0
FBgn0038719,0,3,0,0
FBgn0038722,5053,3902,7539,6906
FBgn0051220,1,0,0,1
FBgn0051219,0,0,1,0
FBgn0003011,1,1,0,0
FBgn0038727,1,1,2,2
FBgn0051216,896,1115,918,895
FBgn0038732,0,0,0,0
FBgn0038733,10,3,905,863
FBgn0038734,2,4,1041,753
FBgn0012004,0,0,0,0
FBgn0051215,0,0,0,0
FBgn0051471,0,0,0,0
FBgn0038731,0,0,0,0
FBgn0038730,0,0,0,0
FBgn0012003,0,0,0,0
FBgn0038725,8,7,9,7
FBgn0038723,3251,2880,6776,5830
FBgn0038721,3535,4207,2902,2787
FBgn0038720,1363,1323,3777,4242
FBgn0051459,0,0,0,0
FBgn0038735,1316,1443,1463,1382
FBgn0038737,1697,1394,2363,2060
FBgn0038739,3782,3638,8144,6817
FBgn0038742,4460,3319,9341,8209
FBgn0014006,8091,9138,10892,10895
FBgn0038744,643,560,335,309
FBgn0038747,6922,6107,10135,9978
FBgn0038751,0,0,0,0
FBgn0038756,0,0,0,0
FBgn0051213,0,0,0,0
FBgn0038760,2059,1772,2085,2029
FBgn0038766,1362,1566,1414,1198
FBgn0038768,4024,3375,5350,5114
FBgn0038772,5429,6850,6880,6049
FBgn0038771,5688,4011,11940,10217
FBgn0040571,1,1,0,0
FBgn0038769,1449,1066,1915,1735
FBgn0038767,2110,2592,2448,2146
FBgn0038765,756,871,700,626
FBgn0038763,4170,4235,5279,5209
FBgn0038761,66,54,112,115
FBgn0038755,1817,2161,2773,2557
FBgn0021776,5,3,7,7
FBgn0038753,0,0,3,3
FBgn0038752,53,45,107,110
FBgn0038750,0,0,0,0
FBgn0038749,0,0,0,0
FBgn0038746,8008,8911,12932,11514
FBgn0038745,6688,7220,8343,7992
FBgn0002940,2,0,1,1
FBgn0038741,2085,2489,2484,2276
FBgn0038740,3264,3288,4712,4351
FBgn0038738,10540,11599,18618,17896
FBgn0038773,0,0,1,0
FBgn0045471,0,0,0,0
FBgn0038774,97,67,191,221
FBgn0038775,0,0,0,0
FBgn0051206,0,0,0,0
FBgn0003249,0,0,0,0
FBgn0038788,1203,1332,1372,1301
FBgn0038789,0,0,0,0
FBgn0038790,0,0,0,0
FBgn0038796,1,0,0,0
FBgn0038798,0,0,0,0
FBgn0038799,0,3,7,13
FBgn0002869,15,31,1,1
FBgn0038797,0,2,0,0
FBgn0038795,1,0,0,0
FBgn0038787,10626,11288,13771,14064
FBgn0038784,4,2,2,8
FBgn0038783,0,0,0,0
FBgn0053192,0,3,0,0
FBgn0043457,1427,1124,2208,2021
FBgn0038803,4088,3728,5149,5539
FBgn0038806,1356,843,3210,2766
FBgn0038808,1279,1120,3337,2753
FBgn0038810,5475,4390,8622,8483
FBgn0023097,10477,10717,14416,14650
FBgn0038815,1618,1654,3978,3587
FBgn0001169,9892,9603,12642,12839
FBgn0038816,2546,3030,2139,2252
FBgn0038819,1,0,0,0
FBgn0051205,0,0,0,0
FBgn0004107,7909,8821,9863,9243
FBgn0051200,0,0,0,0
FBgn0051199,0,0,0,0
FBgn0038821,0,1,0,0
FBgn0024944,1101,928,1487,1244
FBgn0038820,0,0,0,0
FBgn0038818,8,15,0,7
FBgn0028422,22,24,48,74
FBgn0051201,29,31,28,36
FBgn0015279,10252,11851,10444,10983
FBgn0038814,29,14,6,1
FBgn0051506,0,0,0,0
FBgn0038811,1481,1590,2213,2114
FBgn0014029,5129,4254,8705,8391
FBgn0038809,12113,14348,15222,15033
FBgn0023212,5603,6380,8663,7824
FBgn0038805,6542,5578,12733,11396
FBgn0038804,1644,1368,3415,2878
FBgn0040575,189,207,439,301
FBgn0038826,916,1379,2677,3269
FBgn0019936,70334,72483,113311,99841
FBgn0051223,1406,1841,2639,2461
FBgn0053094,5794,6617,7718,7643
FBgn0038832,18,27,20,33
FBgn0038833,1,0,1,0
FBgn0038834,58325,45712,142122,113875
FBgn0028396,7,4,3,6
FBgn0044812,1,0,0,2
FBgn0038838,0,0,0,0
FBgn0044809,0,0,0,0
FBgn0051480,0,0,0,0
FBgn0051334,0,0,0,0
FBgn0051333,0,0,0,0
FBgn0038840,14,17,28,40
FBgn0038842,883,911,1686,1668
FBgn0051191,0,1,3,3
FBgn0044810,0,0,0,0
FBgn0038839,66,88,142,208
FBgn0038837,0,0,0,0
FBgn0027493,15477,13239,26677,24876
FBgn0038830,2546,3118,5510,5022
FBgn0038829,5628,5327,8027,7152
FBgn0038828,1847,2173,2380,2307
FBgn0038827,5576,7489,4980,4893
FBgn0046689,0,1,2,1
FBgn0051195,9096,10182,7770,7846
FBgn0013995,37,28,7323,7054
FBgn0038846,3,0,0,0
FBgn0026056,3570,4159,4701,4452
FBgn0038847,0,0,0,0
FBgn0038851,0,1,0,0
FBgn0038855,5008,4904,6376,5946
FBgn0028468,6836,7006,8720,7667
FBgn0015790,18994,22803,29333,28077
FBgn0010770,3615,4094,5547,5365
FBgn0038858,1501,1753,2153,1853
FBgn0038860,3135,3633,3210,2880
FBgn0038862,5520,5865,6281,6136
FBgn0038866,14,16,16,12
FBgn0038865,22,18,15,18
FBgn0038861,839,826,1908,1651
FBgn0038859,0,1,0,2
FBgn0038857,2725,2998,3965,3523
FBgn0038854,4931,5792,6540,6073
FBgn0038853,6694,7138,6999,6996
FBgn0038852,0,0,1,1
FBgn0003257,7158,7335,16925,16904
FBgn0025865,5936,5524,9101,9409
FBgn0038850,2,2,0,0
FBgn0038849,1,0,2,2
FBgn0051207,0,0,0,0
FBgn0051189,0,0,2,1
FBgn0013812,1,6,2,1
FBgn0046763,37,34,68,79
FBgn0038845,0,0,1,0
FBgn0038868,1262,988,2665,2419
FBgn0038870,5390,5157,8089,8071
FBgn0038873,5,5,4,1
FBgn0038874,6,7,15,6
FBgn0038876,1436,1321,2264,2017
FBgn0038879,0,0,0,0
FBgn0001234,2970,6877,4984,4642
FBgn0002781,22768,18465,2722,2933
FBgn0004110,1,0,0,7
FBgn0004862,0,0,0,0
FBgn0038887,0,0,0,0
FBgn0011278,0,0,0,0
FBgn0008651,1,0,0,0
FBgn0038881,507,549,1094,1230
FBgn0038878,44,69,11,16
FBgn0038877,3981,4620,4339,4089
FBgn0043012,3099,3862,4240,4096
FBgn0016700,11715,15200,21535,19175
FBgn0000527,0,0,0,0
FBgn0038871,929,1031,1760,1531
FBgn0038869,1878,1763,3392,3247
FBgn0038889,4605,6093,6052,6050
FBgn0004863,0,0,0,0
FBgn0038890,3944,4679,4659,4725
FBgn0038894,0,0,0,1
FBgn0051176,259,306,150,241
FBgn0038893,1561,2020,2248,1957
FBgn0011766,19116,19245,16135,16436
FBgn0038892,0,0,0,0
FBgn0002941,0,0,0,0
FBgn0038897,7,26,12,23
FBgn0051343,0,2,0,0
FBgn0051233,0,1,0,0
FBgn0051198,8,16,3,2
FBgn0038901,0,0,0,0
FBgn0038902,0,1,0,0
FBgn0041229,0,0,0,0
FBgn0051431,76,90,1233,1028
FBgn0064912,2,4,0,1
FBgn0038912,44,63,114,135
FBgn0053092,7,3,1,7
FBgn0051465,0,0,3,1
FBgn0038917,762,744,1063,965
FBgn0038918,0,0,0,0
FBgn0038919,2,2,4,4
FBgn0038916,50,58,87,47
FBgn0038915,0,0,0,0
FBgn0038914,0,0,0,32
FBgn0051174,54,101,114,98
FBgn0038909,6,7,5,8
FBgn0015229,11386,13599,15291,14944
FBgn0045468,0,0,1,1
FBgn0045469,0,0,0,0
FBgn0045470,0,2,0,0
FBgn0013759,6344,5645,10127,9852
FBgn0003867,83,114,268,265
FBgn0038903,1245,1454,2372,1978
FBgn0027575,61,61,156,193
FBgn0038921,5,2,8,6
FBgn0038923,1882,1539,3074,2786
FBgn0019957,8041,7341,14365,13491
FBgn0038928,1353,1546,1854,1567
FBgn0038929,1,1,0,3
FBgn0040582,0,0,0,0
FBgn0038931,0,0,3,1
FBgn0038930,6,5,2,0
FBgn0038927,0,0,0,0
FBgn0038926,25,14,11,10
FBgn0038925,7474,6746,15507,12730
FBgn0038924,3420,3251,5714,4986
FBgn0019960,8425,7336,15195,14824
FBgn0038922,10800,11075,16739,15756
FBgn0051164,0,0,0,0
FBgn0051163,129,99,15396,15465
FBgn0038934,3,2,18,7
FBgn0038938,3,1,13,4
FBgn0038941,0,1,3,4
FBgn0038942,0,0,1,3
FBgn0038946,1,1,6,0
FBgn0038947,14042,15446,20550,18734
FBgn0260467,0,0,0,0
FBgn0038952,20,22,41,39
FBgn0038953,3572,4821,4444,4369
FBgn0038957,65,55,48,60
FBgn0051165,0,0,0,0
FBgn0051166,0,0,0,0
FBgn0038959,3,3,3,3
FBgn0038960,1,0,1,0
FBgn0038965,9190,10593,11576,10434
FBgn0038964,23228,26461,35454,34486
FBgn0038961,4746,6519,7540,7033
FBgn0051167,0,0,0,0
FBgn0051162,0,0,0,0
FBgn0038958,8,3,3,1
FBgn0038956,1,1,0,1
FBgn0038951,1005,979,1907,1631
FBgn0038948,5036,3150,11735,10925
FBgn0038945,0,0,0,0
FBgn0038944,0,2,1,2
FBgn0038943,55,43,119,62
FBgn0051423,0,0,0,0
FBgn0051424,0,1,0,0
FBgn0038972,2423,3017,3511,3290
FBgn0038973,5,1,4,21
FBgn0038975,23,44,67,68
FBgn0038976,6116,6529,10332,8651
FBgn0038978,2,4,1,0
FBgn0038979,1,0,0,0
FBgn0053110,0,0,0,0
FBgn0028837,3802,3486,6618,6088
FBgn0038989,11288,11228,17476,15802
FBgn0051158,6073,6558,8265,7837
FBgn0038993,3,1,5,4
FBgn0051159,1019,1147,953,970
FBgn0051161,7,11,16,10
FBgn0020278,2746,2095,3638,3664
FBgn0051156,2121,2592,2466,2424
FBgn0014949,0,0,0,0
FBgn0053107,1815,2284,1967,1711
FBgn0024558,10278,8469,19755,17068
FBgn0038986,38,55,66,152
FBgn0038984,9764,11195,15644,14648
FBgn0038983,1997,2658,5247,4848
FBgn0053099,158,186,433,363
FBgn0038981,473,563,898,966
FBgn0003676,36573,33445,62870,58326
FBgn0038977,75,99,57,48
FBgn0038974,1412,1529,2709,2597
FBgn0028688,11511,8949,20767,19686
FBgn0038968,17757,22143,23576,23971
FBgn0038967,2,1,1,3
FBgn0038966,1040,1204,1506,1443
FBgn0039002,29,36,10,2
FBgn0039004,7589,9152,9738,9561
FBgn0039006,174,225,396,349
FBgn0039008,17,10,26,28
FBgn0039017,1832,2210,1924,1744
FBgn0039019,1653,1658,2916,2570
FBgn0039025,2599,3165,3395,3182
FBgn0039026,8933,8644,10315,10723
FBgn0039027,0,0,0,0
FBgn0039029,0,0,0,0
FBgn0039028,7,3,10,21
FBgn0040588,0,0,0,0
FBgn0039024,4,9,0,6
FBgn0039023,2,2,2,0
FBgn0039022,4,4,4,0
FBgn0051139,2,0,1,1
FBgn0039016,6406,6841,7294,7105
FBgn0039015,17,23,21,11
FBgn0039013,1555,1231,2533,2419
FBgn0024958,3700,3795,5607,5467
FBgn0051151,12223,12340,15900,15425
FBgn0039010,5,1,0,4
FBgn0039009,2,1,0,0
FBgn0039007,0,4,0,0
FBgn0039003,2625,2577,2917,2782
FBgn0046114,8847,7505,15776,13614
FBgn0017590,0,0,0,0
FBgn0039030,8,0,4,10
FBgn0051281,1,0,0,0
FBgn0039031,5,0,8,0
FBgn0039033,0,0,0,0
FBgn0039034,0,0,0,0
FBgn0039038,0,1,4,0
FBgn0039041,0,0,0,0
FBgn0039042,1,0,1,0
FBgn0041225,3,2,4,0
FBgn0027526,5519,5452,7582,6822
FBgn0039049,1,0,0,0
FBgn0039050,0,3,0,0
FBgn0039051,0,1,1,6
FBgn0039052,0,1,0,0
FBgn0039053,2,1,6,1
FBgn0039054,6,3,6,6
FBgn0039048,17,25,22,31
FBgn0053193,3028,2491,4282,3986
FBgn0039045,315,349,786,667
FBgn0039044,1830,1964,2567,2328
FBgn0039043,308,282,460,393
FBgn0039040,4,7,5,5
FBgn0039039,0,0,0,0
FBgn0039056,9941,10235,12868,13222
FBgn0039066,8455,10077,9025,8950
FBgn0039068,1342,1590,2185,1752
FBgn0025781,4728,6213,5952,5837
FBgn0039069,64,67,105,104
FBgn0039071,4,4,0,1
FBgn0039070,4,2,0,1
FBgn0039067,2671,2705,2712,2584
FBgn0039065,4655,6405,6901,6643
FBgn0039064,4,4,11,7
FBgn0011596,15,11,0,5
FBgn0039059,0,0,1,0
FBgn0039058,9,7,5,1
FBgn0004395,4654,5929,4903,4920
FBgn0051457,2527,2643,3428,2917
FBgn0051365,5837,6228,6786,6325
FBgn0039055,9797,11988,12116,12386
FBgn0024509,7488,5057,18541,16008
FBgn0002622,88612,70471,299560,249277
FBgn0051225,5,152,18,4
FBgn0039079,0,0,0,0
FBgn0039080,0,0,0,0
FBgn0039088,1,0,0,0
FBgn0039087,0,0,0,0
FBgn0039086,0,0,0,0
FBgn0039085,0,0,0,0
FBgn0039084,217,461,506,660
FBgn0039083,0,1,0,0
FBgn0039081,1,0,4,11
FBgn0039078,0,0,0,0
FBgn0039077,0,0,0,0
FBgn0051515,0,0,0,0
FBgn0039075,519,526,563,1038
FBgn0039073,5915,6422,6067,5446
FBgn0016119,11008,9861,20496,18214
FBgn0039089,1,4,1,0
FBgn0039098,3,2,2357,1885
FBgn0039099,80,61,3526,3072
FBgn0039101,78,101,97,91
FBgn0042106,29,23,40,43
FBgn0039102,12,8,12,11
FBgn0051148,28,19,15,8
FBgn0051413,0,0,0,0
FBgn0051414,4,7,13,5
FBgn0039106,0,0,0,0
FBgn0039107,0,0,0,0
FBgn0039109,5067,5104,5554,5554
FBgn0028684,15256,15328,24455,23031
FBgn0039111,1315,1594,1779,1560
FBgn0039112,2904,2829,6014,5224
FBgn0028475,6974,7949,9220,8675
FBgn0039110,6507,4380,17664,15610
FBgn0028691,13801,15013,24840,22152
FBgn0039108,1,0,1,0
FBgn0002922,0,1,2,0
FBgn0047351,1,2,0,0
FBgn0043005,0,0,0,0
FBgn0039104,3,2,0,0
FBgn0027512,58564,69128,67493,66948
FBgn0051145,1901,1978,2450,2465
FBgn0039094,1089,1096,413,365
FBgn0051143,0,0,0,0
FBgn0039093,0,0,0,0
FBgn0039092,0,0,0,0
FBgn0053337,0,0,0,0
FBgn0039091,1,0,2,8
FBgn0004187,39,44,19,18
FBgn0004186,6,7,3,0
FBgn0051141,0,0,0,0
FBgn0039125,6295,6619,7082,6826
FBgn0047114,616,909,1180,1021
FBgn0039128,2075,2777,2405,2164
FBgn0039130,3676,3883,4325,4170
FBgn0039132,6694,9380,9150,7803
FBgn0051140,14,24,36,39
FBgn0051451,17,27,48,31
FBgn0039136,5423,5606,8491,8011
FBgn0015795,12552,17783,18463,19106
FBgn0053108,258,342,1152,1032
FBgn0051184,1899,2045,4107,3133
FBgn0020647,4648,4261,6245,6073
FBgn0039137,1536,1763,1427,1479
FBgn0039135,3826,4582,6280,5287
FBgn0005674,17415,19247,26565,26913
FBgn0039131,3,2,5,10
FBgn0039129,22,20,111,76
FBgn0015282,16508,13516,32848,30795
FBgn0039126,2885,2684,4845,4281
FBgn0016754,2770,2616,2379,2522
FBgn0039124,37,46,72,60
FBgn0013347,5136,5301,8011,6082
FBgn0025574,3658,4289,9718,9071
FBgn0004185,14,11,3,0
FBgn0039139,2272,2243,2377,2195
FBgn0039141,11252,11135,12954,12339
FBgn0043455,2797,3409,3781,3418
FBgn0026576,9186,9964,12386,11855
FBgn0039145,132,226,46,32
FBgn0040283,10077,11691,11555,11871
FBgn0039147,1,2,3,0
FBgn0039149,524,659,1218,1074
FBgn0039152,2,0,0,5
FBgn0026317,9977,9549,12510,12065
FBgn0039154,31,43,42,50
FBgn0039155,626,926,882,1194
FBgn0039156,10222,10963,14722,13703
FBgn0039158,1919,2595,2946,2561
FBgn0026598,7714,8285,8552,7793
FBgn0039161,4,7,8,13
FBgn0029503,2704,3247,3945,3589
FBgn0039165,722,915,1092,1115
FBgn0026257,4982,7084,7309,6739
FBgn0039170,1700,2302,1826,1733
FBgn0002863,1,1,3,0
FBgn0043884,20530,21278,26503,29650
FBgn0039172,4908,5287,11730,9651
FBgn0039169,2910,2415,2878,2752
FBgn0011725,20936,21253,23587,22939
FBgn0039167,489,326,680,654
FBgn0039163,5848,7101,12135,9725
FBgn0039160,5652,5861,7717,7317
FBgn0039159,1552,1488,2482,2059
FBgn0015765,2939,3669,4038,3687
FBgn0051133,1367,1840,1452,1307
FBgn0039153,1936,2561,2327,2169
FBgn0039151,0,0,13,5
FBgn0039150,4173,4192,4440,4267
FBgn0053100,6603,8388,10317,10169
FBgn0013343,2898,3509,3881,4484
FBgn0001230,130,140,261,255
FBgn0005649,25854,28414,33788,33245
FBgn0039140,5825,7209,7669,7161
FBgn0051130,0,0,0,0
FBgn0019952,155,99,463,403
FBgn0039177,0,1,0,1
FBgn0039178,78,58,129,207
FBgn0011785,10355,8605,13699,13749
FBgn0039183,6774,6585,9146,8869
FBgn0039184,9,5,5,24
FBgn0011581,1,0,0,0
FBgn0039187,8624,9206,10345,10348
FBgn0053339,0,1,0,0
FBgn0053340,11,1,0,0
FBgn0039193,0,0,0,0
FBgn0053341,0,0,0,0
FBgn0039194,0,0,0,0
FBgn0039199,0,0,0,0
FBgn0039200,21,41,58,32
FBgn0000036,0,0,0,1
FBgn0039198,0,0,0,0
FBgn0039197,0,0,0,0
FBgn0039196,0,0,0,0
FBgn0039195,0,0,0,0
FBgn0039192,0,0,0,0
FBgn0039190,1,0,0,0
FBgn0039189,2423,2550,3053,2771
FBgn0039188,3183,3293,3906,3609
FBgn0039186,14715,14958,19579,18334
FBgn0039182,13809,17474,18954,19580
FBgn0028471,9798,10342,10066,9847
FBgn0039180,7,9,13,6
FBgn0039175,7735,6874,11432,11119
FBgn0051128,1,0,0,0
FBgn0000039,0,0,0,0
FBgn0039201,2,4,2,5
FBgn0003134,9173,10124,10536,10404
FBgn0039203,1,0,1,0
FBgn0039204,1159,944,2191,1965
FBgn0011845,0,0,0,1
FBgn0004188,1,0,0,1
FBgn0004189,14,27,1,0
FBgn0004190,5,6,1,0
FBgn0039213,9098,9270,13552,13146
FBgn0000139,4001,4428,5197,4824
FBgn0051126,1745,1918,2570,2136
FBgn0020018,1721,1504,3318,2952
FBgn0051125,66,63,158,182
FBgn0039214,13375,14571,14360,15271
FBgn0046685,2742,2476,4166,3816
FBgn0039212,3586,2630,5619,4857
FBgn0039210,4577,4360,6402,5822
FBgn0039209,6701,7762,6437,6800
FBgn0039205,306,336,712,500
FBgn0039202,0,1,0,0
FBgn0004118,1,3,7,15
FBgn0039217,0,0,0,0
FBgn0039218,1509,2381,3261,2177
FBgn0004885,541,369,1119,1157
FBgn0003719,51,37,88,85
FBgn0000140,19757,20876,18910,18723
FBgn0040600,1104,1416,658,663
FBgn0039225,2,1,6,3
FBgn0039228,1,1,4,2
FBgn0039232,4004,5781,6141,7012
FBgn0013953,3250,5261,5105,5453
FBgn0039233,2481,2603,5713,4659
FBgn0039234,10461,13549,10902,11120
FBgn0039238,7,2,7,2
FBgn0013949,4,1,2,11
FBgn0039241,5385,4398,11738,11855
FBgn0043799,1645,1967,1620,1644
FBgn0039244,375,435,661,716
FBgn0039246,0,0,0,0
FBgn0051382,0,0,0,0
FBgn0039249,1602,1808,1923,1957
FBgn0039250,4563,5442,7727,7703
FBgn0039251,7351,6015,8568,7649
FBgn0051416,1,0,0,0
FBgn0040601,1,2,4,5
FBgn0051121,393,262,803,803
FBgn0039240,8243,8123,10125,9584
FBgn0015625,26222,25388,22609,20767
FBgn0039239,1,1,0,2
FBgn0039237,1,1,3,6
FBgn0051105,2,0,3,3
FBgn0039235,0,0,0,0
FBgn0051119,438,452,909,822
FBgn0051357,3824,3221,5025,4695
FBgn0051118,278,265,257,252
FBgn0045980,17,23,126,64
FBgn0027617,3344,4341,5326,4644
FBgn0027539,7878,9675,9202,8437
FBgn0039227,15236,16324,18151,17864
FBgn0039226,523,551,1148,905
FBgn0039224,0,4,0,4
FBgn0039223,4929,5633,5733,5296
FBgn0015591,0,3,2,4
FBgn0039219,4514,3672,8348,8070
FBgn0039252,7811,8105,11672,11024
FBgn0039254,1239,1366,1596,1459
FBgn0039257,45,52,85,60
FBgn0039258,2698,2552,3844,3359
FBgn0015240,4946,5012,5133,4897
FBgn0051115,0,0,0,0
FBgn0045866,6206,6426,10751,8371
FBgn0039264,0,0,0,0
FBgn0039265,4419,5343,7694,6932
FBgn0039266,2770,4054,1983,2010
FBgn0039270,1367,1498,1280,1094
FBgn0039271,1758,2099,2725,2380
FBgn0039272,2260,3197,4415,3436
FBgn0039274,4114,6376,5915,5168
FBgn0004897,0,0,4,1
FBgn0004898,0,1,0,0
FBgn0046214,33021,29748,74752,71313
FBgn0039282,4,6,9,11
FBgn0039283,17,9,3,3
FBgn0039280,0,0,0,0
FBgn0051510,3182,4804,4746,4789
FBgn0039277,22,38,58,47
FBgn0039273,2981,4194,3489,2992
FBgn0011336,9548,11205,15269,15079
FBgn0039269,2790,3472,6458,4894
FBgn0051111,1003,1515,1680,1590
FBgn0051109,2242,2811,2325,1999
FBgn0039261,12468,15178,15382,15119
FBgn0039260,5559,6562,5983,5895
FBgn0039259,1744,1947,2468,2214
FBgn0029157,13126,11432,17077,16657
FBgn0020626,5690,4747,9214,8865
FBgn0051108,10653,14509,13713,13457
FBgn0039286,3,2,0,0
FBgn0039288,0,0,0,0
FBgn0039290,54,55,25,29
FBgn0051106,0,1,0,0
FBgn0051103,2,4,2,1
FBgn0039293,7492,9675,10568,9585
FBgn0039297,71,53,74,80
FBgn0039298,0,0,0,1
FBgn0039299,0,0,0,0
FBgn0039301,1974,1485,4023,3659
FBgn0039302,45167,50000,54686,56117
FBgn0039303,7524,7607,9086,8880
FBgn0039305,1423,1480,4242,3358
FBgn0039306,5456,7400,8655,7761
FBgn0039307,0,0,0,0
FBgn0039310,1,0,0,0
FBgn0051300,4,3,0,6
FBgn0051104,0,0,0,2
FBgn0039315,7,11,9,15
FBgn0039316,28,51,27,36
FBgn0039319,276,410,50,49
FBgn0051370,498,747,281,267
FBgn0051436,276,355,134,156
FBgn0028647,4714,6159,5122,5298
FBgn0027376,22,22,13,14
FBgn0039335,2327,2933,3271,3109
FBgn0039337,1505,1372,3647,3104
FBgn0039338,14840,14564,19771,19501
FBgn0039336,1662,1688,1937,1653
FBgn0039329,1270,1295,1465,1305
FBgn0039328,196,252,177,174
FBgn0045761,84,80,109,117
FBgn0039326,4,6,2,3
FBgn0039325,3,2,2,0
FBgn0039324,1,0,0,0
FBgn0039323,198,213,58,54
FBgn0051087,1,5,13,0
FBgn0051099,0,0,0,0
FBgn0039321,19,16,18,30
FBgn0051288,573,746,23,31
FBgn0051097,14,21,0,0
FBgn0051102,11,10,7,8
FBgn0051098,2447,3313,2897,2932
FBgn0039312,4,6,9,7
FBgn0039311,0,0,0,0
FBgn0027090,11244,10905,18968,17599
FBgn0039304,3036,3564,3711,3479
FBgn0039300,45628,50509,80322,70414
FBgn0000158,2117,2252,2962,2642
FBgn0039296,3500,4022,4616,4304
FBgn0039294,5,15,4,10
FBgn0039291,1781,2759,4105,3178
FBgn0022800,9,6,4,14
FBgn0039339,23,35,19,32
FBgn0039341,6166,5264,11555,10492
FBgn0039342,0,0,0,0
FBgn0039343,0,1,68,72
FBgn0011666,7764,8015,13893,13965
FBgn0039346,0,0,0,0
FBgn0039347,0,0,0,0
FBgn0039350,10966,11818,27154,24509
FBgn0027508,4598,4247,5191,5196
FBgn0039344,0,0,0,0
FBgn0040212,2881,3007,3167,3038
FBgn0039354,1,2,0,0
FBgn0039356,550,658,2701,2325
FBgn0039358,12008,13269,15770,15660
FBgn0039373,1,0,0,0
FBgn0039374,0,0,0,0
FBgn0011273,0,0,0,0
FBgn0039376,1,0,0,0
FBgn0039379,6149,6668,7536,6723
FBgn0039380,0,0,1,0
FBgn0039381,6549,6809,7557,7276
FBgn0027865,5201,6501,8370,8107
FBgn0040602,9050,13081,15927,13615
FBgn0011668,0,0,0,3
FBgn0011669,0,2,1,0
FBgn0011670,1,1,2,1
FBgn0051093,5,0,0,1
FBgn0051380,0,0,0,0
FBgn0039371,0,0,1,0
FBgn0039368,0,0,0,0
FBgn0039367,0,0,0,0
FBgn0066101,220,194,3031,2888
FBgn0051092,1128,1549,23631,24220
FBgn0039360,1515,1539,2235,2160
FBgn0039359,58409,53209,139783,126846
FBgn0039357,913,1114,1329,1241
FBgn0039355,1895,2290,2549,2411
FBgn0028717,3281,2984,5463,5098
FBgn0039385,3819,3908,5724,4598
FBgn0039386,5,8,13,4
FBgn0039387,1,0,0,1
FBgn0051091,0,0,0,0
FBgn0051089,0,0,0,0
FBgn0039398,3,2,0,0
FBgn0000206,0,0,0,0
FBgn0002734,2,1,0,0
FBgn0002735,0,0,0,1
FBgn0002732,6,13,23,21
FBgn0002578,1,0,11,15
FBgn0002609,307,383,820,938
FBgn0002633,18,22,30,41
FBgn0000591,0,1,1,0
FBgn0001139,15346,14325,24248,23445
FBgn0039402,2506,2724,5155,4511
FBgn0039404,1622,1702,2629,2487
FBgn0039407,1438,1413,2354,2132
FBgn0039411,0,0,1,0
FBgn0039408,2,0,1,0
FBgn0039406,11573,8284,33931,31244
FBgn0039405,0,0,0,0
FBgn0039403,1417,1493,2449,2239
FBgn0028833,5233,5045,8901,7954
FBgn0002629,0,0,0,0
FBgn0002592,10,8,11,18
FBgn0002733,221,277,507,594
FBgn0039395,0,0,0,0
FBgn0039413,4,0,3,3
FBgn0039415,6,19,31,38
FBgn0051323,20,34,35,36
FBgn0051086,0,0,0,0
FBgn0039419,568,857,713,1233
FBgn0039420,0,0,1,0
FBgn0000064,24342,23986,31741,31337
FBgn0039417,4183,5231,6839,5894
FBgn0039425,0,2,0,0
FBgn0051084,0,0,0,0
FBgn0042711,0,0,0,0
FBgn0042710,1,3,0,0
FBgn0039427,4615,5584,5901,5447
FBgn0039428,0,0,0,0
FBgn0039429,2,2,0,1
FBgn0039430,1037,1308,1916,2153
FBgn0039431,2040,2762,3144,3719
FBgn0023178,0,0,1,0
FBgn0039424,0,0,0,0
FBgn0039421,0,0,0,0
FBgn0039434,0,0,1,0
FBgn0039440,0,0,0,0
FBgn0039441,0,0,0,0
FBgn0051080,0,0,0,1
FBgn0051081,0,0,0,0
FBgn0039443,0,0,0,0
FBgn0039444,0,0,0,0
FBgn0039450,5033,4831,7011,6512
FBgn0040607,0,0,0,0
FBgn0039453,0,0,0,0
FBgn0039451,5660,4321,8041,8070
FBgn0039449,2501,2340,2643,2455
FBgn0023179,1,1,0,1
FBgn0039448,0,0,0,0
FBgn0039439,0,0,0,0
FBgn0039438,0,0,0,0
FBgn0039437,0,0,0,0
FBgn0039436,0,0,0,0
FBgn0039435,0,0,0,0
FBgn0039459,4465,2975,6381,5655
FBgn0001197,37208,39361,51830,45794
FBgn0002838,1,7,31,21
FBgn0039461,1561,1460,2993,2348
FBgn0004359,3198,3071,4920,4693
FBgn0015541,419,507,597,652
FBgn0039462,299,413,430,424
FBgn0039463,1,2,0,0
FBgn0039466,9008,9747,10691,11078
FBgn0039467,8,12,9,3
FBgn0039469,0,0,0,0
FBgn0051077,0,0,0,0
FBgn0039471,0,0,0,0
FBgn0039470,7,11,2,0
FBgn0051076,13,10,22,7
FBgn0051075,1483,1204,4001,3000
FBgn0041224,0,0,2,4
FBgn0039465,6608,7762,7777,7208
FBgn0039464,355,406,2733,2404
FBgn0051070,0,0,0,0
FBgn0051071,0,0,0,0
FBgn0004510,4014,4180,5143,4458
FBgn0003267,2,0,1,0
FBgn0026562,553,444,2245,2732
FBgn0027889,9650,9061,15754,14742
FBgn0004842,0,0,0,0
FBgn0029170,0,0,0,0
FBgn0039479,13,3,16,23
FBgn0039482,0,0,0,1
FBgn0039483,0,0,0,0
FBgn0039485,2,0,0,1
FBgn0027574,1784,1921,2385,2379
FBgn0039489,1661,2190,1612,1447
FBgn0039490,7,5,4,9
FBgn0029155,9409,10450,11039,10844
FBgn0039494,19,17,36,46
FBgn0039495,1,0,4,2
FBgn0051065,14,13,9,14
FBgn0003482,658,842,833,673
FBgn0051068,0,0,0,0
FBgn0005696,6929,5845,8723,8016
FBgn0039498,6,5,0,1
FBgn0042111,1191,1337,1500,1324
FBgn0051064,1516,1423,2204,2119
FBgn0004197,1,1,0,5
FBgn0039492,8164,7413,11562,11286
FBgn0039491,3,4,3,1
FBgn0039488,2643,2871,3766,3585
FBgn0039487,6929,7393,8805,8611
FBgn0039486,96,67,147,162
FBgn0039481,14,14,16,11
FBgn0039480,0,0,0,0
FBgn0003495,3779,4428,8965,8639
FBgn0039478,2,5,4,5
FBgn0039476,0,0,0,0
FBgn0039475,0,0,0,0
FBgn0039474,1,0,0,0
FBgn0039473,3,0,0,0
FBgn0039472,0,0,0,0
FBgn0011289,6936,6185,10285,9328
FBgn0039504,2,4,38,25
FBgn0039505,1677,1675,2314,2042
FBgn0046247,3873,4213,4674,4322
FBgn0039508,8094,8315,9112,8366
FBgn0015737,14160,14373,22954,22077
FBgn0016061,16,9,19,13
FBgn0039511,1,1,0,0
FBgn0039510,0,1,0,0
FBgn0040609,450,239,330,287
FBgn0039509,1124,1119,1676,1488
FBgn0039507,4815,4562,4708,4303
FBgn0002441,8027,6612,9880,9495
FBgn0039503,0,1,0,2
FBgn0010328,23667,22736,29420,28338
FBgn0010441,3083,2624,4201,3591
FBgn0039501,106,114,113,117
FBgn0039500,6,2,2,8
FBgn0039518,0,4,0,0
FBgn0039519,0,0,1,0
FBgn0039520,0,0,0,0
FBgn0039523,0,0,0,0
FBgn0046887,0,0,1,0
FBgn0046886,0,0,0,0
FBgn0046885,0,0,0,0
FBgn0040080,7705,8044,10625,10292
FBgn0039528,6823,7189,10526,10055
FBgn0039527,130,143,202,346
FBgn0027492,20920,26360,27689,26934
FBgn0039525,395,459,270,237
FBgn0004387,6112,6543,5913,5942
FBgn0039522,0,0,0,0
FBgn0039521,7,6,9,13
FBgn0005659,1,1,5,5
FBgn0067407,0,0,0,0
FBgn0039551,0,0,0,0
FBgn0039552,0,0,0,0
FBgn0039555,3120,2657,6486,5529
FBgn0003279,76997,50936,304720,295137
FBgn0027579,11764,12760,14072,14023
FBgn0039560,6211,5946,8198,8097
FBgn0039562,21389,17102,46222,43745
FBgn0039564,71,55,133,123
FBgn0051054,0,0,0,0
FBgn0039566,5887,6382,7966,7694
FBgn0039568,0,0,0,0
FBgn0003890,469,372,1186,1348
FBgn0051131,0,0,0,0
FBgn0051253,0,0,0,0
FBgn0039565,0,0,0,0
FBgn0039563,5052,4148,6839,6241
FBgn0039561,8205,7570,11026,10737
FBgn0039559,18905,17558,23148,22775
FBgn0051053,644,627,798,650
FBgn0039558,1958,1645,4252,3540
FBgn0039557,1216,1053,1789,1763
FBgn0053213,1783,1958,2331,1992
FBgn0039554,5210,4993,5707,5106
FBgn0002865,1,0,0,0
FBgn0004171,1,1,0,0
FBgn0039576,0,0,0,0
FBgn0039577,0,1,0,0
FBgn0039581,8067,7265,14961,13894
FBgn0039584,0,1,3,0
FBgn0039585,1,5,12,10
FBgn0013813,2,1,7,9
FBgn0039588,1181,1206,1786,1613
FBgn0003137,346,446,992,1202
FBgn0051051,0,1,2,3
FBgn0039580,3680,2539,8048,7469
FBgn0001215,28967,39106,32837,30945
FBgn0039589,5228,5703,5311,4832
FBgn0039591,0,1,0,0
FBgn0053346,0,0,1,0
FBgn0039593,2,1,9,1
FBgn0039594,910,1010,3422,5018
FBgn0027655,2763,2711,3855,4177
FBgn0039599,0,0,0,0
FBgn0039598,0,0,0,0
FBgn0039597,0,0,0,0
FBgn0039596,0,0,0,0
FBgn0039595,6,11,9,12
FBgn0051050,0,0,0,0
FBgn0039590,924,897,2535,2568
FBgn0026400,5425,5455,8196,6847
FBgn0000659,1,0,0,1
FBgn0039600,5679,6458,7879,8418
FBgn0039602,2098,2423,2304,2321
FBgn0039609,1,5,2,1
FBgn0039611,5,0,1,2
FBgn0039613,6,3,22,30
FBgn0027578,401,383,691,549
FBgn0039616,0,1,0,2
FBgn0039623,6285,7409,5465,5152
FBgn0041780,403,594,458,377
FBgn0039622,8,7,14,6
FBgn0039620,60,63,58,48
FBgn0039617,1,0,0,0
FBgn0053203,43,27,56,56
FBgn0039612,34,27,74,76
FBgn0015589,7554,7337,7879,8443
FBgn0024273,3339,3264,4780,4746
FBgn0039601,3412,3283,4333,4049
FBgn0005642,9311,7758,7443,6851
FBgn0027873,4512,4825,5792,5490
FBgn0003093,2855,3158,4467,4581
FBgn0039627,2396,2705,3924,3645
FBgn0039628,7,0,4,1
FBgn0039629,3,3,11,12
FBgn0039630,40,61,207,203
FBgn0039631,3234,3678,3338,3020
FBgn0039633,8867,9612,10455,10720
FBgn0039635,5114,3391,16312,14718
FBgn0039636,1851,1496,2512,2294
FBgn0039637,10390,11655,13943,13265
FBgn0028671,9205,9288,14151,14386
FBgn0039640,34541,36835,42017,40292
FBgn0028692,26434,23545,43466,42302
FBgn0039644,39613,46002,40034,39469
FBgn0039645,0,1,0,2
FBgn0014427,7026,6902,16579,15080
FBgn0051044,1376,1824,346,302
FBgn0029176,108948,97601,248919,244647
FBgn0039654,2931,2348,4242,3951
FBgn0028476,14136,14508,18472,18098
FBgn0003525,21880,22947,36039,33801
FBgn0051445,36,54,44,61
FBgn0051427,2,2,1,1
FBgn0039656,26,41,33,39
FBgn0039655,6,3,1,4
FBgn0062442,4768,5284,12787,10036
FBgn0039651,8,18,23,22
FBgn0039650,454,669,687,614
FBgn0039647,39,31,73,64
FBgn0041186,7298,6022,10274,9107
FBgn0041588,3425,2948,5419,5061
FBgn0039642,1596,1287,2659,2469
FBgn0039641,787,818,1010,855
FBgn0039639,747,1203,1116,938
FBgn0039638,4400,4319,5798,5408
FBgn0005596,14863,13282,18678,18241
FBgn0039634,8961,11451,11556,10945
FBgn0039632,8144,9261,9447,9124
FBgn0039626,2397,2637,2786,2567
FBgn0039625,2872,2994,4283,3766
FBgn0039664,388,282,819,717
FBgn0039666,0,0,0,3
FBgn0039667,10,13,27,29
FBgn0039668,4482,4251,7161,7127
FBgn0039665,1184,960,2520,2126
FBgn0040623,1619,1230,3655,3119
FBgn0039663,1776,1806,2111,1934
FBgn0015622,15004,15194,22073,21094
FBgn0039659,0,0,0,0
FBgn0039669,2,0,0,0
FBgn0000492,0,0,0,1
FBgn0039674,3822,4113,5753,5237
FBgn0039677,3,2,1,1
FBgn0039678,433,335,1406,1338
FBgn0039679,3,4,8,4
FBgn0039680,5833,5813,9057,8919
FBgn0013972,0,0,0,0
FBgn0039683,0,2,0,0
FBgn0039684,0,0,0,0
FBgn0039686,4,2,11,6
FBgn0024841,3487,2876,5485,4358
FBgn0042213,761,1188,1691,1265
FBgn0039688,225,296,437,450
FBgn0039687,2079,2317,3684,3304
FBgn0039685,10,7,36,30
FBgn0039682,3,4,40,20
FBgn0039681,38,33,38,53
FBgn0025457,8226,8336,12792,11700
FBgn0039673,76,32,2,7
FBgn0051041,19,10,20,17
FBgn0039671,2,2,1,1
FBgn0039670,0,0,0,0
FBgn0039689,1501,1541,2222,1836
FBgn0039690,1172,1314,1532,1448
FBgn0039691,6805,6872,9147,8930
FBgn0019972,6514,7159,8914,8683
FBgn0039698,1958,1447,4628,4107
FBgn0000247,6071,5154,7183,7263
FBgn0039704,4,1,5,8
FBgn0039707,3,1,0,1
FBgn0039709,1684,1714,5006,5304
FBgn0051038,1330,1304,2191,2162
FBgn0039719,0,0,0,1
FBgn0051036,2,2,3,1
FBgn0003357,0,0,0,0
FBgn0039723,0,0,0,0
FBgn0039727,2682,3309,3083,3188
FBgn0004622,80,115,11,23
FBgn0039726,2005,1906,2447,2346
FBgn0051040,2053,1905,2023,1883
FBgn0051202,14,40,19,21
FBgn0003358,0,3,1,0
FBgn0003356,0,0,0,0
FBgn0003861,0,0,0,0
FBgn0039722,1,0,0,0
FBgn0039718,0,0,0,0
FBgn0039712,5127,4952,7238,6447
FBgn0051032,219,235,276,256
FBgn0039710,4489,4248,5469,5040
FBgn0039705,3603,3769,5173,5092
FBgn0039703,0,0,0,1
FBgn0039702,1111,990,1745,1569
FBgn0002924,6509,5062,9887,9354
FBgn0039697,6099,4577,24579,20694
FBgn0039696,3355,3501,3265,3020
FBgn0039694,3,0,5,7
FBgn0020235,17323,12682,37889,35028
FBgn0027518,3910,3852,4729,4274
FBgn0027583,2274,2499,3634,2817
FBgn0039728,1,1,1,3
FBgn0039731,2338,2807,2422,2159
FBgn0039733,3420,2538,4495,4111
FBgn0039734,16,19,9,11
FBgn0016685,25915,25426,51000,48918
FBgn0026597,10382,11783,12473,11949
FBgn0003511,0,0,0,0
FBgn0003510,0,0,0,0
FBgn0003512,1982,1595,3528,3267
FBgn0039741,5964,6249,6877,6053
FBgn0039743,4613,4643,7069,6480
FBgn0039744,2,0,1,0
FBgn0260468,1,0,0,0
FBgn0039748,237,286,649,663
FBgn0039752,1,1,0,0
FBgn0039756,257,251,303,450
FBgn0039755,15,6,15,67
FBgn0039754,2399,2090,8838,12290
FBgn0039751,1433,1628,1980,1913
FBgn0051028,3,13,7,4
FBgn0051030,0,0,3,0
FBgn0039749,29,27,41,62
FBgn0039747,27,27,35,50
FBgn0051029,41,53,43,44
FBgn0051025,12,2,0,0
FBgn0003479,1858,1510,2110,1878
FBgn0039742,8,15,11,13
FBgn0002626,43853,33773,146857,118647
FBgn0001280,3966,4579,6593,5981
FBgn0001281,1,3,1,3
FBgn0041102,7,0,0,0
FBgn0039740,2524,2217,3213,3055
FBgn0039739,0,0,0,1
FBgn0039737,11548,9243,20902,19445
FBgn0039735,21944,27373,41707,38950
FBgn0039732,1272,1750,2614,1974
FBgn0039730,2620,2909,3464,3021
FBgn0000032,12730,16278,16815,15767
FBgn0000280,0,0,0,0
FBgn0000279,3,0,4,1
FBgn0039760,0,0,0,0
FBgn0039761,0,0,0,0
FBgn0010113,7528,7706,12536,13000
FBgn0015221,25579,28978,45619,46979
FBgn0039765,982,924,2142,1909
FBgn0039768,1,2,4,2
FBgn0039767,8410,7212,12410,11901
FBgn0039766,961,1371,1512,1315
FBgn0039764,1611,2204,2476,2021
FBgn0027544,0,0,0,0
FBgn0015222,36557,43461,60317,56842
FBgn0051023,0,0,0,0
FBgn0051383,0,0,0,0
FBgn0039759,0,0,0,0
FBgn0039758,4,2,20,57
FBgn0039769,2,1,1,2
FBgn0039774,26,34,67,86
FBgn0039776,1168,840,3047,2863
FBgn0260440,29,32,49,44
FBgn0039778,0,0,1,0
FBgn0039779,3,0,1,2
FBgn0039782,0,0,0,0
FBgn0039784,0,0,0,0
FBgn0082582,3423,4352,4633,5142
FBgn0039787,0,0,3,3
FBgn0051019,0,0,0,1
FBgn0051021,3,8,30,17
FBgn0051017,2,2,6,6
FBgn0051015,2391,1248,5645,5431
FBgn0051013,50,45,67,77
FBgn0039792,4,3,6,4
FBgn0039790,7627,8461,10148,9719
FBgn0039789,7,4,6,1
FBgn0039788,10,30,29,30
FBgn0027654,17,26,250,249
FBgn0051524,0,0,0,0
FBgn0039783,0,0,0,0
FBgn0051014,0,0,0,0
FBgn0051371,0,3,1,1
FBgn0039780,0,0,0,1
FBgn0026190,0,0,0,0
FBgn0039777,0,0,0,0
FBgn0039773,2639,2912,2820,2696
FBgn0028646,7685,7343,16421,16147
FBgn0039771,0,0,1,1
FBgn0039770,0,0,0,0
FBgn0039795,1,0,2,4
FBgn0039797,4,1,0,0
FBgn0039799,0,0,0,0
FBgn0039802,1989,1508,6508,5738
FBgn0027598,8557,8614,10288,10201
FBgn0039804,166,212,4,6
FBgn0039805,0,0,0,1
FBgn0015032,0,8,6,12
FBgn0000416,60072,67227,92494,98392
FBgn0039809,612,811,323,448
FBgn0039808,96,89,24,20
FBgn0039807,37,35,61,43
FBgn0039806,2,2,0,2
FBgn0011739,8173,8373,9871,10066
FBgn0039801,2,1,3,0
FBgn0039800,2,3,9,6
FBgn0039798,10,11,8,14
FBgn0051010,0,0,3,1
FBgn0000274,69,86,140,143
FBgn0039796,8,10,8,13
FBgn0039812,0,0,0,0
FBgn0010015,2,3,1,2
FBgn0016123,2332,2373,4007,3651
FBgn0024288,0,1,1,0
FBgn0039820,0,0,0,0
FBgn0039821,0,0,1,1
FBgn0039818,0,0,0,1
FBgn0039816,1,0,1,0
FBgn0002413,27392,30241,32652,31734
FBgn0010808,4737,4423,8355,7671
FBgn0004573,3,2,3,5
FBgn0051008,0,0,0,0
FBgn0062411,0,0,0,0
FBgn0039811,0,0,0,0
FBgn0039810,0,0,0,0
FBgn0013973,0,2,0,3
FBgn0004389,0,0,0,0
FBgn0039827,25,36,32,49
FBgn0039828,5123,4438,11748,11259
FBgn0039831,13238,13883,14115,13725
FBgn0039835,1939,2676,3482,2849
FBgn0039838,7,7,10,12
FBgn0040628,0,0,0,0
FBgn0040629,32,25,26,33
FBgn0039839,0,0,0,0
FBgn0039840,1,2,3,5
FBgn0039836,232,371,428,404
FBgn0051005,1733,1834,2869,2864
FBgn0039833,1,0,1,0
FBgn0039832,1,0,0,1
FBgn0039830,108351,104654,180789,167874
FBgn0046696,89,65,148,221
FBgn0039829,1369,1509,2419,2357
FBgn0061476,4568,5052,6533,5978
FBgn0051004,9,18,8,15
FBgn0046332,1,3,3,1
FBgn0039844,13,13,18,19
FBgn0019990,7327,7781,9296,9579
FBgn0039850,0,1,0,0
FBgn0039851,24,30,7,4
FBgn0039852,0,0,0,0
FBgn0028968,8356,8152,12436,12017
FBgn0003268,6866,7645,10386,10257
FBgn0039854,2351,2419,2943,2706
FBgn0039855,40,40,44,45
FBgn0039856,2967,2854,4288,4091
FBgn0039858,54386,64724,72726,75458
FBgn0039857,86551,72418,234061,224820
FBgn0043900,12977,13279,16714,15832
FBgn0039849,5114,4009,7656,7176
FBgn0039848,34,26,39,37
FBgn0039846,3967,3742,5848,5559
FBgn0051002,0,0,0,0
FBgn0051204,3,0,0,0
FBgn0039860,1938,1863,2471,2196
FBgn0039861,3464,4141,4020,3883
FBgn0039862,201,282,313,317
FBgn0039863,6425,7043,5585,5974
FBgn0003870,15563,17019,16625,17968
FBgn0039868,3271,4370,5954,5288
FBgn0000557,75,78,134,171
FBgn0039869,7026,8083,11433,8507
FBgn0039870,2774,3537,4012,3207
FBgn0022349,9757,11426,13815,13940
FBgn0039875,4873,4996,5523,5392
FBgn0005632,23843,26354,30097,31446
FBgn0027620,12445,15000,16472,16073
FBgn0039879,2,1,4,1
FBgn0039881,516,583,1448,1269
FBgn0039882,4155,4240,5807,5215
FBgn0039877,6607,7092,10269,9741
FBgn0039876,2694,3006,2694,2349
FBgn0003065,2,3,8,9
FBgn0039873,1,1,2,0
FBgn0017448,3652,3407,5355,4621
FBgn0039872,2,3,3,4
FBgn0000150,41585,24264,153988,136741
FBgn0039867,1958,1795,3155,2776
FBgn0039864,0,0,1,0
FBgn0039859,469,503,650,605
FBgn0039883,110,122,392,442
FBgn0039886,327,329,2604,2181
FBgn0039887,0,0,0,0
FBgn0002780,61074,91872,106846,109199
FBgn0002645,21005,24433,29565,30552
FBgn0040206,10614,13439,16668,15386
FBgn0011224,15417,18146,19901,20043
FBgn0051616,0,0,1,2
FBgn0051615,1,1,0,0
FBgn0051754,0,0,0,0
FBgn0032956,10431,14616,14084,14133
FBgn0051619,22,21,428,778
FBgn0032961,16056,19982,20931,19735
FBgn0003866,330,405,475,608
FBgn0051612,533,743,201,194
FBgn0032964,1,5,0,2
FBgn0000559,385331,402852,705463,687321
FBgn0032966,0,0,0,1
FBgn0032967,0,0,0,1
FBgn0032968,0,0,0,0
FBgn0051700,0,0,0,0
FBgn0051702,0,0,0,0
FBgn0032971,0,0,0,0
FBgn0032973,13,15,29,20
FBgn0025674,10507,12298,13250,12538
FBgn0032972,1,2,2,0
FBgn0040519,3,0,1,0
FBgn0051703,0,0,0,0
FBgn0051601,3,2,3,2
FBgn0032969,1,0,0,1
FBgn0032965,0,0,0,0
FBgn0032981,0,1,1,7
FBgn0042701,663,826,669,508
FBgn0032986,5186,8034,7904,6955
FBgn0032988,16245,24036,28140,26430
FBgn0039972,53453,78395,62247,65570
FBgn0032987,111915,155587,205135,166431
FBgn0032979,11216,13706,9628,9201
FBgn0033047,1,0,3,5
FBgn0033050,4952,6251,6269,5733
FBgn0033055,4060,5102,5464,5108
FBgn0033058,3,3,1,2
FBgn0033060,714,694,1047,980
FBgn0033063,5,7,4,6
FBgn0011958,0,0,0,0
FBgn0011957,0,0,0,0
FBgn0011932,0,0,0,0
FBgn0011931,0,0,0,0
FBgn0011887,0,0,0,0
FBgn0011880,0,0,0,0
FBgn0011956,0,0,0,0
FBgn0050316,0,0,0,0
FBgn0033065,331,310,93,80
FBgn0040502,0,2,0,0
FBgn0011934,0,0,0,0
FBgn0033069,2,2,1,2
FBgn0050431,1,3,0,2
FBgn0033074,6,16,10,9
FBgn0021847,5090,5296,6529,5958
FBgn0033072,4,1,1,2
FBgn0050432,0,1,2,0
FBgn0011935,0,0,0,0
FBgn0033067,0,1,0,1
FBgn0011955,0,0,0,0
FBgn0011890,1,0,0,0
FBgn0000546,4546,4706,7001,6959
FBgn0011888,0,0,0,0
FBgn0011889,0,0,0,0
FBgn0011933,0,0,0,0
FBgn0011938,0,0,0,0
FBgn0011891,0,0,0,0
FBgn0033062,16023,20705,19606,19012
FBgn0033061,15,14,22,31
FBgn0033056,0,0,0,0
FBgn0033054,1,1,5,2
FBgn0033052,5219,5761,4691,4648
FBgn0033051,1151,1186,1183,1225
FBgn0000043,22359,24120,37888,42442
FBgn0033048,81,45,144,90
FBgn0027507,9396,13171,12094,11667
FBgn0033031,35,35,6,13
FBgn0033032,3730,5202,3918,3790
FBgn0022288,7011,6781,14404,13887
FBgn0033042,0,0,2,0
FBgn0033043,1,0,0,0
FBgn0033041,0,0,0,0
FBgn0025693,1207,1704,1238,1346
FBgn0033038,1666,1593,2620,2559
FBgn0033033,374,331,193,209
FBgn0033029,15385,20039,17963,18142
FBgn0050438,1246,1543,1227,1432
FBgn0039970,8828,13935,17752,14981
FBgn0033028,13495,18422,20200,20006
FBgn0039969,3552,5566,10169,9100
FBgn0033027,22,23,18,31
FBgn0050440,5589,8681,11991,12369
FBgn0042085,14106,12348,14301,13679
FBgn0029131,6476,5730,8561,7647
FBgn0050443,3277,3177,3749,3306
FBgn0013732,10574,12605,11236,10633
FBgn0033085,609,775,1689,1319
FBgn0033086,582,695,1162,1011
FBgn0033088,1935,2136,2183,1789
FBgn0033092,2051,2073,3489,2979
FBgn0033090,40,83,33,52
FBgn0033093,21,14,28,30
FBgn0014009,6249,6890,9037,8393
FBgn0028579,5146,5672,6154,5905
FBgn0042083,5239,5363,6501,5930
FBgn0027066,13772,19582,24591,23165
FBgn0000473,17,13,28,26
FBgn0033101,2988,2605,9787,8826
FBgn0033100,2323,2713,3941,3393
FBgn0010482,138,246,363,432
FBgn0033097,0,0,0,0
FBgn0033096,1,0,0,2
FBgn0033095,0,0,0,0
FBgn0050446,19,11,32,27
FBgn0033089,1563,1362,3616,2952
FBgn0033087,1767,2007,2745,2737
FBgn0033081,10577,9739,15836,14041
FBgn0033079,42,32,973,879
FBgn0026761,6323,6533,7650,7502
FBgn0033076,0,2,0,1
FBgn0014028,4129,2988,10415,9276
FBgn0033108,18,20,310,339
FBgn0033113,29,43,46,46
FBgn0028988,108,92,205,170
FBgn0033115,45,47,31,37
FBgn0050158,0,2,0,1
FBgn0033117,2278,2358,3607,3179
FBgn0053348,0,0,0,0
FBgn0053349,0,0,0,0
FBgn0033122,1910,1306,4207,3758
FBgn0029508,693,696,577,448
FBgn0042086,0,0,0,0
FBgn0050160,0,0,0,0
FBgn0033124,0,1,2,16
FBgn0029506,9951,14419,22776,22546
FBgn0029507,170,136,175,219
FBgn0022960,8794,9816,11206,10545
FBgn0050156,84,90,95,98
FBgn0033121,3875,3785,4385,4036
FBgn0050157,56,43,136,104
FBgn0011895,0,0,0,0
FBgn0011894,0,0,0,0
FBgn0011893,0,0,0,0
FBgn0011892,0,0,0,0
FBgn0066292,37,59,34,29
FBgn0066293,0,0,0,1
FBgn0033112,0,2,1,0
FBgn0033110,0,0,1,0
FBgn0040674,0,0,0,0
FBgn0022224,851,1289,1454,1118
FBgn0034511,0,0,0,1
FBgn0050154,43,65,72,65
FBgn0034512,84,136,124,130
FBgn0034513,0,0,0,0
FBgn0034520,8,3,0,0
FBgn0034527,4067,4433,4509,4132
FBgn0034529,4007,5053,4514,4570
FBgn0034532,33,39,60,28
FBgn0034534,2289,2524,4462,3678
FBgn0034535,1192,1069,2334,1965
FBgn0034537,5533,5080,6313,6123
FBgn0034540,36,49,20,15
FBgn0050155,0,0,0,0
FBgn0034541,0,0,0,0
FBgn0034543,1192,1526,2172,1914
FBgn0034545,0,0,0,0
FBgn0034546,6,2,0,0
FBgn0041240,0,0,0,0
FBgn0000615,31085,32611,40997,40577
FBgn0034542,4273,4338,4762,4574
FBgn0050211,0,0,0,0
FBgn0034539,0,0,0,0
FBgn0034538,6,3,6,9
FBgn0034530,62,64,134,127
FBgn0034528,6329,8751,10207,10270
FBgn0050147,300,301,1147,1139
FBgn0034523,338,448,705,632
FBgn0028622,703,787,868,848
FBgn0034521,3347,3514,3127,2888
FBgn0034517,0,0,0,0
FBgn0043536,0,0,0,0
FBgn0050145,0,0,4,0
FBgn0050148,16,30,36,35
FBgn0034515,0,0,4,0
FBgn0034514,0,0,0,0
FBgn0050151,34,43,21,14
FBgn0034491,7363,7258,7020,6630
FBgn0010411,79338,71966,148963,132642
FBgn0034493,566,573,448,429
FBgn0026136,1,0,1,0
FBgn0034502,1,2,6,2
FBgn0034504,2889,2934,5548,5532
FBgn0034505,1,0,0,1
FBgn0034506,0,0,1,0
FBgn0042198,1,0,0,0
FBgn0034509,0,0,3,0
FBgn0043534,0,0,0,0
FBgn0043535,5,0,2,0
FBgn0034510,0,0,0,0
FBgn0034507,0,0,3,0
FBgn0034503,2997,2940,4776,4309
FBgn0034501,2169,2269,2789,2566
FBgn0034500,2744,3101,3589,3554
FBgn0034499,0,0,0,0
FBgn0034498,6783,6788,6019,5795
FBgn0034497,3,4,911,902
FBgn0034496,5121,5080,7047,6651
FBgn0034494,8400,9714,10345,9871
FBgn0003114,3265,3527,3080,2437
FBgn0005655,21712,17876,36302,32359
FBgn0004364,788,735,2127,2484
FBgn0034481,0,0,0,0
FBgn0011869,0,0,0,0
FBgn0034484,4,3,2,5
FBgn0011870,0,0,0,0
FBgn0034485,1,0,0,0
FBgn0034487,0,1,0,1
FBgn0025720,4864,5375,5724,5180
FBgn0034490,3115,2215,5335,4711
FBgn0034489,5,1,5,8
FBgn0034488,9318,7235,19955,18902
FBgn0034486,1,0,0,2
FBgn0034483,4,0,0,0
FBgn0034480,0,0,2,4
FBgn0050212,0,0,0,0
FBgn0034471,1,0,1,0
FBgn0043533,0,0,0,0
FBgn0034472,8,2,0,0
FBgn0050215,0,0,0,0
FBgn0050218,0,0,0,0
FBgn0011897,0,0,0,0
FBgn0034475,0,0,0,0
FBgn0034476,6,11,16,33
FBgn0043532,0,0,0,0
FBgn0050447,1,2,0,0
FBgn0034477,0,0,0,0
FBgn0034474,0,0,1,0
FBgn0034473,0,0,0,0
FBgn0050454,0,0,0,0
FBgn0011848,0,0,0,0
FBgn0011849,0,0,0,0
FBgn0011850,0,0,0,0
FBgn0050452,0,0,0,0
FBgn0002716,209,246,175,193
FBgn0026378,2596,2977,2687,2645
FBgn0034454,55,41,49,54
FBgn0034455,4506,4341,6325,5452
FBgn0034456,17,18,42,17
FBgn0034457,1,2,1,1
FBgn0034459,1,0,4,0
FBgn0034460,6,7,1,11
FBgn0034461,1,0,0,0
FBgn0034463,0,1,0,0
FBgn0034464,0,0,0,0
FBgn0028372,1393,1637,1496,1518
FBgn0040729,0,0,1,0
FBgn0034468,2,0,4,1
FBgn0034470,25,10,24,19
FBgn0046879,0,0,0,0
FBgn0046880,0,0,0,0
FBgn0034467,6,0,0,0
FBgn0040730,0,0,0,0
FBgn0015949,7066,8954,9429,9575
FBgn0034462,0,0,1,0
FBgn0034458,0,0,0,0
FBgn0050223,0,0,0,0
FBgn0040732,37,35,104,58
FBgn0034452,2247,2629,2727,2722
FBgn0034451,4218,5179,5329,5621
FBgn0034422,2136,2323,3865,3884
FBgn0010434,3306,3259,4433,5321
FBgn0004003,354,433,931,999
FBgn0034423,0,0,0,0
FBgn0003254,4,0,0,0
FBgn0034428,1,0,0,0
FBgn0034429,0,0,0,0
FBgn0013954,20893,20451,64706,56550
FBgn0034432,10999,12389,20615,19701
FBgn0034435,9,1,0,0
FBgn0034436,2979,3575,868,840
FBgn0034437,0,1,1,0
FBgn0034439,144,134,159,210
FBgn0034440,2,10,6,6
FBgn0034441,0,0,0,0
FBgn0034442,521,682,884,741
FBgn0028981,0,0,0,0
FBgn0050225,0,0,0,0
FBgn0050326,0,0,0,0
FBgn0012051,2495,3221,4526,4312
FBgn0040273,9365,10522,11891,11439
FBgn0013325,66256,62851,166108,138820
FBgn0034446,3,3,3,1
FBgn0034447,13585,15606,12295,12388
FBgn0020440,5521,7227,5845,5938
FBgn0034443,2412,3231,4824,3909
FBgn0034438,220,318,366,414
FBgn0034433,3879,3816,5036,4797
FBgn0034430,2520,2915,5215,4242
FBgn0034427,0,0,1,0
FBgn0034426,0,0,0,0
FBgn0034425,3594,3822,4212,3792
FBgn0053453,1,2,0,0
FBgn0053454,0,0,0,0
FBgn0034408,135,187,237,370
FBgn0034411,12,9,30,31
FBgn0004168,1,1,1,0
FBgn0027535,2221,2334,2018,1830
FBgn0034419,3526,4290,5008,4975
FBgn0034418,4889,5129,6264,6035
FBgn0050125,0,0,0,0
FBgn0034413,0,0,0,0
FBgn0041702,2930,3888,4446,3798
FBgn0014269,5050,5051,6836,6235
FBgn0028669,1,0,0,0
FBgn0050227,0,0,0,0
FBgn0034377,3,3,0,1
FBgn0034379,1683,1943,1905,1912
FBgn0053147,1,3,10,11
FBgn0034387,32,61,63,70
FBgn0050229,0,0,0,0
FBgn0034391,81,78,98,95
FBgn0010551,26941,28100,41646,38654
FBgn0034397,13,8,4,0
FBgn0034399,5010,6821,5216,4512
FBgn0034402,1159,1275,1382,1302
FBgn0004240,2,2,15,2
FBgn0034407,0,1,45,2
FBgn0034406,227,200,2008,2150
FBgn0010053,817,952,2433,2323
FBgn0034403,12553,16586,33326,28584
FBgn0034401,10808,11821,13525,12865
FBgn0034400,9080,9592,9639,9351
FBgn0034398,17076,21080,22451,19668
FBgn0034396,39,49,70,88
FBgn0034394,36,95,50,27
FBgn0010651,218,201,486,614
FBgn0034392,1408,1530,2373,2382
FBgn0034390,7116,5980,13978,13320
FBgn0034383,2,0,0,0
FBgn0034382,7,1,0,10
FBgn0050121,1,0,0,0
FBgn0034381,0,3,0,0
FBgn0034380,2687,3233,3105,2995
FBgn0023214,124,207,234,352
FBgn0053136,1,0,0,1
FBgn0034372,0,0,0,0
FBgn0034371,2983,3074,3881,3330
FBgn0011868,0,0,0,0
FBgn0050122,14190,15012,25079,25170
FBgn0034368,6885,8865,8880,8685
FBgn0034329,0,0,0,0
FBgn0034330,0,0,3,3
FBgn0025583,4,3,0,5
FBgn0040736,5,1,5,5
FBgn0040735,1,0,2,0
FBgn0040734,3,0,0,0
FBgn0064237,3,2,1,2
FBgn0034335,3813,4528,2922,2661
FBgn0063498,11,23,16,29
FBgn0063497,1539,1843,397,393
FBgn0063496,1,1,1,0
FBgn0063495,141,212,20,35
FBgn0063494,8144,11724,12301,10861
FBgn0063493,1709,2654,1560,1206
FBgn0063492,1328,1470,2234,1801
FBgn0063491,136,156,823,782
FBgn0027835,39853,42240,61051,64925
FBgn0034345,10806,12451,18659,17545
FBgn0034346,4484,4821,5260,5346
FBgn0034350,0,0,0,0
FBgn0050120,0,0,0,0
FBgn0034351,2441,2676,2762,2661
FBgn0034354,1937,1720,6732,5075
FBgn0034356,87,96,65,105
FBgn0003067,0,0,0,0
FBgn0034360,811,1028,1126,926
FBgn0034362,3655,3780,6454,5385
FBgn0034363,1,0,0,0
FBgn0034365,3465,4307,5689,4806
FBgn0000566,9893,9234,17054,15887
FBgn0034366,3049,3966,4084,4058
FBgn0034364,8,7,4,4
FBgn0034361,1822,1998,3529,2769
FBgn0050115,564,568,1037,1188
FBgn0028496,20,38,62,88
FBgn0034352,0,0,0,0
FBgn0013983,577,566,874,851
FBgn0063499,562,579,197,221
FBgn0040733,10,4,6,0
FBgn0034331,2,1,12,5
FBgn0034328,0,0,0,0
FBgn0034300,7785,8453,6723,6225
FBgn0028983,443,429,590,632
FBgn0040465,1220,1125,2040,1749
FBgn0003044,17866,18253,22519,22209
FBgn0000057,3490,3090,4593,4232
FBgn0034307,1166,1143,1681,1670
FBgn0034308,5882,6011,8954,8451
FBgn0034312,278,292,529,506
FBgn0034318,0,0,0,0
FBgn0050114,0,0,0,0
FBgn0000658,15,8,45,71
FBgn0034321,45,84,125,134
FBgn0034322,25,28,37,34
FBgn0034323,1,1,0,0
FBgn0034326,0,0,0,0
FBgn0040737,1,0,0,1
FBgn0034327,0,6,0,1
FBgn0034313,12653,13375,15711,15516
FBgn0027836,3529,3053,4635,4173
FBgn0034310,5347,5367,8188,7582
FBgn0022238,18436,24277,23631,22767
FBgn0034304,2631,2862,3753,3681
FBgn0062440,2968,2695,3917,3292
FBgn0001222,13281,14428,14885,14143
FBgn0003520,16923,20695,18368,18550
FBgn0034301,3,1,0,0
FBgn0034299,5381,7454,9551,8318
FBgn0041585,8819,10291,11890,12230
FBgn0015522,16688,18593,11045,9651
FBgn0050323,10,6,5,8
FBgn0034281,2,3,4,4
FBgn0011589,3,6,6,8
FBgn0034284,0,0,0,0
FBgn0034288,0,0,0,0
FBgn0034296,1,0,0,0
FBgn0034295,2,0,0,0
FBgn0034294,0,0,0,0
FBgn0034293,0,0,0,0
FBgn0034292,0,0,0,0
FBgn0034291,0,0,0,0
FBgn0034290,4,1,32,22
FBgn0003140,0,0,0,0
FBgn0050110,0,0,0,0
FBgn0050325,0,0,0,0
FBgn0034282,30576,43565,46024,45970
FBgn0034242,2286,2716,3638,3188
FBgn0040294,6773,7549,6331,6370
FBgn0016701,5541,6770,10002,8638
FBgn0029079,3424,4194,6060,5653
FBgn0029006,8915,9473,9709,9958
FBgn0034251,4,7,1,0
FBgn0050231,0,0,0,0
FBgn0034258,40812,39461,67041,66685
FBgn0050108,249,340,428,395
FBgn0050109,2248,2340,4361,3562
FBgn0034261,3389,4366,4276,4093
FBgn0045800,2128,3901,6214,6005
FBgn0063381,0,2,0,3
FBgn0063385,1,11,22,29
FBgn0063377,1,1,4,6
FBgn0063384,3,4,3,6
FBgn0063383,1,2,6,8
FBgn0063376,5,1,9,20
FBgn0063382,5,3,5,15
FBgn0063388,8,5,21,23
FBgn0063375,4,9,13,22
FBgn0063374,7,6,33,31
FBgn0063380,3,3,6,17
FBgn0063379,5,2,29,33
FBgn0063378,1,16,20,28
FBgn0063387,6,10,51,60
FBgn0063373,7,21,22,50
FBgn0063386,26,21,65,80
FBgn0034263,1,0,0,0
FBgn0034264,1,2,6,7
FBgn0034266,45,72,48,65
FBgn0034267,20,29,57,50
FBgn0034271,4113,4835,3588,3440
FBgn0034272,1,6,6,2
FBgn0003545,6376,7726,9684,8602
FBgn0034270,1671,1886,1632,1628
FBgn0034269,4623,4725,5748,5280
FBgn0034265,3305,3899,4098,3615
FBgn0028494,7,12,5,21
FBgn0027872,3012,3909,4356,4035
FBgn0034262,10,16,4,1
FBgn0016059,17274,20498,20885,20769
FBgn0034259,16535,15910,28949,25261
FBgn0050106,6,5,9,5
FBgn0034253,842,892,2135,2340
FBgn0034255,705,1055,1806,1196
FBgn0004400,1977,2714,3934,3340
FBgn0050333,0,0,0,0
FBgn0029856,1402,1402,1211,1092
FBgn0052745,1,1,12,13
FBgn0040918,12926,14628,15395,14485
FBgn0023458,8592,6877,10275,10741
FBgn0029877,1,5,2,0
FBgn0029878,4753,5683,7111,7249
FBgn0029879,14456,16000,24677,22513
FBgn0029881,371,414,4177,4667
FBgn0029880,3,5,2,0
FBgn0028360,13428,14399,13348,12572
FBgn0062413,3567,3897,3853,3699
FBgn0025815,13652,12013,20566,19329
FBgn0028336,14031,10807,27015,23489
FBgn0029895,1194,1252,2155,2392
FBgn0029898,22,12,17,17
FBgn0029899,10400,11132,9691,10036
FBgn0029502,2256,1954,4125,3590
FBgn0029903,11186,12223,11828,12243
FBgn0029906,1290,955,2374,2065
FBgn0029907,8,25,25,25
FBgn0029909,0,0,0,0
FBgn0029905,5137,4164,6781,6446
FBgn0003390,57,60,69,66
FBgn0052740,0,0,0,0
FBgn0029897,37822,25342,128273,112644
FBgn0029896,3950,2665,8540,8699
FBgn0029894,2929,3150,3800,3796
FBgn0029893,9917,8155,15924,14224
FBgn0029892,1116,811,1932,1758
FBgn0029887,2547,2905,4058,4175
FBgn0029885,3208,3609,6214,5374
FBgn0029882,7552,7648,11934,10711
FBgn0029912,2251,1597,3518,3376
FBgn0029914,3820,4083,5240,4637
FBgn0029920,1,0,0,0
FBgn0052733,0,0,0,0
FBgn0029922,26,19,21,23
FBgn0029924,6781,5571,14188,12056
FBgn0027108,13704,15279,18478,18449
FBgn0052736,0,0,0,0
FBgn0029929,3218,2843,7181,6327
FBgn0029931,0,0,0,0
FBgn0004143,0,0,0,0
FBgn0029932,73,80,144,162
FBgn0029937,1605,1254,2734,2466
FBgn0047092,1,0,0,0
FBgn0027342,7816,8902,6854,6585
FBgn0029936,1751,1407,2944,2532
FBgn0029935,3101,3601,3324,3232
FBgn0029930,18,38,66,60
FBgn0029928,368,415,496,487
FBgn0000330,2575,2279,3435,3317
FBgn0027106,380,523,599,666
FBgn0004646,4579,5484,7281,7066
FBgn0029925,2528,2714,2755,2408
FBgn0052732,5653,5605,6513,5823
FBgn0029915,3014,2687,6044,4937
FBgn0029913,1188,1274,1609,1448
FBgn0029911,5464,5724,6677,6636
FBgn0029939,247,234,332,445
FBgn0029940,1,0,3,0
FBgn0029942,2521,3154,2748,2349
FBgn0029944,7474,9424,8808,8610
FBgn0029945,26,28,71,57
FBgn0026144,18231,20401,19712,18543
FBgn0029947,3,1,0,0
FBgn0029950,0,0,0,0
FBgn0040923,0,0,0,0
FBgn0052726,0,0,0,0
FBgn0040922,0,0,0,0
FBgn0029949,1,0,2,0
FBgn0029946,4,1,0,0
FBgn0029943,2475,3054,2622,2337
FBgn0025549,8048,10866,12132,11095
FBgn0029951,4,0,1,1
FBgn0004198,322,298,734,1048
FBgn0022786,6993,7332,7926,7411
FBgn0029957,3388,3224,3720,3646
FBgn0029959,2508,2740,3328,3007
FBgn0016041,23789,25443,35065,34563
FBgn0029961,0,0,0,0
FBgn0029958,4882,4323,5876,5007
FBgn0027553,2719,2792,3242,3154
FBgn0029955,0,1,0,0
FBgn0029952,6,0,0,0
FBgn0052720,1,0,0,0
FBgn0052719,17,45,80,95
FBgn0052718,0,0,0,1
FBgn0029962,0,0,0,0
FBgn0029964,0,0,0,0
FBgn0029966,1681,1822,3656,4101
FBgn0029968,0,0,0,2
FBgn0040087,3362,2931,4496,4553
FBgn0010292,4014,3972,6505,5955
FBgn0029975,3562,3635,13573,11787
FBgn0029976,7502,7966,8000,7757
FBgn0004403,22713,17783,82938,75198
FBgn0004404,5472,3191,20331,18974
FBgn0029987,1,2,0,1
FBgn0003447,9725,10825,17278,16944
FBgn0004657,9581,10571,12914,14732
FBgn0029993,6,0,7,2
FBgn0040319,7131,6784,8002,7608
FBgn0029997,5796,7403,7493,7383
FBgn0029996,32200,42413,43938,41929
FBgn0029995,4,5,3,9
FBgn0029994,19,15,25,34
FBgn0029992,5974,6579,6590,6793
FBgn0004656,15860,16065,22784,23464
FBgn0029990,226,290,337,427
FBgn0029989,1,0,0,2
FBgn0003656,16629,17572,22538,21991
FBgn0029986,9,6,5,4
FBgn0027280,12363,14895,17590,16775
FBgn0029980,2345,2215,3989,3617
FBgn0029979,20800,24872,25865,27673
FBgn0029977,35,25,33,16
FBgn0029974,32,31,111,99
FBgn0053222,1,0,0,1
FBgn0260447,1,1,2,0
FBgn0029971,0,0,0,0
FBgn0029970,4472,4571,4693,4176
FBgn0029969,7874,6601,14009,11995
FBgn0029965,26,17,79,97
FBgn0029963,4,4,0,0
FBgn0029999,4833,5006,6158,5459
FBgn0030003,4199,4145,5440,4928
FBgn0030004,332,337,432,404
FBgn0030005,8,11,9,12
FBgn0030008,2179,1889,3107,2776
FBgn0030009,0,1,0,0
FBgn0030010,2620,2103,2865,2579
FBgn0030012,1103,680,1753,1523
FBgn0030013,3067,3364,3939,3376
FBgn0030014,0,1,0,0
FBgn0030025,2391,2290,3318,3050
FBgn0020653,25993,17901,63492,58954
FBgn0030027,83,56,274,485
FBgn0030030,5934,6929,7568,7697
FBgn0030033,1,0,1,0
FBgn0030034,7574,8565,11724,11512
FBgn0030035,5407,4556,8337,8033
FBgn0040928,2150,3180,5005,3978
FBgn0015519,4,7,24,52
FBgn0030029,50,51,75,81
FBgn0030028,4701,5117,3711,3336
FBgn0017566,7111,4194,20955,20192
FBgn0030026,2159,2113,3066,2937
FBgn0030017,164,205,253,249
FBgn0030016,7,7,5,3
FBgn0030015,3,6,0,1
FBgn0030011,209,168,579,412
FBgn0030007,7123,6025,15352,13949
FBgn0030006,785,810,869,796
FBgn0025800,9953,12543,12753,12690
FBgn0030001,2,2,8,11
FBgn0030000,3465,2649,6192,5872
FBgn0030038,16773,17732,20968,20747
FBgn0023506,3100,2655,3417,3041
FBgn0014465,22005,14791,85615,78546
FBgn0014466,24401,16788,58954,53388
FBgn0000359,195227,41460,763260,625537
FBgn0000360,264387,62464,896120,753706
FBgn0053181,10609,10865,15616,15998
FBgn0030049,13848,13066,13973,14076
FBgn0030052,2220,1647,2825,3269
FBgn0030053,3459,3098,4697,4380
FBgn0025864,9125,8137,11669,11280
FBgn0030055,1541,1153,2088,1989
FBgn0030056,13521,16337,16686,15951
FBgn0027864,1612,2210,2870,2781
FBgn0030058,0,0,0,0
FBgn0030057,1375,1734,2560,2361
FBgn0030054,15597,14073,22552,20566
FBgn0040929,1518,1673,1765,1671
FBgn0030051,0,4,1,2
FBgn0030050,0,0,0,2
FBgn0030048,2966,4474,4521,3816
FBgn0026679,4135,3426,5134,4921
FBgn0024943,6,4,17,9
FBgn0003023,37241,40833,36197,35357
FBgn0053223,86,107,121,98
FBgn0030041,170,117,317,332
FBgn0014032,3951,4468,5659,5324
FBgn0030040,1198,1245,1241,1654
FBgn0052713,1,0,6,2
FBgn0021767,5,2,34,60
FBgn0030039,1534,1472,1661,1501
FBgn0030037,8600,9285,11681,11051
FBgn0052712,7,13,9,9
FBgn0041629,324,235,2579,2353
FBgn0030061,7141,6968,12122,12089
FBgn0030063,2465,2542,4445,3809
FBgn0030065,1069,840,3171,3172
FBgn0030067,4803,4869,8375,7733
FBgn0030073,46,30,113,77
FBgn0030074,6,6,4,3
FBgn0030071,1,6,5,4
FBgn0011586,10843,14840,13216,11633
FBgn0030066,1035,970,1240,1229
FBgn0011661,28054,32926,55426,56052
FBgn0026411,6,0,4,9
FBgn0027330,4556,4356,7536,7703
FBgn0030060,4879,4676,11075,9637
FBgn0030082,3226,3602,4833,4118
FBgn0052707,3385,3366,3721,3504
FBgn0052708,1553,1737,2564,2260
FBgn0052706,1,8,8,13
FBgn0030085,3,5,12,13
FBgn0030086,43405,40255,91284,84343
FBgn0030088,2411,2820,3753,3403
FBgn0030089,9472,8440,13130,13084
FBgn0030091,2445,2627,3510,3382
FBgn0030093,8184,6468,17081,15768
FBgn0040467,596,509,1162,970
FBgn0026206,16153,19597,21139,22594
FBgn0030098,0,0,0,0
FBgn0030099,790,680,1725,1352
FBgn0030100,1428,1490,1739,1589
FBgn0030103,1,0,0,0
FBgn0030104,0,0,0,0
FBgn0030105,0,0,0,0
FBgn0030107,0,2,6,2
FBgn0030108,0,0,0,0
FBgn0010269,6305,4853,10528,9860
FBgn0030114,3111,2707,5390,5647
FBgn0028292,3711,3377,5254,4939
FBgn0030122,4568,4153,8195,7391
FBgn0002576,5,4,4,3
FBgn0040234,1728,1218,3108,2790
FBgn0040235,2822,2507,5563,4995
FBgn0040236,7033,6750,7734,7582
FBgn0030121,3751,3762,4167,3781
FBgn0030120,37,10,140,148
FBgn0052703,5,6,1,3
FBgn0030116,1,0,1,0
FBgn0000077,1618,1583,2089,1895
FBgn0052704,0,1,3,2
FBgn0030109,8748,9435,9514,9244
FBgn0030102,14,8,26,44
FBgn0030101,1944,2001,2428,2094
FBgn0030097,0,0,0,0
FBgn0030096,3190,2618,5151,4893
FBgn0040931,947,503,3678,2706
FBgn0014868,7764,5677,16563,14030
FBgn0030092,1147,1048,1965,1540
FBgn0030090,4829,5339,5719,5688
FBgn0004856,11051,8666,17343,14424
FBgn0030087,7227,6492,8678,8406
FBgn0030081,3808,3879,4468,4099
FBgn0030078,2,0,3,1
FBgn0030077,208,149,335,362
FBgn0026149,5125,6259,7634,6998
FBgn0030136,54409,59837,102135,75547
FBgn0001186,19503,22791,16622,17606
FBgn0030141,6327,5172,8055,7183
FBgn0027084,16563,13574,29819,27571
FBgn0052699,8750,10153,10128,10177
FBgn0052702,732,1036,1602,1788
FBgn0030137,1094,1483,1880,1596
FBgn0028327,20207,21812,40495,38980
FBgn0000233,4,1,3,3
FBgn0020378,0,0,0,0
FBgn0052698,181,188,212,272
FBgn0026415,136,104,15000,13624
FBgn0030148,6,8,16,24
FBgn0030164,0,0,0,0
FBgn0052694,134,149,355,555
FBgn0030170,5367,6164,5987,5763
FBgn0004045,57924,48798,198812,158053
FBgn0052693,0,0,0,0
FBgn0030174,142,201,3149,3282
FBgn0005391,77450,64998,284440,245085
FBgn0030167,0,0,0,0
FBgn0030163,0,0,0,0
FBgn0030177,4723,4305,8705,8654
FBgn0030181,1,2,0,0
FBgn0052690,3,0,0,0
FBgn0028342,9055,6204,24037,21084
FBgn0030189,1073,1004,2682,2417
FBgn0028480,5995,5475,10905,9745
FBgn0030195,9,3,7,8
FBgn0000711,4952,6076,7253,7042
FBgn0030200,0,0,2,0
FBgn0030206,1137,763,1590,1514
FBgn0030208,9015,10081,13073,12648
FBgn0052687,917,963,1457,1793
FBgn0030207,12,14,5,4
FBgn0030204,3,2,0,6
FBgn0052683,0,0,0,0
FBgn0030202,0,0,0,0
FBgn0030196,2238,2400,3123,3021
FBgn0052681,0,0,0,3
FBgn0052686,3,0,0,0
FBgn0052679,0,0,2,0
FBgn0028331,25629,28805,38946,39438
FBgn0030191,7,3,1,1
FBgn0011770,6023,5934,9237,7643
FBgn0040942,199,212,94,78
FBgn0030187,27,16,128,120
FBgn0040941,0,0,0,0
FBgn0030186,0,0,0,1
FBgn0030183,2256,2955,3878,3849
FBgn0030178,1084,987,1740,1540
FBgn0052685,6578,7328,10785,11164
FBgn0067052,0,0,0,0
FBgn0030217,836,863,1106,1127
FBgn0030223,0,0,0,1
FBgn0052677,20,20,59,60
FBgn0003204,14201,13571,27753,27768
FBgn0030228,6877,6388,8745,8229
FBgn0052672,15287,19587,17337,16931
FBgn0052675,6712,7131,9428,9316
FBgn0030230,102,79,47,47
FBgn0052676,17932,18011,23613,22944
FBgn0030224,0,0,0,0
FBgn0052673,0,0,0,0
FBgn0030222,0,0,0,3
FBgn0030221,0,0,0,0
FBgn0030218,1252,1117,2600,2526
FBgn0001206,5050,6005,4076,4074
FBgn0030215,0,1,0,0
FBgn0034551,0,0,0,0
FBgn0034554,2,0,0,0
FBgn0050295,1797,1786,2560,2075
FBgn0034558,13,27,16,26
FBgn0034560,0,0,0,0
FBgn0020617,0,0,0,0
FBgn0034564,1695,1886,1713,1199
FBgn0034570,6381,6017,6947,7467
FBgn0034572,3288,3783,3863,3758
FBgn0050296,33,56,73,50
FBgn0034576,2795,2952,6712,5743
FBgn0034577,9465,10421,11571,10735
FBgn0034579,1746,2106,2774,2496
FBgn0034580,17,12,19,15
FBgn0003748,11767,12469,15909,17054
FBgn0034583,3740,3346,11222,10856
FBgn0034582,5,0,0,1
FBgn0022700,0,0,1,0
FBgn0050293,1,1,1,1
FBgn0034578,544,741,920,731
FBgn0003391,8733,9345,10641,12367
FBgn0034573,4418,4034,5790,5384
FBgn0001133,2667,2300,3364,2997
FBgn0050291,2690,2302,3998,3688
FBgn0034569,2037,2241,3301,2848
FBgn0034568,3,4,2,2
FBgn0034567,0,1,0,1
FBgn0034565,0,0,0,0
FBgn0008636,0,0,0,0
FBgn0015524,0,1,0,0
FBgn0040653,2,1,4,3
FBgn0034553,0,0,0,0
FBgn0034552,0,0,0,0
FBgn0011674,2246,2024,2325,2278
FBgn0016984,13629,12839,17515,16930
FBgn0034588,390,306,705,673
FBgn0002736,4784,5462,7055,6483
FBgn0034592,1,3,0,0
FBgn0021872,10385,9646,17857,17318
FBgn0026582,1405,1356,2074,1817
FBgn0050208,0,0,0,0
FBgn0034599,1125,936,1640,1484
FBgn0003162,1134,1218,337,364
FBgn0011872,0,0,0,0
FBgn0003891,25785,33778,33134,35991
FBgn0034602,725,923,880,1164
FBgn0034611,5856,7904,7255,8964
FBgn0016726,28537,28673,65404,44165
FBgn0020306,49031,57030,56402,59377
FBgn0034622,3,2,5,6
FBgn0034628,5878,6712,6773,6103
FBgn0034629,4626,4547,5609,5322
FBgn0034627,756,980,1060,855
FBgn0034626,1641,1538,1593,1372
FBgn0000395,118,128,199,215
FBgn0034624,0,0,0,0
FBgn0034623,0,0,0,2
FBgn0050394,1485,1700,2412,2170
FBgn0034617,3912,4790,5386,5001
FBgn0034614,4058,5660,6606,5624
FBgn0050390,1118,1123,1435,1253
FBgn0050392,3554,4573,5673,4607
FBgn0034612,45,45,117,103
FBgn0050393,1,1,0,0
FBgn0050391,1,0,0,0
FBgn0034606,502,609,1045,1166
FBgn0034605,17,53,62,69
FBgn0027073,36,56,54,37
FBgn0050209,1,0,0,0
FBgn0034601,0,0,0,2
FBgn0034598,5655,4991,8064,7728
FBgn0011871,0,0,0,0
FBgn0050206,0,0,0,0
FBgn0050389,9478,9672,10619,10695
FBgn0034595,2,0,0,0
FBgn0034590,3387,3252,4413,4390
FBgn0020312,4575,4455,6166,5911
FBgn0011824,6288,7963,11357,10461
FBgn0034585,3706,3143,5496,5109
FBgn0026369,4880,5460,5119,5194
FBgn0003731,1506,1906,2832,3656
FBgn0050222,1,0,0,4
FBgn0053225,1,0,2,1
FBgn0034641,11838,13140,14025,14146
FBgn0034642,16,18,16,14
FBgn0034643,6387,5983,7773,7488
FBgn0034644,3904,3898,5118,4972
FBgn0034645,1311,798,6874,4997
FBgn0034650,3469,2893,5033,4402
FBgn0034651,8,6,0,2
FBgn0050263,15,29,15,6
FBgn0034654,9444,8524,15706,14632
FBgn0034655,11,25,38,34
FBgn0050290,0,0,0,0
FBgn0010228,1769,2619,4732,4985
FBgn0027360,4,0,1,0
FBgn0050285,30,35,105,73
FBgn0034649,0,0,0,0
FBgn0034647,56,60,500,428
FBgn0034646,4462,3842,7488,6686
FBgn0050284,0,0,0,0
FBgn0016641,7464,7571,7404,7143
FBgn0000326,1877,2218,2735,2357
FBgn0042180,6566,7274,8047,7336
FBgn0034639,193,226,417,408
FBgn0034638,323,248,483,396
FBgn0034636,3,6,4,6
FBgn0260477,0,2,0,1
FBgn0069056,0,0,0,0
FBgn0050287,1,0,0,0
FBgn0050286,0,0,0,0
FBgn0050289,2,1,2,2
FBgn0050288,0,0,0,0
FBgn0034634,1828,1824,2450,2334
FBgn0034631,2879,4035,3106,3092
FBgn0010470,3613,4346,5711,6118
FBgn0010415,8391,10675,15561,16678
FBgn0004362,44678,53592,81290,76350
FBgn0050398,0,0,1,1
FBgn0034657,5212,5092,5126,5035
FBgn0034658,0,0,0,0
FBgn0050395,0,0,0,0
FBgn0034659,0,0,0,0
FBgn0046297,2,2,0,0
FBgn0034666,0,0,0,0
FBgn0034670,1,0,1,0
FBgn0034674,6468,7528,7326,6770
FBgn0041237,0,0,0,0
FBgn0041239,0,0,0,0
FBgn0050401,4,2,103,40
FBgn0041238,0,0,0,1
FBgn0034671,0,0,0,0
FBgn0025573,0,0,1,0
FBgn0034667,0,1,0,2
FBgn0050406,0,0,0,0
FBgn0050407,0,0,0,0
FBgn0034665,0,0,0,0
FBgn0034664,1,1,1,1
FBgn0034663,0,0,0,0
FBgn0034662,2,3,2,4
FBgn0034661,0,0,0,1
FBgn0042098,0,0,0,0
FBgn0034660,0,0,1,0
FBgn0050404,9449,10829,13542,12400
FBgn0050403,503,609,2406,2285
FBgn0034681,1,2,0,0
FBgn0067102,4928,4483,6446,6097
FBgn0034691,5603,5652,7009,6733
FBgn0034694,3830,4418,5082,4800
FBgn0050281,0,1,1,0
FBgn0002715,2173,2554,3183,2843
FBgn0029147,11,11,27,19
FBgn0034700,0,1,0,0
FBgn0029084,5,1,23,18
FBgn0034704,3073,2820,3571,3331
FBgn0034706,162,157,407,355
FBgn0034707,2104,1965,3079,2726
FBgn0034708,8388,9816,9878,9995
FBgn0034713,1,0,0,1
FBgn0025186,7723,8414,8088,7891
FBgn0020307,0,1,0,4
FBgn0034716,0,1,0,0
FBgn0034715,0,0,0,0
FBgn0050277,0,2,0,0
FBgn0050278,3,0,0,0
FBgn0034712,1,0,0,0
FBgn0034710,0,0,0,0
FBgn0034709,1964,1491,4294,4479
FBgn0034705,1127,1372,1325,1158
FBgn0034703,2586,3413,3138,2867
FBgn0034697,4527,4617,6086,5764
FBgn0034693,5,4,9,1
FBgn0034692,0,0,0,0
FBgn0034689,2794,3204,3760,3493
FBgn0034688,3512,3922,4317,3841
FBgn0034687,203,257,142,156
FBgn0034684,8,4,2,0
FBgn0034683,0,0,0,0
FBgn0050105,1145,1676,3315,2353
FBgn0034249,3869,3726,3261,3221
FBgn0034248,1613,2071,2646,2163
FBgn0034247,5,7,18,22
FBgn0034246,7282,9514,9293,9828
FBgn0034245,3417,4713,5724,3530
FBgn0034243,7519,9803,10810,10623
FBgn0011879,0,0,0,0
FBgn0010620,8100,9514,10290,9777
FBgn0016697,12860,13071,36786,29460
FBgn0022029,9058,10832,8184,7947
FBgn0034215,5546,5899,9767,8009
FBgn0034217,1085,1209,838,673
FBgn0034218,0,1,3,2
FBgn0034221,9,6,13,5
FBgn0024196,2320,3048,6911,4741
FBgn0028953,19114,18792,20412,19264
FBgn0022987,5219,6901,6738,6801
FBgn0034225,1222,1736,2575,2704
FBgn0050104,619,884,1526,1616
FBgn0050103,0,0,0,0
FBgn0034229,6,3,9,7
FBgn0034230,4028,4839,4543,4298
FBgn0034232,2260,3142,4003,3265
FBgn0034237,59146,64785,93079,94427
FBgn0028382,1552,1669,2871,2643
FBgn0034240,8243,8842,9979,10728
FBgn0010409,78934,65916,183053,175275
FBgn0034231,1320,1399,1872,1671
FBgn0034224,0,1,2,2
FBgn0034223,4660,4669,5556,5151
FBgn0028956,376,536,737,787
FBgn0034219,166,262,281,305
FBgn0027506,11800,12715,14024,13361
FBgn0025716,5828,5960,8563,7668
FBgn0034214,2107,2722,3200,3029
FBgn0021818,8054,8064,9588,9683
FBgn0050101,124,89,256,269
FBgn0034210,3941,4592,4590,4195
FBgn0050232,0,0,0,0
FBgn0034179,2216,2370,2308,2109
FBgn0023172,15561,16365,16896,17388
FBgn0034182,98,117,131,124
FBgn0034183,1,0,0,1
FBgn0034184,4452,5226,6674,6221
FBgn0026721,22,34,44,37
FBgn0034187,15750,19575,18648,18002
FBgn0034191,1787,2447,2071,1898
FBgn0050456,935,1006,1576,1540
FBgn0034194,468,552,1174,1348
FBgn0000078,1,0,0,0
FBgn0034197,0,0,0,0
FBgn0034198,58,48,131,145
FBgn0034199,70,52,95,65
FBgn0034200,30,37,77,67
FBgn0050235,0,0,0,0
FBgn0034201,0,1,0,0
FBgn0034205,0,0,0,0
FBgn0046294,10,13,0,0
FBgn0034206,0,0,0,0
FBgn0034204,0,0,0,0
FBgn0050457,0,0,0,0
FBgn0050458,0,0,0,0
FBgn0034202,0,0,0,0
FBgn0050234,0,0,0,0
FBgn0034196,3,0,0,0
FBgn0034195,0,1,0,0
FBgn0000079,3,0,1,2
FBgn0010591,7933,7908,11827,11675
FBgn0050460,650,665,1043,1113
FBgn0034186,2053,2014,2525,2446
FBgn0034181,18297,19413,24265,24014
FBgn0034180,3429,4079,3525,3610
FBgn0034154,0,0,0,0
FBgn0034156,1,0,0,0
FBgn0011743,4,3,0,0
FBgn0034157,0,1,0,0
FBgn0034158,7581,9740,8266,8002
FBgn0040743,4,4,2,3
FBgn0034160,1,0,1,1
FBgn0025830,3114,3560,2737,2654
FBgn0028737,53621,48874,118350,108835
FBgn0034162,9,11,10,10
FBgn0025827,0,0,0,0
FBgn0046999,0,0,1,2
FBgn0034166,4,7,16,10
FBgn0004784,0,0,0,0
FBgn0003091,514,628,738,688
FBgn0034168,2,1,1,0
FBgn0034172,1843,1912,2299,2150
FBgn0011867,0,0,0,0
FBgn0004580,1,3,5,6
FBgn0034177,711,1081,1055,928
FBgn0026402,2579,2864,2715,2287
FBgn0034176,8197,9947,9536,9181
FBgn0034175,71,82,51,38
FBgn0034173,2,0,0,0
FBgn0025833,6,7,4,10
FBgn0014870,5255,5285,8688,8795
FBgn0025832,3962,4003,6088,5388
FBgn0026754,0,0,0,0
FBgn0034159,9,4,5,0
FBgn0010213,6218,4851,14921,13539
FBgn0015584,0,0,2,0
FBgn0034153,0,0,0,1
FBgn0034152,0,0,0,0
FBgn0034151,0,0,0,2
FBgn0053458,0,0,0,0
FBgn0034132,4,2,0,0
FBgn0011260,16712,21942,24361,25583
FBgn0034135,11,6,12,21
FBgn0034137,23,24,21,24
FBgn0016131,6570,7661,11925,11137
FBgn0003274,62002,63886,281791,216391
FBgn0034144,3,3,0,0
FBgn0034145,662,702,1675,2437
FBgn0024232,0,0,0,0
FBgn0013763,180,183,30223,28370
FBgn0050463,4781,3980,12586,12197
FBgn0024315,1251,1152,6914,6573
FBgn0024319,8,15,32,21
FBgn0020506,2,4,15,14
FBgn0040505,2,1,4,4
FBgn0034143,2742,3331,9618,10182
FBgn0034142,260,296,665,679
FBgn0034141,2923,2637,3930,3664
FBgn0034140,107,84,113,106
FBgn0034138,66594,51295,200804,165670
FBgn0034136,31,31,25,40
FBgn0034133,2,0,0,0
FBgn0034131,0,0,0,0
FBgn0050239,0,0,0,0
FBgn0050240,0,0,0,0
FBgn0034094,7,0,7,11
FBgn0034095,64,49,39,75
FBgn0034097,0,0,0,0
FBgn0053017,10,11,12,11
FBgn0034103,0,0,0,0
FBgn0034104,0,0,0,0
FBgn0034106,0,0,1,0
FBgn0028424,799,1006,418,397
FBgn0050100,0,0,0,0
FBgn0034110,3052,2885,3934,3635
FBgn0034114,3704,3677,3705,3562
FBgn0010611,7532,7701,12380,13807
FBgn0034118,7500,8163,10018,9170
FBgn0034126,66,97,552,512
FBgn0034128,0,0,1,4
FBgn0034129,0,0,0,0
FBgn0034127,2,0,0,0
FBgn0034122,0,0,1,3
FBgn0034120,0,0,1,2
FBgn0034117,4502,5016,6629,6802
FBgn0050096,725,1107,986,861
FBgn0034113,3536,4411,3888,3745
FBgn0034109,2110,2591,2743,2685
FBgn0050099,17,75,26,12
FBgn0050324,14,12,7,3
FBgn0034105,0,1,0,0
FBgn0024249,0,0,0,0
FBgn0001308,14319,13100,22306,21825
FBgn0025519,2359,2653,4755,4357
FBgn0034099,1,0,0,0
FBgn0034098,8345,12145,8848,7954
FBgn0034096,0,0,0,0
FBgn0034093,1791,2390,1919,1612
FBgn0034092,0,1,0,0
FBgn0034091,11724,15684,18222,17184
FBgn0050238,0,0,0,0
FBgn0050237,0,0,1,6
FBgn0050093,2,1,0,1
FBgn0034059,3072,3511,3564,2929
FBgn0034060,7607,8431,7169,6563
FBgn0034063,2309,2606,2120,1900
FBgn0034065,1233,1115,2470,2314
FBgn0034067,3305,2238,7777,7503
FBgn0034069,0,0,0,0
FBgn0034070,22,7,10,5
FBgn0014020,18034,24448,24368,24119
FBgn0034075,1084,1199,748,769
FBgn0034076,2,1,0,0
FBgn0010052,22,33,26,16
FBgn0050095,1,3,1,4
FBgn0001124,11126,11693,14129,12550
FBgn0050094,880,1122,1979,1578
FBgn0027091,6324,6706,9959,9087
FBgn0034083,2726,3021,3165,3297
FBgn0015754,15712,18383,22988,21673
FBgn0034087,14238,16726,20263,22435
FBgn0015295,4345,3980,4605,4772
FBgn0034086,2394,3055,4752,3944
FBgn0034085,160,211,120,160
FBgn0034084,2936,2848,2952,2725
FBgn0034082,2,4,5,2
FBgn0034073,9935,13705,12188,12050
FBgn0034068,10413,11474,12215,12085
FBgn0034066,4577,4359,7852,6569
FBgn0010590,7468,5997,21045,18288
FBgn0034062,1562,1528,1298,1190
FBgn0034061,1510,1578,3377,2669
FBgn0020236,10100,10752,23185,24568
FBgn0034058,4400,4357,4873,3982
FBgn0034057,3099,2804,4044,3535
FBgn0050091,2,0,0,3
FBgn0050090,2,4,6,1
FBgn0050088,0,0,0,0
FBgn0050089,364,479,504,652
FBgn0034046,18576,20723,16540,14565
FBgn0034047,1,2,1,3
FBgn0034050,1537,1489,1973,1491
FBgn0034052,0,0,1,3
FBgn0034051,14546,16231,21754,20064
FBgn0015247,6007,5908,9389,8685
FBgn0034049,4417,4348,2891,2784
FBgn0050085,11160,10567,10837,10533
FBgn0022160,1109,735,1996,1917
FBgn0034045,4,1,7,3
FBgn0003130,0,0,0,0
FBgn0050083,0,0,0,0
FBgn0050080,0,0,0,0
FBgn0050082,1,2,3,3
FBgn0034023,0,0,0,0
FBgn0050469,0,0,0,0
FBgn0050468,0,0,0,0
FBgn0050464,0,1,0,0
FBgn0034025,6996,7478,8594,7772
FBgn0050471,1,3,0,0
FBgn0050467,3066,3571,4038,3659
FBgn0022097,11439,10825,24417,20004
FBgn0034029,3880,5136,4630,4478
FBgn0034031,2,1,1,3
FBgn0050466,469,717,893,836
FBgn0034035,2207,2246,3056,3045
FBgn0023441,10247,11819,11381,11764
FBgn0034033,477,505,949,738
FBgn0013762,2799,2613,3855,3520
FBgn0024754,1642,1524,4761,4190
FBgn0034032,3287,4529,5369,4960
FBgn0034030,4,2,9,7
FBgn0034027,1332,1876,1481,1403
FBgn0019968,3408,3451,4977,5266
FBgn0034022,0,1,1,1
FBgn0034021,17952,15585,32356,29747
FBgn0050472,1,0,0,0
FBgn0013467,1,0,1,0
FBgn0033996,5332,6384,4750,4307
FBgn0033997,3,2,6,4
FBgn0050081,0,0,2,0
FBgn0034000,1035,1132,1432,1276
FBgn0034002,1556,1718,2309,2250
FBgn0003328,2854,3942,3833,5281
FBgn0034005,46,71,56,84
FBgn0004698,16415,20070,27530,27158
FBgn0013750,8882,11536,11422,10779
FBgn0034012,1,0,0,0
FBgn0034013,14,22,25,29
FBgn0026370,24345,26856,27131,26448
FBgn0014865,0,0,0,0
FBgn0000996,19794,21390,21430,20721
FBgn0011660,5475,7326,6510,6277
FBgn0034011,0,0,0,1
FBgn0034010,2,0,1,4
FBgn0034008,1869,2597,2860,2318
FBgn0034007,0,2,3,0
FBgn0001187,7,8,4,2
FBgn0034001,1006,1084,2115,1904
FBgn0033999,1,0,0,0
FBgn0033998,10497,12760,10820,10632
FBgn0033995,2771,4126,4690,4543
FBgn0033982,138,120,258,302
FBgn0040747,2,3,0,0
FBgn0033984,7025,8739,6963,7213
FBgn0033985,2,2,0,0
FBgn0033987,879,918,1674,1857
FBgn0033988,15169,16602,23300,22627
FBgn0015371,9380,8796,16503,16197
FBgn0033994,2224,3029,2265,2154
FBgn0033993,1893,2815,2092,1966
FBgn0033990,2782,3309,4170,3804
FBgn0033989,2469,3075,3297,3145
FBgn0050241,0,0,0,0
FBgn0033983,0,4,1,4
FBgn0027596,734,752,1064,1269
FBgn0033951,1542,1535,1927,1769
FBgn0033955,0,0,0,0
FBgn0010388,112,37,185,171
FBgn0012042,71,38,235,204
FBgn0041581,79,46,171,164
FBgn0050476,1308,1756,2105,1470
FBgn0033961,1495,933,5122,3851
FBgn0015602,5198,5447,6752,6277
FBgn0033968,0,0,0,0
FBgn0033970,0,0,0,0
FBgn0028434,1391,1478,1815,1505
FBgn0033973,723,738,987,995
FBgn0013773,7755,8127,8093,7668
FBgn0015714,348,411,1525,1373
FBgn0033978,317,392,1199,1102
FBgn0033979,25562,30105,48075,44179
FBgn0033980,1020,1295,370,340
FBgn0013772,4,1,4,5
FBgn0033981,14,10,9,9
FBgn0013771,421,553,716,681
FBgn0033972,2382,1985,5400,4679
FBgn0027783,8114,10085,11132,10951
FBgn0033971,3766,3635,4000,3724
FBgn0016684,61,70,60,73
FBgn0033969,2,0,0,0
FBgn0001319,1,0,3,2
FBgn0020767,4100,4833,6576,6723
FBgn0033963,3,0,0,2
FBgn0033960,122,101,981,900
FBgn0028689,21077,23802,31826,30449
FBgn0033958,12,12,27,21
FBgn0020269,16,18,64,80
FBgn0050480,0,0,0,0
FBgn0050479,0,0,0,0
FBgn0033954,1,0,0,0
FBgn0033953,4,1,0,0
FBgn0033952,0,0,0,0
FBgn0033950,0,0,0,0
FBgn0033932,0,0,0,1
FBgn0033933,0,0,0,0
FBgn0033935,3985,4330,4038,3686
FBgn0033936,35,35,110,94
FBgn0050197,236,274,401,371
FBgn0033943,3,3,2,2
FBgn0050077,657,666,1177,1100
FBgn0010638,7466,8619,15977,13487
FBgn0033949,0,1,9,4
FBgn0033948,2268,2656,1706,1585
FBgn0026427,10915,13841,11299,11890
FBgn0053468,29,43,101,79
FBgn0053469,10,14,39,30
FBgn0033945,602,905,1292,1117
FBgn0019938,8361,11237,13514,13783
FBgn0010397,2298,1839,3608,3470
FBgn0050076,1,0,1,0
FBgn0033942,9,9,8,11
FBgn0013725,2,0,0,0
FBgn0033934,6968,7064,13194,11102
FBgn0033899,3046,3391,2863,2617
FBgn0033901,5214,6131,8036,6735
FBgn0033903,839,847,468,455
FBgn0033904,3,8,10,6
FBgn0033905,583,685,699,646
FBgn0033906,9906,11822,12731,11425
FBgn0000289,15374,16083,19790,18345
FBgn0033913,11,13,9,10
FBgn0033916,8003,8545,8265,7907
FBgn0033917,3792,4032,12289,11419
FBgn0033918,7447,7606,12648,11814
FBgn0027538,2437,2861,3128,2948
FBgn0033924,2821,3639,3797,3661
FBgn0033928,1104,1074,1145,1003
FBgn0033929,10198,11158,15481,14514
FBgn0050073,0,0,0,0
FBgn0050074,0,0,0,0
FBgn0050075,0,0,0,0
FBgn0033931,0,0,0,0
FBgn0050067,0,0,1,0
FBgn0033927,0,0,0,1
FBgn0033926,3450,3077,4735,4795
FBgn0033925,1735,1423,2539,2108
FBgn0033921,3787,5455,5466,5165
FBgn0033919,338,343,391,413
FBgn0001220,25204,26415,35638,36760
FBgn0033915,7327,8654,7673,7371
FBgn0033912,86373,71397,243924,206097
FBgn0005613,0,1,14,13
FBgn0033907,1458,1314,3251,2685
FBgn0033902,20032,20867,30721,29182
FBgn0033900,1284,1463,1545,1385
FBgn0040751,182,168,168,144
FBgn0033897,12360,14154,11871,11415
FBgn0013770,43951,42225,101966,99889
FBgn0033891,1445,1723,1891,1577
FBgn0002643,3547,2910,7276,7435
FBgn0033893,2,5,0,1
FBgn0040752,11206,11484,15558,17213
FBgn0020620,7019,7878,8019,7949
FBgn0033890,8306,6287,11098,10167
FBgn0033889,18021,21459,24590,25104
FBgn0033888,1,2,3,1
FBgn0033887,868,974,2655,3063
FBgn0033886,10017,7106,18603,16966
FBgn0033885,3,1,8,9
FBgn0013733,5929,6405,9314,10416
FBgn0033883,2344,1983,4967,4915
FBgn0033859,3266,3380,4272,3996
FBgn0033860,14,8,9,3
FBgn0000633,5,8,14,19
FBgn0033863,0,0,0,0
FBgn0033864,0,0,0,0
FBgn0033866,3,9,6,9
FBgn0033867,0,0,0,1
FBgn0033869,10,1,30,20
FBgn0033871,988,1131,1698,1255
FBgn0033872,39,34,48,63
FBgn0033874,0,0,0,0
FBgn0033875,1549,2111,3666,3509
FBgn0050484,3,1,3,4
FBgn0050485,2,2,3,2
FBgn0033880,5,8,7,10
FBgn0033879,9974,5924,27549,23673
FBgn0033876,6,6,8,10
FBgn0033873,0,0,0,0
FBgn0000662,7798,7303,10622,9909
FBgn0033868,8,2,0,0
FBgn0033865,0,0,1,3
FBgn0033862,12,12,41,44
FBgn0033861,0,0,0,0
FBgn0041579,2,0,28,4
FBgn0053470,0,0,0,0
FBgn0011882,0,0,0,0
FBgn0011883,0,0,0,0
FBgn0011884,0,0,0,0
FBgn0011885,0,0,0,0
FBgn0050065,0,0,0,0
FBgn0019928,0,2,0,0
FBgn0050509,0,0,0,0
FBgn0040477,2058,1277,4414,3832
FBgn0033845,9006,7308,12884,12183
FBgn0033846,7597,7637,7186,6798
FBgn0024556,7987,5785,18904,17883
FBgn0033848,0,0,1,0
FBgn0033850,0,0,0,0
FBgn0033851,2,3,5,7
FBgn0014877,6934,6847,8694,7915
FBgn0033855,12,22,17,7
FBgn0033856,0,0,1,0
FBgn0027581,794,923,747,805
FBgn0053156,4555,3529,14955,13274
FBgn0033853,6378,6775,6726,6917
FBgn0011896,0,0,0,0
FBgn0004638,9177,12171,11127,10304
FBgn0033844,8507,9132,10617,10475
FBgn0033842,1639,1450,2621,2342
FBgn0000119,1476,1454,1694,1811
FBgn0050062,1,2,2,1
FBgn0011881,0,0,0,0
FBgn0260475,327,273,312,281
FBgn0033836,12,21,235,274
FBgn0033834,1,0,0,0
FBgn0033830,3,1,2,7
FBgn0033828,0,0,0,0
FBgn0033792,1,0,0,0
FBgn0020391,150,126,174,193
FBgn0053138,9052,7495,17221,15173
FBgn0027079,7795,7245,12100,12144
FBgn0033806,2856,3662,3196,3206
FBgn0033808,1413,1523,2443,2059
FBgn0040754,1203,1503,2288,1780
FBgn0011763,18497,19363,22004,20762
FBgn0033813,1245,1339,1602,1254
FBgn0033815,615,635,566,580
FBgn0033817,62,80,142,165
FBgn0033820,45,49,42,21
FBgn0033821,1,2,1,0
FBgn0033827,0,0,0,0
FBgn0033826,0,0,0,0
FBgn0033819,0,0,0,0
FBgn0033818,5,0,0,0
FBgn0033816,5048,5996,5365,5179
FBgn0033814,6176,5608,7888,7698
FBgn0033812,5425,4898,7692,7135
FBgn0043010,4660,4177,7468,6849
FBgn0050058,0,0,0,0
FBgn0005654,0,0,0,0
FBgn0053182,494,786,470,478
FBgn0033802,938,1351,1118,960
FBgn0033799,622,598,328,308
FBgn0033798,22,26,9,12
FBgn0020370,20963,19312,38641,38821
FBgn0033794,1,4,5,2
FBgn0033793,3,2,11,8
FBgn0028963,0,0,0,0
FBgn0000181,65134,57776,139178,127480
FBgn0002069,14586,15182,23204,21439
FBgn0003975,0,3,0,0
FBgn0033782,202,194,146,342
FBgn0033785,2295,2405,486,482
FBgn0033787,586,503,1679,2026
FBgn0033791,0,0,0,0
FBgn0033789,0,0,0,0
FBgn0033788,0,2,0,1
FBgn0005624,2249,2132,2963,2994
FBgn0004512,52,32,104,109
FBgn0050487,0,0,0,0
FBgn0033784,4195,4644,4100,3961
FBgn0033783,5818,5306,7040,6527
FBgn0025692,24,29,32,49
FBgn0033778,0,5,1,0
FBgn0033777,3055,3726,4369,4204
FBgn0050486,2,8,10,15
FBgn0050488,15,26,19,20
FBgn0033775,9,2,8,9
FBgn0011592,2414,2859,3775,4189
FBgn0033753,2,2,4,9
FBgn0003527,2447,2352,4039,3448
FBgn0033755,5041,6764,7618,7740
FBgn0050055,4234,5530,4133,3480
FBgn0027356,6230,7482,8378,8418
FBgn0004435,894,1104,1819,1881
FBgn0050054,344,501,487,399
FBgn0033756,8,13,13,12
FBgn0028683,2725,4073,6695,4734
FBgn0011604,14027,16823,15202,15397
FBgn0033762,5298,6161,6219,6074
FBgn0033763,86,81,200,211
FBgn0033767,69,78,58,59
FBgn0033770,0,0,0,2
FBgn0026741,2295,2604,3647,3307
FBgn0020930,2203,2341,3396,3136
FBgn0033774,1,3,1,2
FBgn0003326,2,4,2,4
FBgn0040755,0,0,0,0
FBgn0011227,977,1381,854,594
FBgn0026619,4194,4094,5170,4992
FBgn0033773,7305,9260,9585,8270
FBgn0033769,1255,1716,2056,1764
FBgn0050052,0,4,2,1
FBgn0050053,0,0,0,0
FBgn0033766,10369,13511,12777,13622
FBgn0033761,4396,4843,8156,6695
FBgn0033760,3,3,3,8
FBgn0033757,30571,36485,33387,32922
FBgn0022764,32651,33887,34963,35984
FBgn0033754,1276,1869,4217,3508
FBgn0033710,32,20,48,55
FBgn0050203,2,4,4,2
FBgn0050046,7,10,816,749
FBgn0033715,2744,2701,4433,3682
FBgn0011878,0,0,0,0
FBgn0011877,0,0,0,0
FBgn0033716,3103,3264,6061,5592
FBgn0050047,18,20,19,21
FBgn0050049,0,1,2,1
FBgn0050043,0,0,0,0
FBgn0053013,0,0,0,0
FBgn0053012,0,0,1,0
FBgn0033720,1,0,0,0
FBgn0033721,0,0,0,0
FBgn0050045,0,0,0,0
FBgn0050042,2,0,0,0
FBgn0033724,0,0,0,0
FBgn0033725,0,0,0,0
FBgn0033727,0,0,0,0
FBgn0033728,2,4,6,322
FBgn0033729,0,0,0,0
FBgn0033730,4,2,1,1
FBgn0050050,0,0,0,0
FBgn0033731,0,1,1,2
FBgn0033732,2,2,5,7
FBgn0033734,3364,4194,4271,3785
FBgn0033735,793,754,1765,1692
FBgn0050051,860,1115,1551,1294
FBgn0010238,8160,7883,4533,4710
FBgn0033741,17219,21668,25683,25602
FBgn0033742,1,3,7,6
FBgn0033744,816,968,1441,1404
FBgn0050044,0,0,1,0
FBgn0033750,580,529,811,799
FBgn0033752,2759,2724,2692,2479
FBgn0033751,5224,4861,8300,7359
FBgn0033749,795,1077,1313,1295
FBgn0033748,87,115,157,128
FBgn0045063,6257,6716,6722,6494
FBgn0033740,3405,3797,4239,3945
FBgn0050334,256,96,475,234
FBgn0033738,5819,6301,7386,7583
FBgn0033737,7652,8220,10961,10332
FBgn0033736,20,22,32,27
FBgn0033733,0,0,2,0
FBgn0033726,0,0,0,1
FBgn0033723,0,0,0,0
FBgn0033717,5317,4781,6533,6295
FBgn0050251,0,0,0,0
FBgn0050250,0,0,0,0
FBgn0050249,1,0,0,0
FBgn0033713,7279,7552,8959,8688
FBgn0033708,0,0,0,0
FBgn0033677,3535,4198,5471,4795
FBgn0024732,5190,6476,7029,6708
FBgn0028407,2,2,2,0
FBgn0033680,0,0,0,0
FBgn0033683,2024,2321,4063,3108
FBgn0027495,9839,9359,10781,10183
FBgn0033686,2033,2691,3022,2741
FBgn0033687,0,0,0,0
FBgn0023167,4436,4224,7166,6414
FBgn0010621,24281,18081,52563,50428
FBgn0033692,3318,2698,4995,4445
FBgn0025454,115,83,100,124
FBgn0033697,2,3,4,5
FBgn0033701,0,0,0,0
FBgn0033703,0,0,0,0
FBgn0033705,1,1,1,1
FBgn0033706,2,0,0,0
FBgn0000253,41422,51930,80274,80831
FBgn0033702,29,20,44,74
FBgn0020377,0,0,0,0
FBgn0033699,74231,67639,180462,148116
FBgn0033698,6682,7084,10123,10202
FBgn0033696,3,8,3,7
FBgn0000426,3076,2871,5637,4269
FBgn0033691,3185,3374,7182,5039
FBgn0033690,1348,1082,2239,1754
FBgn0014184,44501,56024,100193,94934
FBgn0033688,24879,26828,31432,32128
FBgn0027504,8764,9660,11429,11354
FBgn0033685,7,1,2,5
FBgn0026176,38,31,55,38
FBgn0033679,37,35,75,69
FBgn0050039,3,3,0,0
FBgn0004839,32,24,48,60
FBgn0033650,0,0,0,0
FBgn0033653,2691,2626,3021,2818
FBgn0033657,1,2,5,6
FBgn0013756,24123,25625,31707,31994
FBgn0015543,43,51,35,50
FBgn0033665,1696,1848,1645,1567
FBgn0033668,53,43,100,162
FBgn0026573,8841,10396,11612,10985
FBgn0033673,3543,3861,3744,3473
FBgn0033672,3919,3939,5030,4261
FBgn0011704,32781,33608,43039,39301
FBgn0053145,5131,6170,5347,5195
FBgn0050037,3,1,5,2
FBgn0050036,6,4,1,3
FBgn0033669,4387,4696,8418,7147
FBgn0033667,8,5,4,4
FBgn0033663,40138,37498,91945,87762
FBgn0033661,5888,8499,11000,12674
FBgn0033659,17,23,22,24
FBgn0033658,6,6,11,10
FBgn0033656,5942,6617,7088,6576
FBgn0033654,218,223,430,538
FBgn0033651,0,1,1,0
FBgn0011915,0,0,0,0
FBgn0033640,3,5,5,5
FBgn0050035,1524,1457,2092,1829
FBgn0033644,4,6,3,1
FBgn0040491,322,371,600,478
FBgn0062449,4638,6742,5855,5182
FBgn0033649,449,619,1073,1106
FBgn0033648,0,0,0,1
FBgn0053471,0,0,0,0
FBgn0010516,10675,9412,24052,20853
FBgn0033645,12,10,2,8
FBgn0044020,1790,2177,3265,2815
FBgn0011916,1,0,0,0
FBgn0050254,0,0,0,0
FBgn0033639,7520,8935,6376,6371
FBgn0033638,12082,11507,12818,12135
FBgn0033636,8007,8253,11299,11256
FBgn0003396,5975,6480,4494,4762
FBgn0037084,4217,4182,4658,4541
FBgn0033584,4496,5218,4505,4175
FBgn0033588,2,1,1,1
FBgn0033589,8,31,22,19
FBgn0033594,5,2,0,2
FBgn0050029,0,0,0,0
FBgn0026386,0,0,0,0
FBgn0033598,1,1,4,5
FBgn0033599,0,0,0,0
FBgn0033602,0,1,5,3
FBgn0041174,735,665,1503,1229
FBgn0033608,3157,3371,5404,4386
FBgn0050033,1,2,0,4
FBgn0033615,2299,3212,3008,2883
FBgn0033616,3358,3784,3482,3191
FBgn0003382,0,0,1,1
FBgn0043470,0,0,0,0
FBgn0010357,2,0,1,2
FBgn0050031,0,0,0,0
FBgn0010358,0,0,0,0
FBgn0015001,9,6,5,3
FBgn0024188,7556,7988,10211,9612
FBgn0041241,17,23,7,8
FBgn0033627,467,402,834,750
FBgn0050257,0,0,0,0
FBgn0033635,1853,1961,31945,27392
FBgn0000581,20265,19885,23807,24196
FBgn0050506,0,0,0,0
FBgn0082585,164,167,192,177
FBgn0050022,2015,2461,1021,860
FBgn0033629,20,11,33,37
FBgn0021795,6075,5657,15402,12505
FBgn0001276,1561,1560,1407,1293
FBgn0033624,3558,3088,9352,8313
FBgn0011987,0,4,0,0
FBgn0033623,2,5,2,2
FBgn0050025,0,0,0,0
FBgn0010359,0,0,0,0
FBgn0010425,1,0,0,0
FBgn0003863,0,0,2,0
FBgn0011555,0,0,0,0
FBgn0011554,2,0,2,0
FBgn0011556,0,0,0,0
FBgn0043471,0,0,0,0
FBgn0026385,0,0,0,0
FBgn0025373,4360,5532,5542,5375
FBgn0033614,0,1,1,0
FBgn0040763,100,125,115,107
FBgn0015582,1914,1941,3025,2644
FBgn0033610,34,38,59,54
FBgn0033609,3514,3786,3660,3513
FBgn0033607,8869,9747,9997,9508
FBgn0033605,437,656,649,575
FBgn0010423,39,52,93,114
FBgn0033603,2,1,2,1
FBgn0033601,0,0,0,0
FBgn0033600,0,0,0,0
FBgn0033597,0,0,0,0
FBgn0033593,1,0,0,0
FBgn0033592,1,0,0,0
FBgn0033591,0,1,0,0
FBgn0033590,0,0,0,0
FBgn0033587,20,17,37,26
FBgn0050021,1058,1220,2119,2183
FBgn0033582,6,4,5,5
FBgn0033572,0,0,0,0
FBgn0033573,0,0,0,0
FBgn0033578,0,1,9,6
FBgn0033580,0,0,0,0
FBgn0040764,0,1,0,0
FBgn0033581,9393,9256,9983,9311
FBgn0033579,12,30,7,19
FBgn0040765,256,265,356,495
FBgn0033574,22,30,42,35
FBgn0033542,1,0,0,0
FBgn0033544,6149,7571,6179,5652
FBgn0050018,0,5,1,0
FBgn0033547,1326,1685,2027,1889
FBgn0033549,2399,2540,2993,2243
FBgn0033551,6269,8740,9487,8919
FBgn0029134,17398,15415,40732,32707
FBgn0033555,2248,2935,3408,2794
FBgn0033557,4340,5518,6799,7095
FBgn0050020,6922,8204,6128,6042
FBgn0033569,5470,5606,5624,5274
FBgn0033571,2733,2730,3730,3492
FBgn0033570,1603,1459,2965,2866
FBgn0017414,1465,1817,2160,1809
FBgn0010356,5145,5322,6677,6111
FBgn0050016,4,11,13,7
FBgn0050015,591,609,821,1024
FBgn0027525,8232,7300,13243,12160
FBgn0033558,5,17,4,4
FBgn0033556,2325,2771,3702,2966
FBgn0033554,739,773,1337,951
FBgn0033550,1592,1719,1944,1775
FBgn0033548,1376,2031,2290,1833
FBgn0027499,10066,13422,10835,11057
FBgn0053144,1968,1763,3044,3102
FBgn0024956,3279,3178,4868,4486
FBgn0033543,912,919,1051,1009
FBgn0005586,12,25,18,14
FBgn0033518,224,190,453,420
FBgn0053474,111,127,136,129
FBgn0033520,457,353,416,344
FBgn0001122,6065,8396,6505,6928
FBgn0033527,2302,2796,2749,2500
FBgn0033529,5170,5433,7652,7377
FBgn0033528,2203,2745,3917,3367
FBgn0033526,12098,13141,14308,12902
FBgn0033524,3,1,1,0
FBgn0033523,1935,2537,2757,2521
FBgn0033521,102,93,253,231
FBgn0033519,3672,4559,3329,2532
FBgn0053475,10,21,41,47
FBgn0053477,0,0,1,0
FBgn0033516,0,0,4,0
FBgn0033515,1,0,1,1
FBgn0033490,1,1,3,5
FBgn0026388,1,0,0,0
FBgn0033491,1483,1880,1352,1354
FBgn0005619,0,2,2,2
FBgn0033499,0,0,0,0
FBgn0033500,1,0,0,0
FBgn0033501,0,0,0,0
FBgn0033502,0,0,16,11
FBgn0033504,1418,1495,3091,3211
FBgn0033507,4782,5504,6734,6317
FBgn0026403,6,2,3,13
FBgn0033512,0,0,0,0
FBgn0033508,0,0,0,0
FBgn0028426,2933,3822,3560,3812
FBgn0050009,0,0,0,0
FBgn0003660,6082,7142,9618,8642
FBgn0033498,1,1,0,1
FBgn0033497,0,0,0,0
FBgn0000448,8,11,9,8
FBgn0033494,115,176,192,188
FBgn0033454,5378,4815,7693,7632
FBgn0050010,609,803,1307,1167
FBgn0033457,2858,3179,4963,4212
FBgn0033458,9531,11216,18576,17411
FBgn0033459,3626,5009,2585,2627
FBgn0033461,4,1,0,0
FBgn0050008,36,1,9,59
FBgn0000715,1,0,0,0
FBgn0033465,4934,4961,8994,8577
FBgn0033469,2,0,0,0
FBgn0027619,10177,11752,15128,13504
FBgn0033471,3471,3164,7891,6648
FBgn0000606,0,0,1,0
FBgn0033473,6824,7861,9446,8591
FBgn0033475,5291,7194,7819,6850
FBgn0040773,6116,6808,8113,6388
FBgn0033480,1455,1040,3196,2640
FBgn0033481,2,2,7,9
FBgn0033483,304,309,831,832
FBgn0033484,3,1,31,37
FBgn0001291,3753,3807,4382,4234
FBgn0003071,8049,6691,13872,13068
FBgn0033486,5902,5497,8041,7450
FBgn0010531,1453,1515,2383,2053
FBgn0033485,3605,4205,8727,7574
FBgn0033482,14424,15964,23285,22814
FBgn0013435,1209,1242,1617,1507
FBgn0033479,1340,1916,1347,1331
FBgn0010385,6,1,7,1
FBgn0033476,17826,21039,18183,18320
FBgn0033474,7067,8224,9080,8727
FBgn0022382,6924,8810,11570,11783
FBgn0033468,2824,3036,3111,2733
FBgn0033467,737,1022,1967,1534
FBgn0011656,2826,3154,5168,5056
FBgn0033464,22,10,32,25
FBgn0033463,6150,6941,8025,8073
FBgn0033460,10897,10987,11111,10894
FBgn0011241,1555,1967,2285,1962
FBgn0027580,15539,12513,30514,29004
FBgn0050000,4368,5026,8318,6999
FBgn0050005,2513,3597,3910,3578
FBgn0011921,0,0,0,0
FBgn0260474,0,0,1,0
FBgn0033439,0,0,0,0
FBgn0033440,1,0,0,0
FBgn0005614,19,24,35,20
FBgn0033443,843,589,1651,1239
FBgn0040092,2,0,0,2
FBgn0040093,0,0,0,0
FBgn0033449,1976,2433,2399,2056
FBgn0033451,2896,3019,5444,4656
FBgn0023180,1944,2174,3575,3079
FBgn0033450,739,975,904,793
FBgn0033448,938,613,2845,2447
FBgn0033447,2,2,9,14
FBgn0050001,696,984,1327,1325
FBgn0033446,493,419,1023,835
FBgn0027589,2,1,1,2
FBgn0033442,0,0,0,0
FBgn0023143,54222,52724,83256,81878
FBgn0033438,791,959,1062,1189
FBgn0033437,38,18,60,33
FBgn0016970,1567,1968,2604,2097
FBgn0041087,7262,7813,7147,6627
FBgn0033413,5130,5433,6745,6352
FBgn0017558,8152,9196,6890,6613
FBgn0004360,15,38,50,51
FBgn0033422,0,0,0,0
FBgn0033423,0,1,0,1
FBgn0033426,1654,1827,2007,1974
FBgn0033428,5036,4372,7784,7266
FBgn0025286,52048,38251,105550,92560
FBgn0033431,767,527,1664,1580
FBgn0010342,10421,9831,13566,12440
FBgn0033434,2354,2988,3765,3465
FBgn0050338,248,230,419,360
FBgn0050339,3,6,10,18
FBgn0050340,8,8,23,24
FBgn0033429,447,346,979,726
FBgn0033427,1690,2129,2510,2464
FBgn0033421,2684,2865,2179,1903
FBgn0029092,26793,29517,38804,37139
FBgn0033412,2,1,3,3
FBgn0016078,5965,6804,4206,3598
FBgn0028473,40667,36992,73863,71309
FBgn0033408,51,57,53,38
FBgn0033405,2,3,50,54
FBgn0011746,507,489,1026,1489
FBgn0025709,17,14,48,65
FBgn0033371,7,1,1,2
FBgn0010220,2576,3077,3963,3827
FBgn0033376,1827,2382,2505,2629
FBgn0015838,7091,8991,7793,7491
FBgn0033378,3225,2898,6837,5888
FBgn0003612,19023,21275,23093,22150
FBgn0033381,3102,3152,4495,3592
FBgn0033382,3592,3555,5574,5023
FBgn0028955,0,0,0,0
FBgn0050342,1734,1611,2724,2484
FBgn0050344,3156,3822,4083,3793
FBgn0050345,631,746,945,1119
FBgn0033389,206,213,327,290
FBgn0015561,1,0,0,0
FBgn0033395,2161,3946,987,802
FBgn0015037,94,152,113,134
FBgn0033397,86,51,160,112
FBgn0050343,293,465,1021,933
FBgn0033401,2489,2275,3168,2986
FBgn0028408,26315,30172,34461,32821
FBgn0033402,3056,3251,3710,3571
FBgn0026326,6147,6733,7179,6790
FBgn0033400,2475,2320,3628,3433
FBgn0020621,8676,9579,10703,10903
FBgn0033392,2621,2632,3369,3080
FBgn0033391,1,5,0,0
FBgn0015477,11580,13726,15170,15907
FBgn0033388,13,14,12,12
FBgn0033387,45,43,78,67
FBgn0027561,7320,7167,9175,8892
FBgn0033379,5339,6607,8546,8570
FBgn0033377,8920,8970,10243,9749
FBgn0033375,705,791,1725,1454
FBgn0033374,12572,14960,17314,16159
FBgn0033373,1179,1041,3343,3078
FBgn0033372,1914,2694,1671,1640
FBgn0024189,4,3,5,7
FBgn0050350,0,0,0,0
FBgn0011286,80,68,163,198
FBgn0021825,2991,2688,7093,6741
FBgn0033339,8905,7476,12988,13125
FBgn0033340,729,635,1463,1131
FBgn0004921,9235,12290,17864,15392
FBgn0050349,7701,7943,11779,11762
FBgn0002552,6751,5304,7222,6626
FBgn0033349,9472,9431,15959,15168
FBgn0033350,1815,1717,2594,2233
FBgn0033352,6568,7537,7817,8039
FBgn0033353,16,21,23,12
FBgn0033355,0,0,0,0
FBgn0033357,3604,5816,6415,5121
FBgn0011300,7752,8744,9850,10235
FBgn0033364,4,0,0,0
FBgn0033369,1,0,4,0
FBgn0033368,0,0,1,1
FBgn0033367,4,1,19,7
FBgn0033366,4,5,5,4
FBgn0033365,0,0,1,1
FBgn0033363,0,0,0,0
FBgn0033362,0,0,0,0
FBgn0033359,0,0,0,0
FBgn0033358,0,0,0,0
FBgn0033356,1586,2061,2256,2323
FBgn0027607,5870,6029,7002,6808
FBgn0033354,2189,2571,4184,4270
FBgn0033351,3362,2332,7435,6255
FBgn0033348,693,810,860,830
FBgn0033347,60,72,79,82
FBgn0003074,19626,17478,26562,25764
FBgn0033344,0,0,0,0
FBgn0033341,1247,652,2964,2497
FBgn0027513,5881,4983,5928,5431
FBgn0033337,1718,1674,2198,2068
FBgn0053199,2,11,5,9
FBgn0033303,9,8,2,2
FBgn0033304,4114,4396,1420,1257
FBgn0033307,2,0,0,0
FBgn0033313,7610,7311,10991,12189
FBgn0022027,1522,1466,3654,2828
FBgn0033316,5747,6037,6609,6073
FBgn0050354,1,7,1,0
FBgn0011906,0,0,0,0
FBgn0001285,0,0,0,0
FBgn0033321,4,7,6,8
FBgn0033323,1,0,0,0
FBgn0043576,0,0,0,0
FBgn0033327,0,0,0,0
FBgn0043575,0,1,0,0
FBgn0005695,16351,19244,19492,18413
FBgn0027585,254,179,298,317
FBgn0033330,2,0,0,0
FBgn0050356,4,3,5,6
FBgn0040777,11167,12029,13061,12688
FBgn0050357,52,79,26,55
FBgn0033326,3,0,0,1
FBgn0033324,0,0,0,0
FBgn0033322,0,0,0,0
FBgn0033320,2,2,5,10
FBgn0050355,1,0,0,0
FBgn0033317,8950,7789,16946,15016
FBgn0033315,1598,1772,2081,1989
FBgn0033312,3,3,2,1
FBgn0033309,5609,5143,9573,8531
FBgn0033308,6,1,1,7
FBgn0033302,27,35,46,55
FBgn0033301,0,0,0,0
FBgn0033283,1,0,0,0
FBgn0033287,6,1,0,1
FBgn0028836,3750,4082,5762,5431
FBgn0002534,0,0,0,0
FBgn0002535,0,0,0,0
FBgn0014469,924,1416,5233,4884
FBgn0015034,13,20,12,26
FBgn0002569,0,2,1,1
FBgn0033294,0,0,3,3
FBgn0050359,1070,1131,32091,30369
FBgn0050360,3,4,2,3
FBgn0033297,0,0,1,1
FBgn0050361,0,0,0,0
FBgn0033296,0,0,0,0
FBgn0002571,1,1,6,7
FBgn0002570,2,0,1,0
FBgn0033292,2,2,2,3
FBgn0002533,0,0,0,0
FBgn0011812,0,0,0,0
FBgn0002531,0,0,0,0
FBgn0033289,8,9,22,12
FBgn0033286,0,1,0,0
FBgn0050362,0,0,0,0
FBgn0050363,0,0,0,0
FBgn0050366,0,0,0,0
FBgn0050364,0,0,0,0
FBgn0050365,0,0,0,0
FBgn0028563,13757,13435,13741,12596
FBgn0028562,15,28,24,22
FBgn0028561,1,3,2,4
FBgn0033257,139,120,44,30
FBgn0033259,3479,3968,4144,4458
FBgn0033261,1832,2484,3547,2743
FBgn0033264,10435,9506,11895,10950
FBgn0033266,3557,3861,5311,5041
FBgn0005648,6241,7258,17142,16512
FBgn0050297,0,0,0,0
FBgn0021995,5748,6354,11699,11949
FBgn0033273,6312,7655,7967,7309
FBgn0011659,3357,2839,4378,3753
FBgn0053087,4133,4293,5213,5492
FBgn0013726,17875,17496,22218,20708
FBgn0033277,0,0,0,0
FBgn0050369,0,0,0,0
FBgn0033278,0,0,0,0
FBgn0050371,0,0,0,0
FBgn0050375,0,0,0,0
FBgn0050376,2,0,0,0
FBgn0033280,1,0,0,0
FBgn0033279,3,0,0,0
FBgn0010109,48,42,65,66
FBgn0033275,3,0,5,5
FBgn0033274,220,186,476,374
FBgn0050373,932,625,2199,1799
FBgn0033272,4489,4755,6660,5699
FBgn0033271,2,1,2,2
FBgn0050374,0,0,0,0
FBgn0010504,2560,2370,2404,2148
FBgn0033268,86,106,123,118
FBgn0033260,7299,9745,9311,9683
FBgn0033258,2554,3301,3357,3030
FBgn0025469,1566,1635,2388,1979
FBgn0021814,2039,1800,3690,2939
FBgn0040778,407,603,1192,1109
FBgn0033252,3070,3236,1566,1640
FBgn0033221,49,68,53,53
FBgn0033222,2,5,4,2
FBgn0002891,3311,3485,4700,4661
FBgn0003317,6859,8052,7533,7211
FBgn0033226,3392,2989,5758,5446
FBgn0003082,3522,2912,6465,5718
FBgn0033229,1698,1434,2848,2563
FBgn0040780,385,525,720,632
FBgn0050377,453,344,1129,1047
FBgn0015509,36415,42905,42912,41512
FBgn0033234,1525,1544,1377,1288
FBgn0026722,7169,8408,8331,8077
FBgn0050379,0,0,1,0
FBgn0033238,0,0,0,0
FBgn0050378,0,0,1,1
FBgn0033240,933,1366,1263,1186
FBgn0027548,12297,11835,15085,14112
FBgn0027054,5991,5702,10621,9761
FBgn0033247,3271,2545,5757,5315
FBgn0013307,2,0,0,0
FBgn0013308,0,0,0,0
FBgn0033249,0,0,0,0
FBgn0027788,0,0,0,0
FBgn0033248,0,0,0,0
FBgn0033246,6780,7293,9249,10702
FBgn0033244,6367,7922,8552,8081
FBgn0033243,2,1,0,0
FBgn0026361,2136,2165,3346,2894
FBgn0033241,10553,10997,14966,14321
FBgn0033236,13443,15923,14950,14591
FBgn0050380,1,0,0,3
FBgn0033235,4840,3683,8101,7741
FBgn0023171,2329,2686,2818,2537
FBgn0050381,988,1088,959,887
FBgn0033233,8245,9266,8309,7372
FBgn0026393,996,1299,1029,964
FBgn0033232,13884,15015,16563,13899
FBgn0050382,0,0,0,0
FBgn0029093,17548,16100,40096,38760
FBgn0033225,3275,3434,5219,5073
FBgn0033224,11430,12103,14345,14474
FBgn0033187,2243,2501,1935,1863
FBgn0033190,4,10,4,8
FBgn0033192,5,6,12,10
FBgn0033194,5125,6617,9203,10633
FBgn0050491,773,975,1004,977
FBgn0050495,64,73,94,86
FBgn0033203,2,0,5,0
FBgn0033204,24,35,58,69
FBgn0033205,915,1176,833,891
FBgn0033209,8199,8375,10790,9307
FBgn0050493,1220,1218,1537,1455
FBgn0050496,2240,2478,2612,2479
FBgn0033214,143,152,212,194
FBgn0033215,24,66,39,47
FBgn0033216,10,20,5,14
FBgn0015614,10753,14528,18044,15967
FBgn0000337,5,10,8,8
FBgn0050497,0,0,0,0
FBgn0042135,8541,10882,15164,15200
FBgn0003733,4229,5228,7081,6749
FBgn0033212,7430,7694,8858,9675
FBgn0033210,2350,1994,4145,3723
FBgn0033208,1796,1665,3070,2756
FBgn0033207,2,5,1,0
FBgn0033206,4064,4023,5166,4982
FBgn0033202,10,5,1,6
FBgn0033199,1659,1604,2050,1806
FBgn0028687,14596,12990,24478,22490
FBgn0033196,1828,1356,4255,3924
FBgn0004133,821,692,1502,1831
FBgn0004132,2264,1830,4504,3652
FBgn0050499,8858,7756,16543,13241
FBgn0033191,4428,4262,5901,5348
FBgn0033188,859,1323,2478,3849
FBgn0022772,14690,12491,15423,13778
FBgn0033186,1369,1649,1589,1495
FBgn0003174,405,264,972,963
FBgn0033158,0,0,0,0
FBgn0033160,9087,9286,12554,12235
FBgn0033164,0,0,0,0
FBgn0033165,0,0,0,0
FBgn0003460,36,32,43,73
FBgn0033169,4130,4291,4222,4235
FBgn0033174,1859,1954,1788,1660
FBgn0033178,2005,1920,2962,2870
FBgn0033185,2245,2570,1959,1944
FBgn0025185,2826,2953,3550,3373
FBgn0033184,2786,2692,4843,4328
FBgn0015929,16366,15924,29838,28935
FBgn0033183,12327,12220,19396,18539
FBgn0010548,5963,5731,8443,8171
FBgn0033179,8033,5881,15992,14234
FBgn0033177,3127,2757,5583,5137
FBgn0050502,16,17,22,37
FBgn0040513,3,9,2,3
FBgn0050503,0,0,0,0
FBgn0033168,0,0,0,0
FBgn0033167,0,0,0,0
FBgn0033166,5186,5057,6751,6443
FBgn0041243,20,26,6,12
FBgn0000352,7141,7845,8741,8568
FBgn0033159,40,58,71,87
FBgn0033127,4269,4886,5709,5139
FBgn0033128,253,286,327,377
FBgn0033129,3,4,5,2
FBgn0033130,103,85,78,91
FBgn0033131,22,37,13,15
FBgn0033132,130,98,229,174
FBgn0033133,17,12,14,11
FBgn0033134,179,215,210,192
FBgn0016032,52,68,46,52
FBgn0033135,3,2,5,4
FBgn0033136,0,1,2,0
FBgn0033139,1,0,7,2
FBgn0033140,0,1,0,0
FBgn0024294,5,6,16,14
FBgn0003090,56,42,83,70
FBgn0033149,1,0,0,0
FBgn0053140,0,0,0,0
FBgn0050385,0,0,0,0
FBgn0050384,1,0,0,0
FBgn0033153,467,681,723,593
FBgn0026602,2896,2387,6170,4908
FBgn0026389,0,0,0,0
FBgn0002930,76,39,130,138
FBgn0044011,13,6,27,9
FBgn0015039,152,86,520,449
FBgn0015038,1,0,0,0
FBgn0033141,1,0,1,0
FBgn0050299,0,0,0,0
FBgn0050298,0,0,0,0
FBgn0033138,1,0,0,3
FBgn0027558,3019,3516,3312,2993
FBgn0033137,14,25,29,29
FBgn0016126,7935,12313,14730,15421
FBgn0040324,6871,10183,10765,10527
FBgn0039911,122,141,203,141
FBgn0024728,8293,12399,10435,10790
FBgn0039920,2760,3609,4036,4398
FBgn0026199,3966,6302,10291,10448
FBgn0039916,21,31,11,11
FBgn0028996,3,4,7,4
FBgn0039909,8589,11417,14258,13909
FBgn0026869,8578,12400,7035,8238
FBgn0039908,1991,2680,3278,3438
FBgn0026262,13854,21061,21434,22594
FBgn0039907,12591,17197,13980,15045
FBgn0024811,6461,9975,19973,16646
FBgn0039896,18,20,77,74
FBgn0039897,151,243,266,292
FBgn0026777,20846,29028,24230,23047
FBgn0052850,1089,1637,3102,2569
FBgn0039904,12385,17849,16638,17306
FBgn0039902,5479,8396,7974,7583
FBgn0042696,20,18,52,96
FBgn0053481,2,1,6,1
FBgn0051999,367,646,2293,2566
FBgn0051998,11436,15142,15847,17348
FBgn0039890,9772,15135,16488,16536
FBgn0039889,6065,10158,14691,12900
FBgn0051997,32,49,549,820
FBgn0052006,3,3,0,2
FBgn0011747,19219,30125,25364,26300
FBgn0017545,230251,365161,462775,414714
FBgn0004859,768,1138,1813,2023
FBgn0025740,2400,3557,3298,3788
FBgn0052009,2,7,7,4
FBgn0052010,1,1,5,10
FBgn0052011,0,0,0,0
FBgn0019985,287,503,544,532
FBgn0019650,32,19,7,4
FBgn0010217,90994,125580,206426,195898
FBgn0013749,8377,13218,21743,17567
FBgn0002521,10430,15949,24677,23103
FBgn0052017,56,94,180,189
FBgn0039928,2932,4630,14411,15931
FBgn0024913,4,2,13,16
FBgn0011642,2162,3368,8803,8829
FBgn0039929,13690,18195,20560,19044
FBgn0039930,2212,2783,2920,2491
FBgn0039932,434,625,3172,3344
FBgn0052016,12043,17264,15001,15577
FBgn0023213,38951,58273,62877,68185
FBgn0039936,30471,41990,38344,38769
FBgn0039937,2,2,1,2
FBgn0039938,1007,1351,1079,1443
FBgn0039923,17816,27551,32059,32784
FBgn0031208,6,9,11,5
FBgn0024698,6899,9322,7677,7675
FBgn0030538,0,0,0,0
FBgn0010473,214,239,411,499
FBgn0003386,16,17,32,46
FBgn0051481,1,0,1,2
FBgn0004577,7,3,0,5
FBgn0010453,51,49,43,58
FBgn0010549,44,34,3387,3195
FBgn0012018,0,0,0,0
FBgn0012016,0,0,0,0
FBgn0012017,0,0,0,0
FBgn0052525,0,0,0,0
FBgn0052520,0,0,0,0
FBgn0011910,0,0,0,0
FBgn0011909,0,0,0,0
FBgn0014342,527,606,314,315
FBgn0032721,16781,19599,27937,26118
FBgn0032720,1902,1604,3820,3260
FBgn0036290,4919,6423,7748,7210
FBgn0036362,1,0,1,0
FBgn0002565,5,1,3,134
FBgn0036255,912,1226,1801,1464
FBgn0017424,0,4,8,4
FBgn0025885,6973,6618,13216,12650
FBgn0014018,8058,9679,6479,6345
FBgn0038282,0,8,2,8
FBgn0040796,0,0,0,0
FBgn0016047,0,0,0,0
FBgn0030151,13810,13825,25300,23997
FBgn0032851,0,1,1,1
FBgn0039817,2,2,3,1
FBgn0003141,3896,5478,5175,4659
FBgn0036039,5254,6078,5319,4940
FBgn0038535,21622,24775,27093,27563
FBgn0053503,0,0,0,0
FBgn0050489,10,19,622,588
FBgn0000109,1635,1791,1937,1838
FBgn0039757,84080,69137,202630,190765
FBgn0042173,0,0,0,0
FBgn0003892,166,149,193,272
FBgn0005278,37037,46442,56896,59642
FBgn0052000,13829,21136,24579,25388
FBgn0021760,12066,13421,13118,13482
FBgn0036640,2319,2800,6228,5792
FBgn0067783,777,1012,771,737
FBgn0035981,4773,4810,7409,7090
FBgn0001098,15224,12606,28023,27090
FBgn0002174,2786,1922,8731,9133
FBgn0017418,6349,7441,7797,7709
FBgn0002921,42313,40992,72835,75588
FBgn0000083,6455,6270,10701,11029
FBgn0011672,9834,10291,14818,15079
FBgn0036414,4,5,5,6
FBgn0053489,1,0,0,0
FBgn0053490,0,0,0,0
FBgn0036544,245,266,361,385
FBgn0034274,0,2,0,2
FBgn0034275,81,66,134,176
FBgn0022740,0,0,0,0
FBgn0027572,2699,3226,4607,5091
FBgn0026309,3949,5087,6036,5917
FBgn0028744,8376,9496,13179,13498
FBgn0028743,4110,5754,3474,3510
FBgn0026316,7017,6897,12313,10171
FBgn0028740,17,3,10,25
FBgn0034279,8,1,6,6
FBgn0034278,0,1,0,0
FBgn0034277,15638,17878,20628,19385
FBgn0034276,5,4,5,2
FBgn0035917,357,369,407,475
FBgn0036101,48,63,47,68
FBgn0032388,6790,8142,10349,9405
FBgn0030887,5,6,14,11
FBgn0030892,3589,3468,4539,3974
FBgn0020429,2,1,1,1
FBgn0036790,3,6,1,1
FBgn0036689,7275,8931,9610,8272
FBgn0010424,201,228,359,376
FBgn0036911,2024,2371,2475,2025
FBgn0036900,4815,5573,4859,4621
FBgn0015721,2,2,8,7
FBgn0053493,38,41,69,50
FBgn0053494,79,87,107,128
FBgn0011862,0,0,0,0
FBgn0000281,0,0,0,0
FBgn0040227,22689,19817,40837,39044
FBgn0025790,2556,2689,3352,3355
FBgn0032699,3892,4779,3593,3649
FBgn0036302,2820,2481,4147,3771
FBgn0034289,0,0,6,2
FBgn0016034,14438,17186,14130,13096
FBgn0031883,4877,4425,10050,9462
FBgn0031835,48,51,76,86
FBgn0031115,2383,2337,4018,3729
FBgn0039313,67,16,46,64
FBgn0000286,3573,3244,5169,5171
FBgn0028425,20175,22803,16971,16590
FBgn0003380,2,5,2,2
FBgn0037153,9,11,11,16
FBgn0038448,0,3,0,2
FBgn0036681,0,0,0,0
FBgn0061197,5,4,1,3
FBgn0027780,2164,2850,2398,2378
FBgn0028560,0,2,0,0
FBgn0003464,8013,6133,15795,14835
FBgn0023023,649,697,231,200
FBgn0037222,5,6,0,0
FBgn0037836,1,2,5,6
FBgn0037986,0,0,0,0
FBgn0029588,130,123,1212,832
FBgn0038440,0,0,0,0
FBgn0020371,0,0,0,0
FBgn0030657,1258,1514,2684,2288
FBgn0043070,6333,5998,9056,8796
FBgn0029941,17413,15576,22818,21559
FBgn0036574,18120,21658,18573,17865
FBgn0003118,747,784,1541,1661
FBgn0004595,0,0,5,2
FBgn0016038,4316,5211,7650,6751
FBgn0033566,1657,1138,2890,2537
FBgn0036646,565,549,489,456
FBgn0033285,2,1,0,0
FBgn0003189,9818,8222,21733,23698
FBgn0032202,878,1286,1440,1164
FBgn0002773,467,648,1247,1259
FBgn0037455,2,0,0,0
FBgn0031450,5015,3990,6955,6567
FBgn0050011,0,3,0,1
FBgn0050159,4798,4402,7317,6577
FBgn0061435,1,2,0,0
FBgn0050423,3742,5033,5319,4437
FBgn0038194,16,23,29,20
FBgn0051665,1,0,0,0
FBgn0051720,42,65,144,142
FBgn0005666,731,1329,1372,1719
FBgn0052206,0,3,3,5
FBgn0052442,1498,1974,1464,1405
FBgn0052495,13,13,10,10
FBgn0052568,0,1,0,0
FBgn0052656,11,19,20,23
FBgn0031518,4,23,0,9
FBgn0023531,545,549,2287,2173
FBgn0053170,1749,2656,3413,2584
FBgn0053198,1129,1761,3028,2604
FBgn0035802,415,357,9041,9084
FBgn0032120,9524,11413,11314,11407
FBgn0041723,158,131,154,153
FBgn0053317,6,6,3,3
FBgn0053318,11,14,15,6
FBgn0053319,1,0,0,0
FBgn0053459,0,0,0,1
FBgn0053467,0,0,0,0
FBgn0052311,276,334,472,532
FBgn0003016,6064,6636,8611,9142
FBgn0035028,4038,5437,4974,4722
FBgn0015925,7208,9192,7394,6945
FBgn0013305,5982,7848,9087,8572
FBgn0021761,19138,23409,23490,23210
FBgn0038474,2377,3176,3379,2860
FBgn0025456,2307,3340,3212,3694
FBgn0026379,3767,5777,7778,7281
FBgn0039207,23880,27858,30973,30866
FBgn0032455,6929,9511,10565,9368
FBgn0038886,0,0,0,0
FBgn0039215,4868,3942,8376,8058
FBgn0039714,6391,7439,9878,10577
FBgn0039711,3408,4185,7709,6369
FBgn0002567,16926,17587,28307,26932
FBgn0032001,526,479,881,795
FBgn0031548,27,27,31,30
FBgn0025682,2487,2222,7190,7091
FBgn0031778,1,2,0,1
FBgn0032907,2311,3154,3763,3615
FBgn0031813,1532,1393,1458,1831
FBgn0026620,18126,23927,22005,22588
FBgn0003721,27959,34861,40405,40549
FBgn0034405,10807,11429,6119,5733
FBgn0039915,16,13,30,29
FBgn0020445,7727,7790,10898,10908
FBgn0004509,5204,5693,12758,12958
FBgn0000117,37693,36802,48239,46077
FBgn0022361,2490,3360,6432,6636
FBgn0023175,13091,11279,31019,26811
FBgn0010329,2,8,3,2
FBgn0011754,4844,5544,9077,8992
FBgn0001991,22,27,43,62
FBgn0032456,16952,18928,21120,21281
FBgn0067782,0,0,0,0
FBgn0027934,0,2,0,0
FBgn0034053,242,233,121,84
FBgn0034054,2278,2696,2451,2241
FBgn0050069,556,630,851,1000
FBgn0039114,1182,1081,2334,3958
FBgn0039116,2976,3296,5779,4886
FBgn0015513,8324,9967,10241,11858
FBgn0039120,23376,24531,27292,27770
FBgn0039118,826,678,1241,927
FBgn0039117,4702,5495,6120,6054
FBgn0039115,3468,4559,4455,4158
FBgn0039113,9046,9662,10913,10661
FBgn0035477,2,2,2,2
FBgn0035478,0,0,0,0
FBgn0004880,0,1,0,2
FBgn0035482,962,1202,1966,1664
FBgn0004895,1,7,86,111
FBgn0035483,1791,1658,2456,2105
FBgn0045479,0,0,1,1
FBgn0045478,0,0,0,0
FBgn0045477,0,0,0,0
FBgn0052255,1,3,36,53
FBgn0035484,55,45,293,279
FBgn0035481,0,4,30,28
FBgn0035480,1,1,4,3
FBgn0035479,0,0,0,0
FBgn0027552,7592,8866,11333,9798
FBgn0035476,11,20,26,22
FBgn0035475,2334,2745,2686,2278
FBgn0030545,1506,1171,1781,1494
FBgn0026713,3068,2039,8342,7613
FBgn0030552,3572,2571,7043,6399
FBgn0030554,802,554,1644,1669
FBgn0260482,26,15,42,45
FBgn0030558,0,0,0,0
FBgn0002917,15,4,21,14
FBgn0030562,39,29,50,38
FBgn0030559,0,0,0,0
FBgn0030556,4056,3819,5130,4978
FBgn0030555,1900,1668,2320,2276
FBgn0030551,15755,13199,21962,18508
FBgn0040153,4082,5250,1584,1707
FBgn0003053,1718,2154,2798,3852
FBgn0025739,864,669,4940,4848
FBgn0029718,3677,4088,5770,4902
FBgn0022942,9312,9719,10119,10288
FBgn0029720,8,5,122,113
FBgn0029719,0,1,4,1
FBgn0025615,5631,6278,9204,8063
FBgn0011277,0,1,0,0
FBgn0025612,0,0,0,0
FBgn0025613,0,1,0,0
FBgn0029717,2,0,0,0
FBgn0023395,9195,10863,9650,9239
FBgn0052214,1,0,0,0
FBgn0036872,75,58,218,141
FBgn0052213,0,0,0,0
FBgn0052212,12,9,5,1
FBgn0036879,0,0,1,1
FBgn0036878,0,0,0,0
FBgn0036877,1,0,2,1
FBgn0036876,24,28,57,101
FBgn0036875,377,376,1280,1862
FBgn0036874,4,4,2,1
FBgn0052207,2588,2206,6283,4726
FBgn0036873,0,0,0,0
FBgn0052208,0,0,0,0
FBgn0036871,0,0,0,0
FBgn0036870,0,0,0,0
FBgn0053062,165,165,315,274
FBgn0031126,11784,11073,15302,14776
FBgn0031127,35,42,49,57
FBgn0031128,3,4,0,0
FBgn0019929,0,0,7,0
FBgn0030157,1,2,5,1
FBgn0030158,2,0,0,0
FBgn0030159,2,1,1,2
FBgn0030160,12,7,22,21
FBgn0030162,1,0,0,2
FBgn0030161,2,7,15,11
FBgn0030156,15,6,9,10
FBgn0052695,1,3,1,2
FBgn0024807,3958,4314,6419,6502
FBgn0053502,0,0,96,77
FBgn0052819,0,0,0,0
FBgn0040028,0,0,0,0
FBgn0052820,0,0,0,0
FBgn0027588,23350,20810,40828,40751
FBgn0052230,8771,14444,19250,14128
FBgn0010215,12436,19548,19233,18887
FBgn0039530,673,483,841,850
FBgn0039532,7547,9256,9561,8410
FBgn0027494,6,7,20,22
FBgn0039536,0,0,1,6
FBgn0039537,5708,4540,18303,16014
FBgn0039538,2669,3459,3802,2942
FBgn0046258,291,237,627,533
FBgn0045862,7966,5888,12220,11844
FBgn0039543,2973,3111,6107,5559
FBgn0051055,2,1,0,0
FBgn0003330,2545,1947,3752,3548
FBgn0002772,188,312,455,448
FBgn0039531,1047,1159,1389,1100
FBgn0039529,353,482,722,899
FBgn0260484,3272,4601,5485,5363
FBgn0021738,1,1,1,0
FBgn0029679,1,1,2,1
FBgn0053221,1,2,2,0
FBgn0031644,0,0,1,0
FBgn0031645,334,356,4808,4661
FBgn0003372,1,0,5,7
FBgn0031650,0,0,2,3
FBgn0039331,3,0,0,0
FBgn0051437,9,8,8,4
FBgn0039332,6,6,15,11
FBgn0032859,24612,32772,30825,28519
FBgn0051687,111,140,134,136
FBgn0032863,2259,2227,3325,3174
FBgn0032864,7129,6815,12440,12037
FBgn0042175,439,490,636,754
FBgn0051683,1,2,4,4
FBgn0032860,1,0,0,1
FBgn0032858,1281,1246,1923,1930
FBgn0031688,4,2,8,9
FBgn0031692,0,0,0,0
FBgn0031690,0,2,2,0
FBgn0033538,4823,5779,6379,6122
FBgn0033540,1592,2183,2884,3072
FBgn0033541,1,4,0,2
FBgn0033539,2262,2561,3140,3097
FBgn0031195,1563,1550,2582,2470
FBgn0031197,0,0,0,0
FBgn0031196,12,5,22,8
FBgn0031194,5590,5699,6699,6239
FBgn0010316,6579,8142,6135,5990
FBgn0029082,32,25,28,53
FBgn0043530,0,0,0,0
FBgn0033633,48,44,52,43
FBgn0040503,1,3,2,1
FBgn0015872,681,456,1125,862
FBgn0050026,23,48,60,90
FBgn0033015,12439,17208,15118,13507
FBgn0033019,4006,6396,7675,6234
FBgn0033020,26,44,20,8
FBgn0033021,17913,26115,20607,19913
FBgn0050441,4,19,31,41
FBgn0033017,9629,15157,15394,14154
FBgn0052133,8452,8710,7426,7308
FBgn0053196,24,16,41,52
FBgn0050220,0,0,0,0
FBgn0050449,0,2,0,0
FBgn0053353,0,0,0,0
FBgn0053354,0,0,0,0
FBgn0053355,0,0,0,0
FBgn0053356,0,0,0,0
FBgn0053357,0,0,0,0
FBgn0053358,0,0,0,0
FBgn0053359,0,0,0,0
FBgn0053360,0,0,0,0
FBgn0053361,0,0,0,0
FBgn0053362,0,0,0,0
FBgn0053363,0,0,0,0
FBgn0053364,0,0,0,0
FBgn0053365,0,0,0,0
FBgn0053366,0,0,0,0
FBgn0053367,0,0,0,0
FBgn0053368,0,0,0,0
FBgn0053369,0,0,0,0
FBgn0053370,0,0,0,0
FBgn0053371,0,0,0,0
FBgn0053372,0,0,0,0
FBgn0053373,0,0,0,0
FBgn0053374,0,0,0,0
FBgn0053375,0,0,0,0
FBgn0053376,0,0,0,0
FBgn0053377,0,0,0,0
FBgn0053378,0,0,0,0
FBgn0053379,0,0,0,0
FBgn0053380,0,0,0,0
FBgn0053381,0,0,0,0
FBgn0053382,0,0,0,0
FBgn0053383,0,0,0,0
FBgn0053384,0,0,0,0
FBgn0053385,0,0,0,0
FBgn0053386,0,0,0,0
FBgn0053387,0,0,0,0
FBgn0053388,0,0,0,0
FBgn0053389,0,0,0,0
FBgn0053390,0,0,0,0
FBgn0053391,0,0,0,0
FBgn0053392,0,0,0,0
FBgn0053393,0,0,0,0
FBgn0053394,0,0,0,0
FBgn0053395,0,0,0,0
FBgn0053396,0,0,0,0
FBgn0053397,0,0,0,0
FBgn0053398,0,0,0,0
FBgn0053399,0,0,0,0
FBgn0053400,0,0,0,0
FBgn0053401,0,0,0,0
FBgn0053402,0,0,0,0
FBgn0053403,0,0,0,0
FBgn0053404,0,0,0,0
FBgn0053405,0,0,0,0
FBgn0053406,0,0,0,0
FBgn0053407,0,0,0,0
FBgn0053408,0,0,0,0
FBgn0053409,0,0,0,0
FBgn0053410,0,0,0,0
FBgn0053411,0,0,0,0
FBgn0053412,0,0,0,0
FBgn0053413,0,0,0,0
FBgn0053414,0,0,0,0
FBgn0053415,0,0,0,0
FBgn0053416,0,0,0,0
FBgn0053417,0,0,0,0
FBgn0053418,0,0,0,0
FBgn0053419,0,0,0,0
FBgn0053420,0,0,0,0
FBgn0053421,0,0,0,0
FBgn0053422,0,0,0,0
FBgn0053423,0,0,0,0
FBgn0053424,0,0,0,0
FBgn0053425,0,0,0,0
FBgn0053426,0,0,0,0
FBgn0053427,0,0,0,0
FBgn0053428,0,0,0,0
FBgn0053429,0,0,0,0
FBgn0053430,0,0,0,0
FBgn0053431,0,0,0,0
FBgn0053432,0,0,0,0
FBgn0053433,0,0,0,0
FBgn0053434,0,0,0,0
FBgn0053435,0,0,0,0
FBgn0053436,0,0,0,0
FBgn0053437,0,0,0,0
FBgn0053438,0,0,0,0
FBgn0053439,0,0,0,0
FBgn0053440,0,0,0,0
FBgn0053441,0,0,0,0
FBgn0053442,0,0,0,0
FBgn0053443,0,0,0,0
FBgn0053444,0,0,0,0
FBgn0053445,0,1,0,0
FBgn0053446,0,0,0,0
FBgn0053447,0,0,0,0
FBgn0053448,0,0,0,0
FBgn0053449,0,0,0,0
FBgn0053450,0,0,0,0
FBgn0053451,0,0,0,0
FBgn0053452,0,0,0,0
FBgn0040849,4,4,3,8
FBgn0033005,18283,28472,34924,34443
FBgn0033010,6350,10342,16128,16183
FBgn0026238,28183,41070,43056,38242
FBgn0013348,3,8,17,9
FBgn0032949,25992,37407,57028,52374
FBgn0030715,0,0,0,0
FBgn0030717,3493,4278,3872,3533
FBgn0000611,10654,13414,14413,14532
FBgn0030720,6799,6684,14924,14950
FBgn0030721,11,13,34,27
FBgn0030723,35,81,186,247
FBgn0030725,11,8,10,13
FBgn0028397,5566,7201,5627,5758
FBgn0030724,6280,7396,9325,9089
FBgn0030722,4,5,1,2
FBgn0003969,5279,6941,8619,9419
FBgn0030719,1016,1229,1179,1138
FBgn0030718,5278,4363,10258,9085
FBgn0030716,173,159,144,151
FBgn0053236,0,0,0,0
FBgn0053237,0,0,0,0
FBgn0053238,0,0,0,0
FBgn0053239,0,0,0,0
FBgn0053240,0,0,0,0
FBgn0053241,0,0,0,0
FBgn0053242,0,0,0,0
FBgn0053243,0,0,0,0
FBgn0053244,0,0,0,0
FBgn0053245,0,0,0,0
FBgn0053246,0,0,0,0
FBgn0053247,0,0,0,0
FBgn0029174,18728,22455,34133,31930
FBgn0032153,358,402,456,464
FBgn0010520,1732,1715,2724,2557
FBgn0024285,7170,6232,9400,9201
FBgn0040064,10392,9363,25288,22593
FBgn0032160,4458,4244,8148,6742
FBgn0032161,1910,2241,2406,2397
FBgn0032162,1161,1298,2733,2184
FBgn0032166,1425,1743,2163,2231
FBgn0032167,3765,5867,6430,10683
FBgn0051713,310,419,1432,1143
FBgn0051712,2057,1880,3254,3206
FBgn0051876,0,1,1,0
FBgn0032163,0,0,0,0
FBgn0025700,7586,6893,16113,13804
FBgn0032156,504,602,709,770
FBgn0053300,1,1,3,0
FBgn0004867,78240,50405,220067,203043
FBgn0032154,4175,4437,4684,4135
FBgn0031089,6,2,8,8
FBgn0031092,2748,2040,6078,5711
FBgn0031094,2079,2067,3591,3340
FBgn0031097,4,4,4,0
FBgn0022770,13,13,13,15
FBgn0015789,16056,17582,18180,17656
FBgn0031099,655,382,1652,1682
FBgn0031098,3340,3246,4358,4192
FBgn0003654,1288,1214,2716,2759
FBgn0053498,2,0,5,5
FBgn0053499,0,0,2,1
FBgn0053487,0,0,0,0
FBgn0052823,0,0,0,0
FBgn0053496,0,0,0,0
FBgn0053497,0,0,1,0
FBgn0053491,0,0,0,0
FBgn0067861,24,32,16,11
FBgn0000084,2194,1834,5719,5116
FBgn0031093,1795,1021,4505,4230
FBgn0031091,4930,4808,5266,4896
FBgn0031090,8081,8935,9799,9116
FBgn0030759,1239,1096,2251,1887
FBgn0061200,18245,20252,23272,23940
FBgn0025743,9217,8487,11779,11223
FBgn0030764,20,39,41,19
FBgn0030763,0,0,1,0
FBgn0030761,1927,1919,2915,2837
FBgn0015615,8785,9269,10501,9967
FBgn0011826,9331,10479,15939,15813
FBgn0011742,16710,18326,22299,21968
FBgn0030757,1309,1597,1870,1930
FBgn0030756,10,9,6,15
FBgn0034478,0,0,0,0
FBgn0040775,0,0,6,0
FBgn0031201,1,2,0,1
FBgn0041150,5084,4632,12864,12709
FBgn0034548,0,0,0,0
FBgn0033404,0,0,0,0
FBgn0033403,0,1,4,1
FBgn0033250,12,7,9,9
FBgn0034072,9525,12506,12066,13031
FBgn0033155,10025,9056,15919,14984
FBgn0025360,0,0,0,0
FBgn0033154,3,6,1,0
FBgn0031646,43,42,75,70
FBgn0015000,4099,4306,5531,5003
FBgn0031655,3603,4664,4941,4809
FBgn0031657,2536,2573,3864,3718
FBgn0031662,4171,4764,5616,5155
FBgn0033911,0,0,0,0
FBgn0034071,6568,7507,7829,7614
FBgn0034479,5,2,8,5
FBgn0031651,2417,2859,4639,4233
FBgn0031654,0,0,1,0
FBgn0031653,0,0,0,0
FBgn0031652,803,576,833,781
FBgn0015834,23706,20703,40841,38766
FBgn0031661,3974,4289,5182,4802
FBgn0031663,2086,2096,5139,4471
FBgn0031664,3817,2728,6730,6435
FBgn0031659,4526,4750,5252,4760
FBgn0037028,6089,7158,7446,7305
FBgn0031660,3428,2994,5410,4962
FBgn0061515,26333,29365,37769,34784
FBgn0052580,10,4,8,7
FBgn0051961,3461,4234,3822,3585
FBgn0053505,5262,5357,7311,6656
FBgn0053506,2821,3234,3241,2968
FBgn0053508,1,2,1,4
FBgn0053509,0,0,1,0
FBgn0053510,0,0,0,0
FBgn0053511,0,0,1,0
FBgn0053512,0,0,0,0
FBgn0053513,2,5,21,17
FBgn0053514,59,73,45,61
FBgn0053516,0,0,2,0
FBgn0053519,72,96,185,217
FBgn0053523,6806,7615,8605,8136
FBgn0053527,2,1,0,0
FBgn0053530,0,0,0,0
FBgn0053531,3,14,11,12
FBgn0053532,0,0,0,0
FBgn0053533,0,0,0,0
FBgn0053542,14,27,21,23
FBgn0053543,0,2,2,0
FBgn0053526,9724,9298,12105,11780
FBgn0053547,0,0,8,4
FBgn0053551,0,0,0,0
FBgn0032789,20469,14902,37369,33573
FBgn0053504,3,3,3,5
FBgn0053534,0,1,0,0
FBgn0053535,0,0,0,0
FBgn0053536,0,0,0,0
FBgn0053537,0,0,0,0
FBgn0053538,0,0,0,0
FBgn0053539,0,0,0,0
FBgn0002183,23666,22267,33169,32280
FBgn0030018,11518,11971,13738,13416
FBgn0010263,201,268,231,279
FBgn0052484,4429,3438,9011,8548
FBgn0004648,15622,18763,17013,17200
FBgn0020493,4492,4937,825,854
FBgn0029723,80,102,3416,3406
FBgn0001301,6714,7917,8406,8588
FBgn0035331,4,10,10,9
FBgn0031689,13,18,7,17
FBgn0053548,2,2,5,6
FBgn0053552,10,20,47,30
FBgn0040726,2,5,2,15
FBgn0038643,0,0,0,0
FBgn0053554,18310,26975,31283,33840
FBgn0029518,0,0,2,0
FBgn0053556,24,45,3441,3407
FBgn0053557,17,23,19,16
FBgn0000575,1792,2003,7584,7337
FBgn0038087,0,0,0,0
FBgn0010317,3136,4003,4462,4387
FBgn0003231,27419,29816,32369,31254
FBgn0000625,0,1,1,0
FBgn0003984,200,209,325,358
FBgn0010894,1878,2612,2479,2561
FBgn0003429,8,9,14,23
FBgn0004587,17107,18173,32280,31268
FBgn0004882,40647,49757,44175,47125
FBgn0003015,110347,139060,65554,64654
FBgn0005561,0,7,36,48
FBgn0033170,53,50,74,81
FBgn0039927,540,783,2273,2482
FBgn0027339,991,1270,2810,3574
FBgn0034990,0,4,0,1
FBgn0015770,0,0,0,0
FBgn0041164,14330,18425,19708,21093
FBgn0037313,3490,3006,4982,4631
FBgn0041707,7,7,7,3
FBgn0002774,4375,5031,5735,5684
FBgn0002873,12823,14076,16633,16412
FBgn0004102,1,2,0,1
FBgn0033807,1,2,1,5
FBgn0003124,46206,53790,57277,54295
FBgn0000303,0,0,0,0
FBgn0002440,1,0,0,0
FBgn0041242,0,0,0,0
FBgn0004606,3360,3277,3852,3946
FBgn0033195,2127,1988,2910,2604
FBgn0003720,0,0,0,0
FBgn0028572,527,436,1622,1758
FBgn0038651,6248,7430,7769,8263
FBgn0004607,31,49,48,67
FBgn0005558,70,64,501,559
FBgn0037317,1671,1819,1931,1822
FBgn0003950,627,489,753,749
FBgn0023416,35,48,47,79
FBgn0000259,19284,26158,28399,27197
FBgn0003741,645,664,1008,904
FBgn0040097,0,0,0,0
FBgn0028841,2,0,0,0
FBgn0000241,18,11,54,61
FBgn0011655,3553,2787,5899,5572
FBgn0004907,40027,52103,54587,55346
FBgn0039914,3675,5172,11301,11508
FBgn0019828,5,0,0,0
FBgn0004369,4143,4526,5119,5123
FBgn0010114,4,9,9,5
FBgn0000427,55542,52992,163430,183234
FBgn0040107,0,1,1,5
FBgn0029676,3399,4936,5327,5030
FBgn0050048,0,0,0,0
FBgn0026059,3937,3207,5542,5743
FBgn0005427,5440,6589,7003,7587
FBgn0051266,0,0,0,0
FBgn0051439,2,2,0,1
FBgn0000053,5186,4257,12569,12418
FBgn0000567,527,639,1882,2398
FBgn0052333,4,3,20,14
FBgn0041605,17,30,26,14
FBgn0052576,1047,1308,1719,1640
FBgn0052602,4540,3589,9512,7906
FBgn0053111,948,1191,1246,1357
FBgn0039396,5,13,20,18
FBgn0053558,6714,5181,9844,9761
FBgn0001148,0,0,0,0
FBgn0014141,9838,8331,12999,14401
FBgn0010382,26046,24444,28104,26333
FBgn0004575,26,29,68,67
FBgn0000042,152763,142095,259752,265605
FBgn0034976,4618,5440,4436,4560
FBgn0034982,4149,3886,5133,4759
FBgn0020385,1505,1177,1964,1748
FBgn0037822,8490,9635,14202,13144
FBgn0038295,0,0,0,3
FBgn0004227,6666,7665,9174,8713
FBgn0015546,7713,8376,9996,9540
FBgn0016917,15688,19579,16074,16116
FBgn0032117,536,715,633,668
FBgn0014135,8,10,47,37
FBgn0033809,51,53,147,137
FBgn0033810,1644,1866,2569,1980
FBgn0035964,2939,3097,6131,5660
FBgn0039348,11099,10223,15402,14336
FBgn0039349,4180,3853,7932,6664
FBgn0002789,619,519,1173,1196
FBgn0037719,3513,3720,4286,3829
FBgn0027375,5951,9158,10183,10284
FBgn0005677,0,0,4,0
FBgn0035956,4,1,0,0
FBgn0038950,1975,1719,4250,3490
FBgn0011225,1490,1578,9848,10195
FBgn0003701,9668,12981,10451,10147
FBgn0038872,9061,8156,8317,7929
FBgn0036180,6317,7097,8032,8027
FBgn0004924,21105,22262,33460,34150
FBgn0004903,4642,5237,6572,6234
FBgn0001168,810,1213,1306,1470
FBgn0032369,0,0,0,0
FBgn0003145,0,0,0,0
FBgn0000008,713,758,2278,2427
FBgn0000261,4178,3781,6549,6551
FBgn0004169,297,347,855,609
FBgn0023076,170,220,431,364
FBgn0001208,87,44,106,97
FBgn0036165,15731,20688,17248,17712
FBgn0020496,22047,26622,35164,34255
FBgn0027841,2005,1671,5481,4892
FBgn0039713,58633,36400,226458,213309
FBgn0039738,214,269,337,290
FBgn0015269,4702,6060,5638,6081
FBgn0037746,5442,5943,6011,5521
FBgn0037747,3134,3753,4671,3983
FBgn0003862,8493,10539,10461,11121
FBgn0010226,10042,10905,15841,14427
FBgn0000577,0,1,0,0
FBgn0000028,2,2,2,2
FBgn0022710,972,1224,1506,1601
FBgn0012034,9821,11232,5010,5480
FBgn0027866,9463,11296,10699,10046
FBgn0038201,1,0,1,0
FBgn0045500,0,0,0,0
FBgn0000721,14935,16663,34351,34130
FBgn0034420,2676,2487,3216,3046
FBgn0003218,5318,4944,8011,8015
FBgn0024836,3,8,6,1
FBgn0031016,3433,3243,3459,3694
FBgn0034416,8,0,0,0
FBgn0025936,8207,12161,14208,14660
FBgn0000578,3973,4683,6408,6725
FBgn0031649,2,7,2,3
FBgn0032668,116,181,377,307
FBgn0041210,6169,5777,8301,8446
FBgn0001269,0,4,1,2
FBgn0027608,87,144,128,161
FBgn0039900,19,24,139,189
FBgn0031474,3744,4065,3670,3556
FBgn0025726,10936,15766,14356,14943
FBgn0051721,30,30,67,72
FBgn0051992,40192,56567,43929,44715
FBgn0028341,7344,6250,10762,9792
FBgn0032974,10384,13228,11782,11540
FBgn0029870,15302,15976,22608,22271
FBgn0035001,9084,9727,12548,13117
FBgn0032666,233,315,1195,1421
FBgn0026533,20580,26277,29212,27785
FBgn0036534,15672,20294,21696,23174
FBgn0036144,6590,7059,12221,11565
FBgn0033265,1807,2722,2965,3003
FBgn0038139,13,7,4,1
FBgn0027529,10364,11022,11825,11377
FBgn0031802,0,0,0,0
FBgn0037234,6401,7760,8367,7807
FBgn0030641,16,10,15,9
FBgn0029736,3155,2628,5016,4550
FBgn0030662,213,216,745,838
FBgn0035978,17474,19639,13224,12631
FBgn0031530,201,191,647,773
FBgn0037100,0,0,1,0
FBgn0032957,1627,2025,1953,2004
FBgn0034417,467,389,664,625
FBgn0031294,18,15,46,48
FBgn0000542,279,197,924,1052
FBgn0050372,7969,7555,10079,9630
FBgn0030844,0,0,0,0
FBgn0031536,2572,2515,2907,2765
FBgn0039675,0,0,0,0
FBgn0039676,5,4,3,4
FBgn0020279,31043,23859,51674,51779
FBgn0015777,548,689,1442,1510
FBgn0020546,0,0,1,1
FBgn0011998,0,0,0,0
FBgn0052547,17,14,18,11
FBgn0037560,240,336,376,298
FBgn0029105,4,2,7,9
FBgn0038570,0,0,0,0
FBgn0038571,0,0,0,0
FBgn0039308,0,0,0,0
FBgn0039309,0,0,0,0
FBgn0036170,0,0,0,0
FBgn0036169,0,0,0,0
FBgn0031039,0,0,0,0
FBgn0031038,0,0,0,0
FBgn0053155,9,6,11,4
FBgn0050481,0,0,0,0
FBgn0013576,16777,18141,35285,35809
FBgn0043002,2733,2553,5458,4461
FBgn0002887,4344,5226,6042,5830
FBgn0053095,0,0,0,0
FBgn0053626,0,0,0,0
FBgn0053627,0,0,0,0
FBgn0053267,12,25,24,22
FBgn0065047,15,7,8,1
FBgn0053630,0,0,0,0
FBgn0053631,0,0,0,0
FBgn0032538,0,1,2,8
FBgn0065080,0,0,0,0
FBgn0065070,1,4,4,3
FBgn0053639,0,0,0,2
FBgn0029948,0,0,1,1
FBgn0053640,0,3,1,0
FBgn0053641,1,2,1,1
FBgn0053642,0,0,0,0
FBgn0053643,0,0,0,0
FBgn0053644,0,0,0,0
FBgn0053645,0,0,0,0
FBgn0035253,8202,6735,13990,13818
FBgn0053647,0,0,0,0
FBgn0053648,0,0,0,2
FBgn0064115,0,0,0,0
FBgn0004407,0,0,0,0
FBgn0053653,365,350,1495,1656
FBgn0035068,0,0,0,0
FBgn0032364,25,18,67,74
FBgn0032365,1,0,1,0
FBgn0053654,0,0,1,1
FBgn0034618,8658,8141,13618,13238
FBgn0037555,12206,12231,14620,14067
FBgn0000153,18,14,24,28
FBgn0015609,366,584,726,911
FBgn0065101,0,0,0,0
FBgn0001223,0,0,0,0
FBgn0001228,2,4,6,0
FBgn0065097,0,0,0,0
FBgn0065092,0,0,0,0
FBgn0065046,66,53,6,31
FBgn0065071,6,9,9,5
FBgn0053664,0,0,0,0
FBgn0053665,0,0,0,0
FBgn0053666,1,0,0,0
FBgn0053667,0,0,0,0
FBgn0053668,0,0,0,0
FBgn0053669,0,0,0,0
FBgn0033380,2993,3010,4235,3822
FBgn0064123,0,0,0,0
FBgn0031159,0,0,0,0
FBgn0061359,0,0,0,0
FBgn0061360,0,0,0,0
FBgn0053673,0,0,0,0
FBgn0065053,24,50,78,61
FBgn0040608,1,0,1,1
FBgn0039452,0,3,1,1
FBgn0067622,0,0,0,0
FBgn0032240,0,0,0,0
FBgn0029859,9,5,4,2
FBgn0029860,1216,754,2045,1757
FBgn0029504,5360,5646,5268,5224
FBgn0041775,174879,174361,289877,296378
FBgn0003507,5434,3414,8328,8562
FBgn0053680,3,3,0,1
FBgn0002524,9010,10570,13046,11921
FBgn0037716,5315,4879,5352,4756
FBgn0002632,0,2,1,1
FBgn0002522,0,0,1,0
FBgn0065098,48,57,35,488
FBgn0039157,1255,1543,1546,1792
FBgn0011676,126,90,165,113
FBgn0065088,0,0,0,0
FBgn0034324,0,0,1,4
FBgn0034325,0,0,0,0
FBgn0053483,0,0,0,0
FBgn0065073,7,9,7,11
FBgn0037913,16808,19462,22558,20688
FBgn0037912,27,34,27,15
FBgn0032888,3,5,10,6
FBgn0051221,2,4,11,9
FBgn0031403,1781,2535,3536,3011
FBgn0065087,0,0,0,0
FBgn0026239,2255,1840,6894,6932
FBgn0051016,0,0,1,5
FBgn0053687,0,0,0,0
FBgn0053688,0,0,0,0
FBgn0053689,0,0,0,0
FBgn0053690,0,0,0,0
FBgn0052423,13892,18187,20817,21083
FBgn0033884,5056,4790,7414,6734
FBgn0065055,19,25,63,71
FBgn0040233,14338,19645,9458,9702
FBgn0052831,2662,2443,4101,3664
FBgn0053696,4,1,1,1
FBgn0052843,7,2,3,2
FBgn0016919,7,0,13,13
FBgn0065095,0,0,0,0
FBgn0036783,0,0,2,1
FBgn0001624,6663,8533,10909,11413
FBgn0053700,0,2,0,1
FBgn0053701,0,0,0,0
FBgn0053702,0,0,0,0
FBgn0053703,0,0,0,0
FBgn0053704,0,1,0,0
FBgn0065100,4,12,5,17
FBgn0260455,0,0,0,0
FBgn0067903,0,0,0,0
FBgn0065105,0,0,0,1
FBgn0039378,0,0,0,0
FBgn0053710,0,0,0,0
FBgn0065084,0,0,0,0
FBgn0065096,0,0,0,0
FBgn0064116,0,0,0,0
FBgn0064117,0,0,0,0
FBgn0065051,0,1,0,0
FBgn0260458,46,65,21,11
FBgn0044419,0,0,1,1
FBgn0046874,0,0,0,0
FBgn0042182,0,0,0,0
FBgn0064126,0,0,0,0
FBgn0260439,27776,28702,41329,40340
FBgn0053723,0,0,0,0
FBgn0053725,0,0,1,0
FBgn0065057,1,5,12,10
FBgn0014163,20598,25156,26175,27117
FBgn0053727,0,0,0,0
FBgn0053728,0,0,0,0
FBgn0053729,0,0,0,0
FBgn0053730,0,0,0,0
FBgn0053731,0,0,0,0
FBgn0053732,0,0,0,0
FBgn0053733,0,0,0,0
FBgn0053734,0,0,0,0
FBgn0053735,0,0,0,0
FBgn0053736,0,0,0,0
FBgn0053737,0,0,0,0
FBgn0053738,0,0,0,0
FBgn0053739,0,0,0,0
FBgn0053740,0,0,0,0
FBgn0053741,0,0,0,0
FBgn0053742,0,0,0,0
FBgn0053743,0,0,0,0
FBgn0053744,0,0,0,0
FBgn0053745,0,0,0,0
FBgn0053746,0,0,0,0
FBgn0040076,0,0,0,0
FBgn0051469,23,36,24,16
FBgn0040077,0,0,0,0
FBgn0034906,4,7,0,0
FBgn0037550,1118,1228,2528,2380
FBgn0065104,0,0,0,0
FBgn0036713,0,0,0,1
FBgn0014857,5222,3877,11988,10930
FBgn0052269,0,0,0,0
FBgn0052270,0,0,0,0
FBgn0034518,0,0,0,0
FBgn0034519,0,0,0,0
FBgn0053752,0,0,0,0
FBgn0053137,10,11,6,5
FBgn0051438,0,0,0,0
FBgn0003742,1712,1864,3033,2981
FBgn0036789,1,0,2,0
FBgn0035486,0,0,0,0
FBgn0045476,0,0,0,0
FBgn0038880,0,0,0,0
FBgn0065064,53,31,141,230
FBgn0029890,235,133,431,409
FBgn0029891,8773,7559,12846,11686
FBgn0029888,2760,2338,6678,5827
FBgn0005672,3008,3493,3264,3131
FBgn0028377,0,0,0,0
FBgn0001099,178,240,354,361
FBgn0053757,2,5,0,1
FBgn0053758,11,10,0,0
FBgn0053764,0,0,0,0
FBgn0053766,0,0,0,0
FBgn0053767,0,0,0,0
FBgn0053768,0,0,0,0
FBgn0053769,0,0,0,0
FBgn0053770,0,0,0,0
FBgn0053771,0,0,0,0
FBgn0051324,326,295,1094,1162
FBgn0052123,0,0,0,0
FBgn0053774,1243,1805,1059,604
FBgn0035497,2180,2596,2592,2500
FBgn0050056,5,4,4,6
FBgn0053777,0,0,0,0
FBgn0065066,1,11,8,13
FBgn0065059,0,0,0,0
FBgn0053783,0,0,0,1
FBgn0053784,0,0,0,0
FBgn0061362,0,0,0,0
FBgn0061361,0,0,0,0
FBgn0039582,0,0,0,0
FBgn0050462,0,0,0,0
FBgn0050461,0,0,0,0
FBgn0035197,0,0,0,0
FBgn0035198,0,0,0,0
FBgn0041720,25,32,5,2
FBgn0025643,9,4,3,0
FBgn0020912,0,0,0,0
FBgn0065083,0,0,0,0
FBgn0063923,81,79,358,287
FBgn0063924,0,0,0,0
FBgn0035239,0,0,0,0
FBgn0035240,0,0,0,0
FBgn0053792,48,68,55,33
FBgn0065081,0,0,0,0
FBgn0065058,4,5,11,13
FBgn0033693,0,0,0,0
FBgn0053795,0,0,0,0
FBgn0053796,0,0,0,0
FBgn0039621,0,1,2,0
FBgn0053463,0,0,0,0
FBgn0051072,4744,6210,5349,5745
FBgn0032077,1212,1659,2026,1593
FBgn0032076,133,150,224,192
FBgn0053797,0,0,0,0
FBgn0033652,93,117,150,136
FBgn0001235,13,18,23,33
FBgn0000056,0,0,0,0
FBgn0053096,188,277,227,235
FBgn0034283,0,0,0,0
FBgn0051386,0,0,0,0
FBgn0053801,0,2,3,1
FBgn0053802,0,0,0,0
FBgn0053803,0,0,0,0
FBgn0051617,0,0,0,1
FBgn0051618,0,0,0,0
FBgn0051613,0,0,0,0
FBgn0053804,0,0,0,0
FBgn0053805,3,11,2,3
FBgn0053806,0,0,0,0
FBgn0053807,0,1,0,0
FBgn0053808,0,0,0,0
FBgn0053809,0,0,0,0
FBgn0053810,0,0,0,0
FBgn0053811,0,0,0,0
FBgn0053812,0,0,0,0
FBgn0053813,0,0,0,1
FBgn0053814,0,0,0,0
FBgn0053815,0,0,0,0
FBgn0053816,0,0,0,0
FBgn0053817,0,0,0,0
FBgn0053818,0,0,0,0
FBgn0053819,0,0,0,0
FBgn0053820,0,0,0,0
FBgn0053821,0,0,0,0
FBgn0053822,0,0,0,0
FBgn0053823,0,0,0,0
FBgn0053824,0,0,0,0
FBgn0053825,0,0,0,0
FBgn0053826,0,0,0,0
FBgn0053827,0,0,0,0
FBgn0053828,0,0,0,0
FBgn0053829,0,0,0,0
FBgn0053830,0,0,0,0
FBgn0053831,0,0,0,0
FBgn0053832,0,0,0,0
FBgn0053833,0,0,0,0
FBgn0053834,1,3,2,0
FBgn0053835,0,0,0,0
FBgn0053836,0,0,0,0
FBgn0053837,0,0,0,0
FBgn0053838,0,0,0,0
FBgn0053839,0,0,0,0
FBgn0053840,0,0,0,0
FBgn0053841,0,0,0,0
FBgn0053842,0,0,0,0
FBgn0053843,0,0,0,0
FBgn0053844,0,0,0,0
FBgn0053845,0,0,0,0
FBgn0053846,0,0,0,0
FBgn0053847,0,0,0,0
FBgn0053848,0,0,0,0
FBgn0053849,0,0,0,0
FBgn0053850,0,0,0,0
FBgn0053851,0,0,0,0
FBgn0053852,0,0,0,0
FBgn0053853,0,0,0,0
FBgn0053854,0,0,0,0
FBgn0053855,0,0,0,0
FBgn0053856,0,0,0,0
FBgn0053857,0,0,0,0
FBgn0053858,0,0,0,0
FBgn0053859,0,0,0,0
FBgn0053860,0,0,0,0
FBgn0053861,0,0,0,0
FBgn0053862,0,0,0,0
FBgn0053863,0,0,0,0
FBgn0053864,0,0,0,0
FBgn0053865,0,0,0,0
FBgn0053866,0,0,0,0
FBgn0051614,3,4,10,4
FBgn0053867,0,0,0,0
FBgn0053868,77,121,217,196
FBgn0053869,0,0,0,0
FBgn0053870,0,0,0,0
FBgn0053871,0,0,0,0
FBgn0053872,0,0,0,0
FBgn0053873,0,0,0,0
FBgn0053874,0,0,0,0
FBgn0053875,0,0,0,0
FBgn0053876,0,0,0,0
FBgn0053877,0,0,0,0
FBgn0053878,0,0,0,0
FBgn0053879,0,0,0,0
FBgn0053880,0,0,0,0
FBgn0053881,0,0,0,0
FBgn0053882,0,0,0,0
FBgn0053883,0,0,0,0
FBgn0053884,0,0,0,0
FBgn0053885,0,0,0,0
FBgn0053886,0,0,0,0
FBgn0053887,0,0,0,0
FBgn0053888,0,0,0,0
FBgn0053889,0,0,0,0
FBgn0053890,0,0,0,0
FBgn0053891,0,0,0,0
FBgn0053892,0,0,0,0
FBgn0053893,0,0,0,0
FBgn0053894,0,0,0,0
FBgn0053895,0,0,0,0
FBgn0053896,0,0,0,0
FBgn0053897,0,0,0,0
FBgn0053898,0,0,0,0
FBgn0053899,0,0,0,0
FBgn0053900,0,0,0,0
FBgn0053901,0,0,0,0
FBgn0053902,0,0,0,0
FBgn0053903,0,0,0,0
FBgn0053904,0,0,0,0
FBgn0053905,0,0,0,0
FBgn0053906,0,0,0,0
FBgn0053907,0,0,0,0
FBgn0053908,0,0,0,0
FBgn0051611,0,0,0,0
FBgn0061209,3,0,2,2
FBgn0053909,0,0,0,0
FBgn0053910,0,0,0,0
FBgn0028991,0,0,0,0
FBgn0053912,0,0,0,0
FBgn0053914,1,4,0,1
FBgn0065107,0,0,0,0
FBgn0025455,14303,14689,13996,14116
FBgn0065102,0,0,0,0
FBgn0065094,0,0,0,0
FBgn0038683,6898,7210,9272,9165
FBgn0038682,1243,1374,1194,1377
FBgn0033628,1,1,1,0
FBgn0033739,3833,3997,4669,4321
FBgn0034081,998,1222,1939,1666
FBgn0029175,2979,3754,2744,2515
FBgn0027358,0,0,0,0
FBgn0031041,0,0,0,0
FBgn0003435,1375,1253,2966,3468
FBgn0024251,13,10,3,7
FBgn0024182,0,0,0,0
FBgn0031455,0,0,0,0
FBgn0031454,0,0,0,0
FBgn0053476,0,0,3,1
FBgn0053919,0,4,2,0
FBgn0038032,0,0,0,0
FBgn0038033,0,0,0,0
FBgn0052652,4,9,0,0
FBgn0053920,0,0,0,0
FBgn0051224,13884,13760,13198,13125
FBgn0065048,35,44,22,15
FBgn0011640,9362,7175,16698,15671
FBgn0053922,0,0,0,0
FBgn0053923,0,0,0,0
FBgn0065099,43,23,77,388
FBgn0053926,147,105,515,434
FBgn0053927,1,0,0,0
FBgn0053928,0,5,4,3
FBgn0067311,0,0,0,0
FBgn0024293,28,10,67,66
FBgn0038888,0,0,0,0
FBgn0053929,0,0,0,0
FBgn0065076,76,120,7,12
FBgn0033564,1050,1325,1444,1541
FBgn0061356,10,16,10,11
FBgn0066304,0,0,0,0
FBgn0066303,0,0,0,0
FBgn0260466,0,0,0,0
FBgn0064119,0,0,0,0
FBgn0002709,100,121,302,264
FBgn0028581,0,0,0,0
FBgn0063127,0,0,0,0
FBgn0047095,78,51,113,122
FBgn0062928,4023,4040,9479,7377
FBgn0062961,0,0,0,0
FBgn0047334,10,5,24,17
FBgn0046756,5,9,12,6
FBgn0047000,16,28,44,25
FBgn0083068,614,932,1379,1219
FBgn0063083,0,0,0,0
FBgn0029153,0,0,0,0
FBgn0029154,0,0,0,0
FBgn0004507,26232,21836,59374,58967
FBgn0053629,0,0,0,0
FBgn0053632,0,0,4,2
FBgn0053721,0,0,0,1
FBgn0040606,26,5,10,9
FBgn0066084,207242,326134,227545,138005
FBgn0083167,5280,5232,11460,8372
FBgn0031414,3,2,8,3
FBgn0034903,1601,1751,5339,7844
FBgn0001297,2361,2874,3055,4124
FBgn0030117,0,0,0,0
FBgn0032763,2617,2858,2641,2404
FBgn0052500,0,0,0,0
FBgn0024963,2,0,0,2
FBgn0036210,511,567,778,625
FBgn0032536,0,0,0,1
FBgn0020880,0,0,0,0
FBgn0032812,1647,1070,4137,3666
FBgn0001149,14679,10581,75729,64499
FBgn0035766,15411,16159,18508,18021
FBgn0034314,4393,5921,7268,6297
FBgn0034317,0,0,0,0
FBgn0053958,0,1,0,0
FBgn0034315,5433,5384,9086,8331
FBgn0052803,2413,2635,3782,2937
FBgn0031191,2918,2939,3687,3491
FBgn0038131,0,0,0,0
FBgn0031930,0,0,1,0
FBgn0038714,0,0,0,0
FBgn0017579,57263,47146,165796,138319
FBgn0031220,313,373,484,666
FBgn0025388,2798,3137,2557,2406
FBgn0025387,57,49,60,47
FBgn0000152,1965,2039,2837,2695
FBgn0003900,0,0,0,0
FBgn0036685,8023,7741,11951,11388
FBgn0030778,4,8,3,10
FBgn0013799,5471,5391,6301,6111
FBgn0032515,2362,2242,4678,3984
FBgn0052202,902,1128,2044,1675
FBgn0050280,4,7,2,0
FBgn0033712,2107,2507,2256,2092
FBgn0027094,20455,20797,36054,35404
FBgn0039648,0,0,0,0
FBgn0035426,1,0,2,0
FBgn0032551,0,0,0,0
FBgn0028867,0,0,0,0
FBgn0031322,1244,1148,408,435
FBgn0000277,2,1,9,5
FBgn0035945,10407,10726,12287,11322
FBgn0031575,3423,3795,3573,3413
FBgn0034165,0,0,0,0
FBgn0002631,1,0,0,2
FBgn0034009,6435,7493,6664,6788
FBgn0031995,5955,7202,6324,5998
FBgn0036603,0,0,0,0
FBgn0036607,0,0,0,0
FBgn0036609,0,0,0,0
FBgn0004047,18565,12795,61220,48861
FBgn0034415,0,0,0,0
FBgn0067317,3,3,1,2
FBgn0038035,1514,2279,2214,2169
FBgn0014464,12855,3329,30964,28756
FBgn0058172,0,0,0,0
FBgn0025632,739,818,1070,1032
FBgn0011837,10354,12675,17203,18722
FBgn0053963,34,58,25,49
FBgn0036916,1652,1649,2917,2748
FBgn0011272,42904,33583,106662,96348
FBgn0053964,0,0,0,0
FBgn0033453,4529,5947,4682,4680
FBgn0010406,6911,8568,9071,8954
FBgn0036493,224,282,9197,8819
FBgn0003028,22493,24058,35743,35678
FBgn0020372,133,152,174,163
FBgn0032896,0,5,0,2
FBgn0053965,0,0,0,1
FBgn0053966,1,0,2,1
FBgn0031726,2,0,7,2
FBgn0004828,32773,31136,74962,70565
FBgn0053517,0,3,0,0
FBgn0035021,3556,3711,3826,3784
FBgn0000094,0,0,0,0
FBgn0035083,10324,12545,7319,6812
FBgn0037137,26762,26429,40845,41804
FBgn0010241,5,3,6,2
FBgn0002283,5695,5575,6964,6123
FBgn0000355,155090,83588,447710,291721
FBgn0039020,594,615,811,612
FBgn0033075,3735,4180,5761,5903
FBgn0038405,3,2,7,4
FBgn0030863,10837,13524,15034,14189
FBgn0003687,4463,4142,4846,4540
FBgn0051007,0,0,0,0
FBgn0032157,12696,14458,17808,17392
FBgn0043841,636,443,3915,3695
FBgn0034820,1,1,0,0
FBgn0010265,75638,80077,176147,170073
FBgn0022893,94014,105726,224882,205637
FBgn0037385,1,0,0,0
FBgn0052857,0,0,0,0
FBgn0032391,1006,1084,929,954
FBgn0045759,9,7,7,13
FBgn0036374,5827,4956,5978,5876
FBgn0034566,2,4,0,3
FBgn0031285,12159,13172,21683,23096
FBgn0004050,4103,3619,5342,4973
FBgn0004644,11,14,7,12
FBgn0031765,0,0,4,1
FBgn0030522,938,682,1364,1253
FBgn0038647,6,1,3,5
FBgn0028540,779,897,1437,1518
FBgn0000459,3,8,23,25
FBgn0038980,1,0,11,3
FBgn0000529,0,0,0,3
FBgn0010607,3404,4436,5365,4565
FBgn0003943,11334,14169,16489,15090
FBgn0050072,0,0,0,0
FBgn0052072,0,0,0,0
FBgn0052056,4412,4722,6333,6263
FBgn0035258,0,0,0,0
FBgn0040719,0,0,0,0
FBgn0015773,19,11,19,21
FBgn0003002,6,0,8,12
FBgn0039369,0,1,0,0
FBgn0037326,8,6,5,15
FBgn0004087,1741,2352,4597,3403
FBgn0033631,26618,23919,41931,36807
FBgn0000370,8608,13377,7636,7610
FBgn0026433,7609,7720,7928,7479
FBgn0053969,2408,3070,3111,2872
FBgn0025683,9989,12544,18579,21924
FBgn0039366,0,0,0,0
FBgn0004363,64043,66598,154915,142294
FBgn0036680,1,0,3,2
FBgn0039370,2,0,0,0
FBgn0013263,1171,1471,1360,1523
FBgn0036306,2261,3357,2837,2614
FBgn0260479,0,3,0,0
FBgn0038547,191,251,175,194
FBgn0024941,4,10,7,1
FBgn0053970,522,668,1008,1706
FBgn0014396,1573,2281,2600,2679
FBgn0013765,9453,10045,10977,10776
FBgn0031270,827,1277,1588,1278
FBgn0016977,17909,21788,18513,19695
FBgn0016930,5492,6312,8339,9210
FBgn0031971,2829,2193,7879,6266
FBgn0031619,0,0,0,0
FBgn0010488,73875,77597,103882,110928
FBgn0033781,1729,1439,2737,2414
FBgn0011205,4738,5302,5277,5252
FBgn0053971,60,67,83,99
FBgn0020381,1144,1289,1783,1800
FBgn0035209,1935,2201,5753,4173
FBgn0037525,1215,1389,1106,1270
FBgn0031623,90,120,168,114
FBgn0004911,0,0,0,0
FBgn0053309,0,0,0,0
FBgn0011937,0,0,0,0
FBgn0011936,0,0,0,0
FBgn0000406,32,35,61,61
FBgn0004052,5,1,1,2
FBgn0039544,6330,6080,7699,7472
FBgn0014869,8698,6262,24584,22236
FBgn0013720,3398,3230,3831,3638
FBgn0003638,8492,7365,13056,13125
FBgn0000276,11,5,16,9
FBgn0041624,0,0,0,0
FBgn0041623,0,0,0,0
FBgn0010438,5803,6136,8816,7783
FBgn0021764,8555,11021,11928,12331
FBgn0040099,10,9,16,7
FBgn0004618,0,0,0,0
FBgn0029854,2128,1973,4615,3398
FBgn0000278,0,0,1,0
FBgn0038002,0,0,0,0
FBgn0051274,14,21,16,14
FBgn0038427,6370,6414,6597,6161
FBgn0035976,109,127,102,148
FBgn0039454,0,0,1,0
FBgn0027514,2376,2334,2439,2359
FBgn0038063,497,640,807,675
FBgn0053977,506,875,1366,896
FBgn0053978,34,41,202,378
FBgn0000551,1,0,1,0
FBgn0032130,5508,6094,5815,5418
FBgn0035879,4468,5208,5310,5260
FBgn0035880,244,232,287,263
FBgn0038717,0,0,1,0
FBgn0001091,28121,21652,69833,62627
FBgn0031261,3,0,23,18
FBgn0040795,0,0,7,1
FBgn0031859,3,0,0,0
FBgn0001125,21359,19411,38100,35397
FBgn0024983,2971,2696,4737,4340
FBgn0000640,0,0,0,0
FBgn0037764,2,0,1,1
FBgn0050087,1,0,0,0
FBgn0053460,11,5,10,16
FBgn0053461,0,1,0,0
FBgn0053462,0,0,0,0
FBgn0025741,26278,40604,40526,43039
FBgn0000044,1370,1696,2517,2674
FBgn0031504,3,0,0,0
FBgn0034495,978,760,1926,1753
FBgn0032898,0,1,1,0
FBgn0039925,27,46,46,64
FBgn0033104,1230,1062,1978,1710
FBgn0026086,3999,5633,5277,5092
FBgn0036203,3,0,3,3
FBgn0028741,0,0,0,0
FBgn0010339,8722,9544,11933,10606
FBgn0053983,0,6,3,5
FBgn0053985,0,1,0,1
FBgn0053986,0,0,0,0
FBgn0003300,0,0,1,3
FBgn0037635,59,88,126,107
FBgn0040508,1,0,0,0
FBgn0053987,1,0,1,0
FBgn0028979,35,46,63,51
FBgn0053988,4,0,5,8
FBgn0052176,4032,5006,4975,4898
FBgn0053082,153,179,285,288
FBgn0032023,0,0,0,0
FBgn0052088,43,65,75,63
FBgn0026575,16395,15464,21729,22093
FBgn0067905,2,1,2,7
FBgn0037812,14,14,12,20
FBgn0036793,0,0,0,0
FBgn0036799,0,0,0,0
FBgn0025637,20768,25470,35464,32721
FBgn0000552,0,0,0,0
FBgn0032151,0,2,0,0
FBgn0038575,7118,7432,7861,6984
FBgn0043791,0,0,1,4
FBgn0000055,27,19,56,47
FBgn0034978,0,2,0,0
FBgn0039229,6292,5677,9081,8984
FBgn0032259,3667,4491,3972,3479
FBgn0032815,7069,9750,7958,7690
FBgn0052023,0,0,0,0
FBgn0030898,0,0,0,0
FBgn0052625,1491,1926,3254,2812
FBgn0010240,5,5,2,0
FBgn0051693,0,2,3,0
FBgn0029526,44,43,226,192
FBgn0003366,688,715,1016,1365
FBgn0041789,6145,6169,7594,7279
FBgn0035000,1,0,0,1
FBgn0013718,12705,15122,16476,16512
FBgn0030984,0,0,12,14
FBgn0039736,78,20,263,224
FBgn0022359,325,185,4066,2795
FBgn0024250,238,238,534,520
FBgn0020906,0,0,0,0
FBgn0030336,11680,10488,18062,17067
FBgn0031762,738,840,1555,1929
FBgn0000719,1348,1335,10165,10237
FBgn0026749,2924,3460,4007,3573
FBgn0032626,0,0,0,0
FBgn0029589,2,0,2,1
FBgn0030581,2977,3233,4208,3943
FBgn0050383,27,38,282,231
FBgn0030874,1375,1127,1590,1512
FBgn0030262,5,10,6,11
FBgn0004643,8663,6504,12429,11625
FBgn0034997,143,117,6850,6146
FBgn0000320,546,508,1793,2125
FBgn0029836,1,1,2,1
FBgn0036599,0,0,2,0
FBgn0045842,3062,3480,950,1030
FBgn0053093,2,13,10,8
FBgn0027101,7732,11690,11178,10993
FBgn0039924,7267,12022,16585,14187
FBgn0053993,0,1,3,5
FBgn0034563,0,0,2,2
FBgn0040344,2521,2758,2906,2799
FBgn0034121,1,0,1,0
FBgn0004463,3245,3966,4580,4741
FBgn0031515,16,13,14,15
FBgn0053301,0,0,1,0
FBgn0030542,0,1,0,0
FBgn0014903,0,0,0,0
FBgn0037046,18,34,44,28
FBgn0053995,0,0,0,0
FBgn0034286,10,16,4,7
FBgn0032955,14848,19828,17405,16667
FBgn0050098,0,1,1,0
FBgn0032405,90,111,152,165
FBgn0029608,233,234,89,96
FBgn0031637,4660,4575,8456,8286
FBgn0034139,4,3,2,5
FBgn0030897,2,0,0,2
FBgn0031945,0,0,0,0
FBgn0015664,6743,7484,7182,7326
FBgn0039592,0,0,0,0
FBgn0053679,3,14,14,7
FBgn0053258,0,4,1,0
FBgn0053544,0,0,0,0
FBgn0053998,0,0,1,0
FBgn0054001,647,666,1408,1141
FBgn0054002,4,4,18,13
FBgn0054003,0,0,1,0
FBgn0040658,146,256,269,387
FBgn0054005,0,0,0,0
FBgn0053772,0,0,0,0
FBgn0053294,28,75,74,48
FBgn0053773,3,0,0,0
FBgn0053775,0,1,0,0
FBgn0053658,1,8,5,2
FBgn0054006,1,0,0,0
FBgn0054007,0,0,2,0
FBgn0054008,379,563,713,609
FBgn0054010,45,52,106,116
FBgn0054011,0,0,0,0
FBgn0054012,2,0,2,3
FBgn0054015,1511,2257,2130,1847
FBgn0054021,0,1,1,0
FBgn0054024,0,0,0,0
FBgn0054025,0,0,0,0
FBgn0054026,0,0,1,0
FBgn0054027,4,1,4,12
FBgn0054028,0,0,0,0
FBgn0054029,0,2,0,0
FBgn0054030,0,0,0,0
FBgn0054031,10,23,27,19
FBgn0054033,0,0,1,0
FBgn0054034,8,6,2,7
FBgn0038156,4,4,2,1
FBgn0053635,686,1044,1179,1124
FBgn0053465,1,0,1,0
FBgn0053798,0,0,0,0
FBgn0054038,0,0,3,4
FBgn0054039,1277,1624,2078,1619
FBgn0054040,0,0,0,0
FBgn0054041,0,0,0,0
FBgn0065110,13,4,9,7
FBgn0054043,2,3,7,4
FBgn0054044,0,0,0,0
FBgn0054045,0,0,0,0
FBgn0054046,26,23,71,81
FBgn0054047,0,0,0,0
FBgn0054049,0,0,0,0
FBgn0054051,0,0,0,0
FBgn0054052,1,0,0,1
FBgn0054054,0,0,2,1
FBgn0065108,0,0,0,0
FBgn0065109,0,0,0,0
FBgn0054056,24,18,46,50
FBgn0054057,17,13,28,19
FBgn0260453,0,0,0,0
FBgn0260454,0,0,0,0
FBgn0052529,2219,2159,3069,3228
FBgn0013696,2,1,0,0
FBgn0013703,0,0,1,1
FBgn0013700,0,0,0,0
FBgn0013680,1413,876,9762,5918
FBgn0013709,3,3,32,25
FBgn0013690,2,2,4,6
FBgn0013710,0,7,7,8
FBgn0013674,305095,326860,896467,786217
FBgn0013699,4,3,7,3
FBgn0013675,89905,101031,255672,218434
FBgn0013697,136,177,189,119
FBgn0013691,0,0,1,0
FBgn0013673,18,27,12,17
FBgn0013672,61458,50480,267932,236299
FBgn0013676,192202,215263,627471,517523
FBgn0013694,50,16,252,276
FBgn0013681,12162,8276,25451,20965
FBgn0013689,27,18,498,551
FBgn0013704,189,15,156,216
FBgn0013701,0,0,0,0
FBgn0013705,3,0,0,1
FBgn0013692,0,0,0,0
FBgn0013693,0,0,0,1
FBgn0013684,41227,26841,140931,144425
FBgn0013695,0,1,0,0
FBgn0013683,137,21,136,110
FBgn0013707,2,0,1,0
FBgn0013702,1,0,23,5
FBgn0013685,157,237,651,357
FBgn0013678,151586,125215,486937,439485
FBgn0013706,0,0,0,0
FBgn0013679,25758,21246,134120,115853
FBgn0013698,27,33,25,19
FBgn0013686,2474884,3518375,7929991,6334150
FBgn0013708,0,4,3,3
FBgn0013688,1059,585,3896,7563
FBgn0041004,0,6,0,2
FBgn0058191,9717,15202,15583,13910
FBgn0040011,19334,28789,25196,24830
FBgn0040009,0,1,1,1
FBgn0039958,9122,13072,14258,13288
FBgn0040038,0,0,0,0
FBgn0058006,1791,2383,3023,3203
FBgn0000384,4509,6506,9129,8469
FBgn0058005,8,10,19,17
FBgn0039966,2010,1627,3303,2794
FBgn0025837,66,83,35,36
FBgn0025836,7902,9859,10082,10636
FBgn0025835,8,10,3,5
FBgn0003559,2633,3159,4125,4115
FBgn0040514,465,450,1645,1748
FBgn0039943,5710,6423,7390,7018
FBgn0039942,7965,10327,8906,8151
FBgn0039941,42,48,385,335
FBgn0040031,0,0,35,46
FBgn0039965,6442,8165,9625,8524
FBgn0063670,2553,4331,8490,5750
FBgn0028697,107556,157959,204781,166898
FBgn0058002,446,619,507,358
FBgn0037549,9424,11236,11376,11624
FBgn0040022,8834,13410,13750,14639
FBgn0058160,2539,3864,5494,5139
FBgn0040056,9482,14922,18449,17014
FBgn0039955,20023,29326,25467,24961
FBgn0040045,49,42,40,27
FBgn0058198,0,0,0,1
FBgn0039959,21243,33021,42222,45587
FBgn0058298,11,21,97,151
FBgn0083936,0,0,1,1
FBgn0083992,3,2,1,0
FBgn0260451,0,0,0,0
FBgn0034389,6060,7189,6270,6194
FBgn0083938,0,0,0,0
FBgn0083940,860,941,980,1026
FBgn0083941,0,0,0,0
FBgn0083942,0,0,0,0
FBgn0083943,4,0,0,0
FBgn0083945,0,0,0,0
FBgn0083946,0,0,0,0
FBgn0083949,1,0,1,0
FBgn0083950,0,0,0,0
FBgn0083951,11,25,32,56
FBgn0083952,197,228,387,335
FBgn0083953,1388,1254,2251,1653
FBgn0083956,231,228,1997,2039
FBgn0083960,10,5,27,28
FBgn0083961,1069,644,3433,2740
FBgn0083962,6950,7751,8195,8211
FBgn0083963,0,0,0,0
FBgn0083965,0,0,0,0
FBgn0083966,0,0,0,0
FBgn0083967,0,0,0,0
FBgn0083968,5143,7968,8237,6370
FBgn0083969,8500,9850,7776,7500
FBgn0083970,221,209,246,218
FBgn0083971,0,0,0,0
FBgn0083972,1,4,8,5
FBgn0083973,8,4,3,9
FBgn0083974,0,0,0,0
FBgn0083975,2,0,1,0
FBgn0083976,0,0,0,0
FBgn0083977,770,470,743,652
FBgn0083978,38,38,185,197
FBgn0083979,0,0,0,0
FBgn0083981,3,6,13,6
FBgn0083983,883,1020,1395,830
FBgn0083984,860,1427,1701,1367
FBgn0083985,779,852,1007,909
FBgn0083986,482,591,673,525
FBgn0083987,108,47,256,156
FBgn0083988,15,11,23,29
FBgn0083989,4,10,13,13
FBgn0083990,8,16,143,87
FBgn0083991,0,0,3,1
FBgn0026401,20808,31383,39346,40992
FBgn0002566,5688,9319,10278,10227
FBgn0016976,0,0,0,0
FBgn0016975,0,0,0,0
FBgn0003256,5495,8985,15456,13293
FBgn0032997,5443,8399,9073,9139
FBgn0039979,4,0,1,2
FBgn0040759,1,0,0,0
FBgn0052218,275,391,275,308
FBgn0033000,5604,8319,18336,14895
FBgn0064225,195111,275701,345696,291722
FBgn0051144,47,79,14,5
FBgn0040007,38837,64855,130517,85161
FBgn0010247,7378,11724,23678,22150
FBgn0020908,69,94,965,913
FBgn0011288,4,8,10,8
FBgn0084001,0,0,0,0
FBgn0046692,8327,12791,23009,20619
FBgn0084017,0,0,0,0
FBgn0039994,13836,20979,23832,22270
FBgn0084008,0,1,1,0
FBgn0044510,5203,8019,12764,10781
FBgn0058439,0,0,1,0
FBgn0044872,1,6,0,1
FBgn0083994,0,0,0,0
FBgn0040005,7375,11364,16385,15685
FBgn0069973,2,3,3,7
FBgn0084049,3,1,2,1
FBgn0058053,0,0,0,0
FBgn0069938,3,0,0,1
FBgn0058470,8,25,183,172
FBgn0040010,8122,10779,16103,14936
FBgn0058045,14766,20675,45005,37239
FBgn0082968,1,0,1,2
FBgn0039987,1,2,0,0
FBgn0083048,31,22,48,52
FBgn0082999,32,38,116,109
FBgn0083121,95,143,178,167
FBgn0082924,0,0,0,0
FBgn0082966,23,28,65,71
FBgn0083018,0,5,1,4
FBgn0083036,1,2,3,10
FBgn0039946,947,1017,1277,1201
FBgn0083010,9,10,26,19
FBgn0082927,13,13,31,49
FBgn0040799,2,0,0,0
FBgn0082944,18,19,44,46
FBgn0082970,1,0,1,1
FBgn0083034,0,0,6,1
FBgn0082997,13,14,34,35
FBgn0083009,9,8,10,20
FBgn0082974,16,17,24,38
FBgn0082933,0,0,0,0
FBgn0083015,69,93,161,184
FBgn0083124,3626,6954,5177,4690
FBgn0082960,0,5,6,5
FBgn0082990,0,0,0,0
FBgn0058182,1,3,0,0
FBgn0082936,0,0,0,0
FBgn0083041,4,7,14,29
FBgn0083031,1,1,8,8
FBgn0082967,15,25,32,31
FBgn0083022,23,13,6,6
FBgn0082961,34,55,71,57
FBgn0082987,18,11,20,15
FBgn0046706,6796,11309,21316,19396
FBgn0083017,1,2,0,0
FBgn0082947,22,15,113,116
FBgn0039944,130,195,80,86
FBgn0083123,1534,2634,5370,4883
FBgn0001313,0,0,0,0
FBgn0083057,7,10,6,11
FBgn0037997,3,2,0,0
FBgn0083003,12,26,59,63
FBgn0039977,6384,10888,14688,13872
FBgn0082963,2,1,0,10
FBgn0083053,3,8,3,6
FBgn0082931,20,36,93,97
FBgn0082943,17,21,44,58
FBgn0058354,624,764,1068,1003
FBgn0083040,14,17,44,40
FBgn0082949,24,37,128,109
FBgn0082928,12,24,40,40
FBgn0046323,0,0,0,0
FBgn0082973,2,2,2,3
FBgn0051514,2,2,4,0
FBgn0083045,4,6,1,1
FBgn0058461,7,9,10,5
FBgn0082923,10,18,26,36
FBgn0058469,568,1003,377,212
FBgn0082994,12,8,9,13
FBgn0083029,6,5,10,9
FBgn0082951,3,9,5,9
FBgn0082979,22,37,41,56
FBgn0082969,1,2,9,3
FBgn0058068,0,0,0,1
FBgn0039945,0,0,0,0
FBgn0082932,0,0,0,0
FBgn0040682,2,2,2,3
FBgn0082976,5,7,4,10
FBgn0082978,15,48,75,64
FBgn0028993,230,365,2444,1960
FBgn0082926,18,6,51,82
FBgn0024804,5168,8012,12828,12461
FBgn0083001,16,21,29,14
FBgn0027341,66,108,55,66
FBgn0063368,1,3,0,2
FBgn0069923,2322,3334,6143,3669
FBgn0083014,4,4,1,2
FBgn0082940,1,5,8,9
FBgn0083016,3,4,3,6
FBgn0058064,0,0,0,0
FBgn0032914,2,2,4,7
FBgn0083008,1,7,6,5
FBgn0083044,10,15,9,10
FBgn0058178,1717,2622,10396,8940
FBgn0083050,24,35,62,46
FBgn0083033,0,2,1,6
FBgn0083039,8,22,22,10
FBgn0082988,22,28,36,47
FBgn0082975,9,5,7,16
FBgn0083032,1,6,3,0
FBgn0082919,46,33,150,161
FBgn0083012,9,11,12,12
FBgn0260469,78,108,74,85
FBgn0083055,7,26,25,32
FBgn0083046,3,3,0,2
FBgn0082989,16,15,21,26
FBgn0082929,15,21,77,79
FBgn0082972,3,8,1,1
FBgn0082937,8,6,32,14
FBgn0082941,12,16,37,48
FBgn0082983,20,18,16,28
FBgn0082950,0,0,17,13
FBgn0083000,21,30,61,68
FBgn0040020,5863,8746,12562,10043
FBgn0083013,10,26,18,20
FBgn0040531,1,0,0,3
FBgn0083028,0,0,0,0
FBgn0082995,8,6,12,18
FBgn0083023,1,1,4,2
FBgn0082946,12,14,33,22
FBgn0058263,2836,3996,12223,10794
FBgn0083120,557,909,978,761
FBgn0083026,1,4,2,3
FBgn0082922,14,11,4,21
FBgn0082981,14,16,9,17
FBgn0083058,9,3,1,20
FBgn0082939,9,12,37,42
FBgn0083004,14,29,64,56
FBgn0046698,0,0,0,0
FBgn0040565,0,0,0,0
FBgn0063298,16,15,1,2
FBgn0058441,0,0,0,0
FBgn0040973,0,1,2,1
FBgn0082957,9,2,8,11
FBgn0083011,5,18,26,27
FBgn0083020,2,2,4,5
FBgn0082958,3,3,11,10
FBgn0082938,0,0,0,0
FBgn0039993,7226,11167,15089,14253
FBgn0083049,20,23,42,51
FBgn0033145,0,0,0,0
FBgn0082934,0,0,0,0
FBgn0083042,4,13,23,22
FBgn0082952,3,7,22,25
FBgn0083037,1,3,3,0
FBgn0082993,0,0,0,0
FBgn0082953,36,82,123,106
FBgn0082986,21,19,29,38
FBgn0082971,13,4,6,10
FBgn0032631,0,0,0,0
FBgn0046697,0,0,0,0
FBgn0082945,10,18,60,45
FBgn0082948,10,15,57,103
FBgn0082930,26,5,60,64
FBgn0082925,28,33,138,142
FBgn0083027,231,364,365,353
FBgn0082942,31,36,115,148
FBgn0083025,1,6,3,3
FBgn0083005,11,29,33,31
FBgn0061188,0,0,0,0
FBgn0083035,0,5,5,6
FBgn0082935,0,0,0,0
FBgn0083054,6,13,3,5
FBgn0083006,22,19,44,35
FBgn0082998,13,38,48,44
FBgn0083021,5,3,5,9
FBgn0083030,3,2,5,4
FBgn0069969,6,4,232,283
FBgn0083047,13,34,72,65
FBgn0082959,2,3,12,4
FBgn0083007,3,2,2,10
FBgn0082954,13,19,11,21
FBgn0058100,121,138,53,69
FBgn0083038,2,7,7,3
FBgn0020660,0,96,4,0
FBgn0083024,1,0,0,0
FBgn0040001,53,46,210,364
FBgn0082980,42,87,67,52
FBgn0082962,18,27,62,54
FBgn0085188,4416,4596,6293,5270
FBgn0085190,0,0,3,1
FBgn0085191,0,0,0,0
FBgn0085192,1126,1633,3659,2841
FBgn0085193,0,0,0,0
FBgn0085194,0,0,0,0
FBgn0085195,37,23,63,46
FBgn0085196,0,0,0,0
FBgn0085197,2,0,0,0
FBgn0085198,0,0,0,0
FBgn0085199,0,0,0,0
FBgn0085200,0,1,0,0
FBgn0085201,4,6,15,15
FBgn0085202,0,0,0,0
FBgn0085203,851,1303,1433,1219
FBgn0085204,0,0,0,0
FBgn0085205,0,0,0,0
FBgn0085206,0,0,0,0
FBgn0085207,0,0,0,0
FBgn0085208,0,0,0,0
FBgn0085209,1,1,1,1
FBgn0085210,0,0,0,0
FBgn0085211,0,1,0,0
FBgn0085212,1175,1515,2396,1859
FBgn0085213,5,7,12,10
FBgn0085214,0,0,0,0
FBgn0085217,2,2,0,0
FBgn0085218,0,0,0,0
FBgn0085219,0,0,0,0
FBgn0085220,2609,3649,5107,3583
FBgn0085222,0,0,0,0
FBgn0085223,27,20,8,17
FBgn0085224,2321,3069,3842,3141
FBgn0085225,0,0,0,0
FBgn0085227,1,0,0,1
FBgn0085228,2,0,0,0
FBgn0085229,1654,2580,2943,2006
FBgn0085230,0,0,0,0
FBgn0085231,0,0,0,0
FBgn0085232,1,5,8,3
FBgn0085233,0,0,0,0
FBgn0085234,7,7,3,3
FBgn0085235,1,2,3,0
FBgn0085236,21,34,68,80
FBgn0085237,1,4,3,1
FBgn0085239,0,0,0,0
FBgn0085240,0,0,0,0
FBgn0085241,0,0,0,0
FBgn0085242,417,600,843,670
FBgn0085243,12,10,5,6
FBgn0085244,3,0,13,8
FBgn0085245,426,436,1022,963
FBgn0085246,8,10,3,2
FBgn0085248,28,22,22,30
FBgn0085249,111,110,115,139
FBgn0085250,13,7,63,44
FBgn0085252,0,2,0,0
FBgn0085253,0,0,0,1
FBgn0085254,0,0,0,0
FBgn0085256,0,0,0,0
FBgn0085257,737,1013,978,773
FBgn0085259,0,1,0,0
FBgn0085260,799,969,852,813
FBgn0085261,5,5,4,4
FBgn0085263,12,25,16,14
FBgn0085264,0,0,0,0
FBgn0085265,0,0,0,1
FBgn0085267,1,0,0,0
FBgn0085271,517,738,618,325
FBgn0085273,3,8,5,3
FBgn0085274,0,0,0,0
FBgn0085276,0,0,0,0
FBgn0085277,3,2,1,0
FBgn0085279,393,530,430,264
FBgn0085280,1,0,0,0
FBgn0085282,1,0,0,0
FBgn0085283,1,0,0,0
FBgn0085284,524,723,934,696
FBgn0085285,11,5,3,10
FBgn0085287,0,0,0,0
FBgn0085288,0,0,0,0
FBgn0085289,0,0,0,0
FBgn0085290,1908,2626,3498,2987
FBgn0085291,0,0,0,0
FBgn0085292,0,0,0,1
FBgn0085294,1,0,0,0
FBgn0085295,0,0,0,0
FBgn0085296,0,0,4,0
FBgn0085297,0,0,0,0
FBgn0085298,0,0,13,7
FBgn0085300,0,1,1,3
FBgn0085302,0,0,0,0
FBgn0085303,0,0,0,0
FBgn0085305,0,1,0,0
FBgn0085306,0,0,0,0
FBgn0085307,0,0,7,0
FBgn0085308,0,0,0,0
FBgn0085309,0,0,0,0
FBgn0085310,0,1,0,0
FBgn0085311,0,0,0,0
FBgn0085312,0,2,0,1
FBgn0085313,0,0,0,0
FBgn0085314,0,0,0,0
FBgn0085315,0,0,0,0
FBgn0085316,0,0,0,0
FBgn0085317,16,16,19,8
FBgn0085318,0,0,0,0
FBgn0085319,0,1,1,0
FBgn0085320,2,2,0,1
FBgn0085321,2,0,0,0
FBgn0085322,786,1010,1129,883
FBgn0085324,0,0,0,1
FBgn0085325,0,0,0,0
FBgn0085326,0,0,0,0
FBgn0085327,1,0,0,0
FBgn0085328,0,0,0,0
FBgn0085329,0,0,1,0
FBgn0085330,2,5,2,0
FBgn0085331,0,0,1,0
FBgn0085332,0,0,0,0
FBgn0085334,0,0,0,0
FBgn0085336,0,0,1,0
FBgn0085337,15,11,7,15
FBgn0085339,276,318,313,223
FBgn0085340,0,0,1,2
FBgn0085341,0,0,0,0
FBgn0085342,0,0,0,0
FBgn0085343,0,0,0,0
FBgn0085344,0,0,0,0
FBgn0085345,31,31,18,19
FBgn0085346,0,0,0,0
FBgn0085349,0,0,0,0
FBgn0085350,0,1,1,0
FBgn0085351,0,0,0,0
FBgn0085352,31,57,34,36
FBgn0085353,2,0,1,0
FBgn0085354,344,403,645,732
FBgn0085356,1,0,0,0
FBgn0085357,3,0,0,1
FBgn0085358,0,0,0,0
FBgn0085359,9,10,38,47
FBgn0085360,10,1,2,3
FBgn0085361,0,2,0,1
FBgn0085362,13286,9295,30562,24815
FBgn0085366,0,0,0,0
FBgn0085367,0,0,0,0
FBgn0085369,0,0,0,1
FBgn0085370,3151,3328,9818,10153
FBgn0085371,0,0,0,0
FBgn0085374,0,2,0,1
FBgn0085376,481,652,994,1103
FBgn0085377,1998,2340,2533,2306
FBgn0085380,2,0,1,2
FBgn0085382,9,16,14,19
FBgn0085383,1,0,3,4
FBgn0085384,24,35,41,51
FBgn0085385,2,2,2,7
FBgn0085386,4,2,9,24
FBgn0085387,17,26,49,43
FBgn0085390,47,26,53,50
FBgn0085391,1,0,1,1
FBgn0085395,43,68,1,0
FBgn0085396,0,0,0,0
FBgn0085397,61,152,91,185
FBgn0085398,0,0,0,0
FBgn0085399,2,2,12,37
FBgn0085400,444,645,887,968
FBgn0085404,0,3,4,4
FBgn0085405,614,631,951,954
FBgn0085408,987,951,1571,1800
FBgn0085409,25,36,405,331
FBgn0085410,134,87,178,142
FBgn0085411,3,4,3,2
FBgn0085412,456,615,1241,1542
FBgn0085413,27,62,4,4
FBgn0085414,1,0,0,0
FBgn0085415,0,2,0,0
FBgn0085417,2,3,7,4
FBgn0085419,2,2,2,1
FBgn0085420,0,0,0,0
FBgn0085421,793,512,1255,1138
FBgn0085422,0,0,0,0
FBgn0085423,7096,7743,9570,9735
FBgn0085424,39,48,22,67
FBgn0085425,28,31,46,64
FBgn0085426,10,25,46,42
FBgn0085427,118,195,157,272
FBgn0085428,4411,3808,4917,5009
FBgn0085430,8420,7433,11425,11909
FBgn0085431,1,2,6,4
FBgn0085432,2194,3079,2792,3131
FBgn0085433,1038,977,1050,1080
FBgn0085434,531,560,553,823
FBgn0085436,35620,43429,46252,48753
FBgn0085437,5063,4196,6704,6533
FBgn0085438,28,34,33,31
FBgn0085440,12,11,32,22
FBgn0085442,9401,9942,12313,12132
FBgn0085443,3433,3011,9646,9392
FBgn0085444,6817,7828,7645,7257
FBgn0085446,5813,7685,7653,9218
FBgn0085447,0,0,0,0
FBgn0085450,1123,1052,1156,1204
FBgn0085451,2817,1827,4908,5169
FBgn0085452,3,7,17,15
FBgn0085453,357,181,861,801
FBgn0085454,1,0,0,0
FBgn0085455,0,1,0,0
FBgn0085456,0,0,0,0
FBgn0085457,0,0,0,0
FBgn0085458,0,0,0,0
FBgn0085459,0,0,2,0
FBgn0085460,0,0,0,0
FBgn0085461,0,0,0,0
FBgn0085462,0,0,0,0
FBgn0085464,0,0,0,0
FBgn0085465,0,0,0,0
FBgn0085466,0,2,0,0
FBgn0085468,2717,2812,4311,2918
FBgn0085470,0,0,0,0
FBgn0085471,0,1,1,3
FBgn0085472,0,1,0,0
FBgn0085473,0,0,1,1
FBgn0085474,60,64,48,35
FBgn0085475,16,8,36,33
FBgn0085476,0,0,0,0
FBgn0085477,0,0,0,0
FBgn0085478,4389,4232,6091,5952
FBgn0085479,1,7,13,8
FBgn0085480,3,0,0,1
FBgn0085481,0,0,0,0
FBgn0085482,0,0,4,5
FBgn0085483,2,2,7,1
FBgn0085484,3507,4251,4601,4090
FBgn0085485,0,0,3,0
FBgn0085486,2,1,1,4
FBgn0085487,0,0,0,0
FBgn0085488,1,1,1,0
FBgn0085489,0,3,0,0
FBgn0085491,0,0,0,0
FBgn0085494,0,0,0,0
FBgn0085500,0,0,0,0
FBgn0085505,0,0,0,0
FBgn0085506,0,0,0,0
FBgn0085511,0,0,0,0
FBgn0085512,0,0,0,0
FBgn0085520,0,0,1,0
FBgn0085521,0,0,0,0
FBgn0085523,0,0,0,0
FBgn0085540,0,0,0,0
FBgn0085732,140,212,646,689
FBgn0085570,0,0,0,0
FBgn0085786,295,352,316,241
FBgn0085569,0,0,0,0
FBgn0085638,1254,2227,5164,4512
FBgn0085582,4,8,34,42
FBgn0085664,0,0,0,0
FBgn0085810,0,0,0,0
FBgn0085736,100,123,60,40
FBgn0085612,2,1,3,6
FBgn0085599,1,1,43,32
FBgn0085812,0,0,0,0
FBgn0085644,2,1,0,1
FBgn0085819,1,0,0,0
FBgn0085693,0,0,0,0
FBgn0085771,0,1,0,10
FBgn0085802,0,0,0,0
FBgn0085753,41,46,41,503
FBgn0085673,0,0,0,0
FBgn0085804,0,0,0,0
FBgn0085692,0,0,0,0
FBgn0085734,80,57,73,76
FBgn0085784,10,7,15,22
FBgn0085765,0,0,0,0
FBgn0085813,29,21,9,201
FBgn0085789,81,87,111,113
FBgn0085788,0,0,0,0
FBgn0085792,0,0,1,1
FBgn0085791,0,0,0,0
FBgn0085790,0,0,0,0
FBgn0085831,25,0,0,2
FBgn0086021,1,0,1,1
FBgn0086022,0,0,0,0
FBgn0086023,1,0,0,1
FBgn0086024,0,1,0,0
FBgn0086025,0,0,0,0
FBgn0086026,0,0,0,0
FBgn0086027,77,128,9,2
FBgn0086028,14,9,39,29
FBgn0086029,0,0,0,0
FBgn0086030,0,0,0,0
FBgn0086031,2,5,0,3
FBgn0086032,0,1,0,0
FBgn0086033,0,0,0,0
FBgn0086034,0,0,0,0
FBgn0086035,0,0,0,0
FBgn0086036,0,0,1,0
FBgn0086037,0,0,0,0
FBgn0086038,0,0,0,3
FBgn0086039,25,66,60,101
FBgn0086040,0,0,0,1
FBgn0086041,2,3,8,13
FBgn0086042,5,0,8,8
FBgn0086043,0,0,0,0
FBgn0086044,0,3,3,3
FBgn0086045,0,0,0,0
FBgn0086046,0,0,0,0
FBgn0086047,1,1,0,0
FBgn0086048,3,11,52,25
FBgn0086049,0,1,3,4
FBgn0086051,0,0,0,0
FBgn0086052,0,0,0,0
FBgn0086053,0,2,0,2
FBgn0086054,2,3,1,1
FBgn0086055,9,14,24,28
FBgn0086056,0,0,0,0
FBgn0086057,18,24,37,30
FBgn0086058,0,0,0,0
FBgn0086059,0,0,0,0
FBgn0086060,0,0,0,0
FBgn0086061,9,29,60,38
FBgn0086062,10,3,13,22
FBgn0086063,11,10,19,17
FBgn0086064,10,4,27,22
FBgn0086065,9,10,22,25
FBgn0086066,0,0,0,0
FBgn0086067,19,29,22,30
FBgn0086068,41,39,80,98
FBgn0086069,16,32,31,47
FBgn0086070,1,2,6,7
FBgn0086071,0,0,1,1
FBgn0086072,1,3,1,1
FBgn0086073,0,0,0,0
FBgn0086074,1,0,0,0
FBgn0086075,18,23,93,95
FBgn0086076,0,0,0,0
FBgn0086077,0,0,0,0
FBgn0086078,13,42,26,24
FBgn0086079,18,7,37,26
FBgn0086080,0,0,0,0
FBgn0086081,0,0,0,0
FBgn0086082,6,7,56,64
FBgn0086129,8437,10250,10410,10248
FBgn0086130,3118,3046,3847,3710
FBgn0086134,13891,14446,25756,23285
FBgn0086200,4,2,0,0
FBgn0086251,14241,19630,17332,16595
FBgn0086253,2912,2857,3792,3421
FBgn0086254,38895,49017,42722,38893
FBgn0086265,3685,2451,11095,9907
FBgn0086266,1938,1258,9257,8430
FBgn0086346,9224,8358,13749,13622
FBgn0086347,5854,6356,7239,7037
FBgn0086348,2,5,17,5
FBgn0086350,6944,9805,10915,10092
FBgn0086355,13462,8538,45641,39215
FBgn0086356,10583,10627,14972,14008
FBgn0086357,27036,26636,61409,57410
FBgn0086358,8253,7896,10723,10194
FBgn0086359,5122,5132,5004,5148
FBgn0086361,13720,17551,24819,25117
FBgn0086362,4463,5044,4865,4469
FBgn0086365,235,204,731,807
FBgn0086367,41,33,64,79
FBgn0086368,27,17,21,14
FBgn0086370,5232,5636,7913,7024
FBgn0086371,4349,5351,6521,6147
FBgn0086372,13580,16365,17932,18076
FBgn0086378,4138,6862,13761,11289
FBgn0086384,5904,5004,7559,6945
FBgn0086408,997,1006,1751,2444
FBgn0086442,9550,9011,12309,11793
FBgn0086443,17251,14959,24885,23128
FBgn0086444,1859,2054,2481,2316
FBgn0086445,2242,2613,2802,2580
FBgn0086446,1023,957,2350,1891
FBgn0086447,834,979,1748,1545
FBgn0086448,963,1630,2167,1857
FBgn0086450,84,54,235,237
FBgn0086451,13149,16133,18215,19073
FBgn0086472,79539,79856,137139,115373
FBgn0086519,3,2,5,3
FBgn0086532,4329,4545,7583,6981
FBgn0086533,11,31,33,48
FBgn0086558,29213,34760,35742,29603
FBgn0086600,10,17,2,8
FBgn0086601,8,12,40,47
FBgn0086602,23,16,49,37
FBgn0086603,88,132,165,175
FBgn0086604,34,33,76,66
FBgn0086605,4281,4903,5237,4558
FBgn0086608,338,525,453,604
FBgn0086610,0,0,0,0
FBgn0086611,0,0,0,0
FBgn0086613,5120,6187,6573,6768
FBgn0086655,4172,4113,5290,5080
FBgn0086656,6990,9067,9675,9272
FBgn0086657,4505,5613,5499,5359
FBgn0086658,2,6,0,3
FBgn0086659,17,22,6,12
FBgn0086660,10,3,12,7
FBgn0086661,12,3,25,26
FBgn0086662,31,39,29,27
FBgn0086663,13,11,66,84
FBgn0086664,18,14,41,45
FBgn0086665,15,22,40,39
FBgn0086666,73,137,108,108
FBgn0086667,4,8,3,24
FBgn0086668,20,14,28,24
FBgn0086669,11,14,1,8
FBgn0086670,10,10,5,10
FBgn0086671,16,25,34,36
FBgn0086672,20,41,64,75
FBgn0086673,0,0,0,0
FBgn0086674,1674,2316,2455,2307
FBgn0086675,6,9,2,9
FBgn0086676,7333,7489,9957,10442
FBgn0086677,0,1,0,0
FBgn0086679,3747,3765,3804,3774
FBgn0086680,7,8,9,19
FBgn0086681,52,82,63,66
FBgn0086683,6574,9064,10178,9370
FBgn0085407,30,57,49,54
FBgn0086686,8747,9167,11118,11420
FBgn0086687,37592,40911,60152,59262
FBgn0086690,4042,4743,5642,5700
FBgn0086691,4489,5510,8003,6369
FBgn0086693,14,9,13,7
FBgn0086694,10392,10571,11951,11342
FBgn0086695,4509,3101,6493,5825
FBgn0086698,2085,1803,1770,1605
FBgn0086704,55,45,161,173
FBgn0086706,24843,26018,35508,34371
FBgn0086707,11673,14884,16445,15637
FBgn0086708,364,387,485,535
FBgn0086710,43311,39026,102686,79931
FBgn0086711,6641,7246,9429,8947
FBgn0086712,3224,2782,5055,4621
FBgn0086757,2965,3522,3305,3015
FBgn0086758,25,26,135,109
FBgn0086768,2058,1559,4030,3644
FBgn0086778,1,1,3,4
FBgn0086779,8934,12234,13550,12462
FBgn0086782,0,0,0,0
FBgn0086784,4458,4100,5541,5339
FBgn0086785,1477,1449,2369,2054
FBgn0086855,9770,11200,9962,9466
FBgn0086856,3538,4777,6222,5561
FBgn0086895,6864,8829,6879,6678
FBgn0086898,2122,2508,1336,1221
FBgn0086900,0,0,0,0
FBgn0086901,946,1119,1315,1457
FBgn0086904,42257,38456,104157,96711
FBgn0086906,307,418,765,996
FBgn0086907,3,5,6,10
FBgn0086908,6549,6716,8206,8131
FBgn0086909,1084,1288,2699,2767
FBgn0086912,11405,13631,16738,14970
FBgn0086913,1,0,1,0
FBgn0086915,4,3,6,4
FBgn0086916,0,0,0,1
FBgn0086917,3,4,8,2
FBgn0087002,163,296,2097,2421
FBgn0087005,1,9,0,7
FBgn0087007,2054,2168,4107,4096
FBgn0087008,18687,16136,21173,21037
FBgn0087011,13,43,236,252
FBgn0087012,11,17,12,15
FBgn0087013,50112,48706,70804,72134
FBgn0087021,2623,3620,5062,4162
FBgn0087035,13724,15396,20909,21391
FBgn0087039,2461,3448,662,683
FBgn0087040,49705,46914,75151,67353
FBgn0087041,0,0,0,0
FBgn0243486,18,25,22,23
FBgn0243511,6344,6010,8342,8141
FBgn0243512,5640,6012,4768,5010
FBgn0243513,1400,1857,1663,1339
FBgn0243514,2,3,7,5
FBgn0243516,4417,4117,5859,5859
FBgn0243586,0,0,0,0
FBgn0250731,0,0,0,0
FBgn0250732,6547,7358,6881,6808
FBgn0250746,12159,9843,23264,20892
FBgn0250753,83175,115896,118555,117110
FBgn0250754,11516,13574,18442,18562
FBgn0250755,1001,1122,1412,1452
FBgn0250757,1,1,1,0
FBgn0250785,6314,5359,6888,6296
FBgn0250786,15892,15072,18219,17756
FBgn0250788,5147,4162,9392,10403
FBgn0250789,8924,6967,13985,14804
FBgn0250791,7501,8910,12704,12145
FBgn0250814,5949,3124,28395,24734
FBgn0250815,0,0,0,0
FBgn0250816,13168,20649,31373,29941
FBgn0250817,0,0,0,0
FBgn0250819,93,152,241,294
FBgn0250820,4956,4925,7342,6141
FBgn0250821,3,8,0,0
FBgn0250822,1,1,10,8
FBgn0250823,20914,27365,24065,24723
FBgn0250824,24,28,21,2
FBgn0250825,0,1,0,0
FBgn0250826,0,0,0,0
FBgn0250827,1,0,0,0
FBgn0250830,6317,9137,9175,9114
FBgn0250831,0,0,0,0
FBgn0250832,0,0,0,0
FBgn0250833,1,0,1,0
FBgn0250834,0,4,0,0
FBgn0250835,99,108,95,132
FBgn0250836,0,1,3,2
FBgn0250837,13434,10172,33761,27168
FBgn0250838,8483,9109,14963,12697
FBgn0250839,2,8,3,4
FBgn0250841,0,0,0,0
FBgn0250842,0,0,0,1
FBgn0250843,15417,13517,31504,29145
FBgn0250844,2,0,0,0
FBgn0250845,1,1,0,0
FBgn0250846,1,0,0,0
FBgn0250847,0,0,0,1
FBgn0250848,146936,139824,206084,196127
FBgn0250849,0,0,0,0
FBgn0250850,16033,19507,24240,24215
FBgn0250851,0,0,0,0
FBgn0250862,78,85,286,373
FBgn0250867,373,504,989,1009
FBgn0250868,1476,2361,3354,2504
FBgn0250869,4998,5934,15994,14867
FBgn0250871,289,300,600,673
FBgn0250874,4206,3062,6692,6380
FBgn0250903,0,0,0,0
FBgn0250904,4,9,1,1
FBgn0250906,16559,13321,40157,32666
FBgn0250907,424,458,1197,1711
FBgn0250908,0,3,0,0
FBgn0250910,6,0,0,1
FBgn0250911,0,0,0,0
FBgn0259098,3,10,13,11
FBgn0259099,2,0,3,4
FBgn0259101,4,5,1,1
FBgn0259108,48,54,49,93
FBgn0259110,7,11,1,1
FBgn0259111,37,19,635,674
FBgn0259112,827,1080,760,664
FBgn0259113,12277,14427,13434,13099
FBgn0259139,11135,11773,13264,14089
FBgn0259140,65,104,36,35
FBgn0259143,4576,5290,5485,5154
FBgn0259145,14,15,8,21
FBgn0259146,0,0,0,0
FBgn0259148,0,0,0,0
FBgn0259149,0,0,0,0
FBgn0259150,7,11,10,11
FBgn0259151,8,9,9,3
FBgn0259152,7388,10370,10053,9868
FBgn0259162,0,0,0,0
FBgn0259163,776,829,509,611
FBgn0259164,89,94,115,96
FBgn0259166,3379,2758,5415,4892
FBgn0259167,8,13,12,26
FBgn0259168,9367,9983,13575,13852
FBgn0259170,3001,3413,3622,3647
FBgn0259171,680,601,1237,1270
FBgn0259173,67,88,186,192
FBgn0259174,16761,20097,24004,23128
FBgn0259175,446,369,833,893
FBgn0259176,22993,28766,27873,28453
FBgn0259178,2571,3099,3163,2949
FBgn0259179,0,1,2,0
FBgn0259183,0,0,0,0
FBgn0259184,0,0,0,0
FBgn0259185,1,2,0,0
FBgn0259186,0,0,0,0
FBgn0259187,0,0,0,0
FBgn0259188,1,2,6,2
FBgn0259189,0,4,0,0
FBgn0259190,0,3,1,4
FBgn0259192,0,6,1,5
FBgn0259193,0,0,0,0
FBgn0259194,0,0,0,0
FBgn0259195,1,3,1,0
FBgn0259196,0,0,1,0
FBgn0259198,0,0,0,0
FBgn0259199,0,0,0,0
FBgn0259200,0,0,0,0
FBgn0259201,0,0,0,0
FBgn0259202,0,0,0,0
FBgn0259203,1,0,1,3
FBgn0259204,0,0,0,0
FBgn0259209,121,185,341,292
FBgn0259210,0,0,0,0
FBgn0259211,11,6,15,12
FBgn0259212,15071,15750,16384,16964
FBgn0259213,0,0,1,2
FBgn0259214,21208,30876,30366,32620
FBgn0259215,0,3,0,1
FBgn0259216,20,38,70,70
FBgn0259219,0,2,2,0
FBgn0259221,4521,5076,4563,4733
FBgn0259222,0,1,2,3
FBgn0259223,5,5,8,3
FBgn0259224,6,28,583,592
FBgn0259226,4,0,7,7
FBgn0259227,7360,7554,6198,6303
FBgn0259228,4144,4527,6660,7084
FBgn0259229,1,0,0,0
FBgn0259230,1,0,1,0
FBgn0259231,0,0,0,0
FBgn0259233,12,8,22,11
FBgn0259234,3237,3602,3283,3437
FBgn0259236,23,33,55,35
FBgn0259237,0,0,0,1
FBgn0259238,2167,2573,4676,3891
FBgn0259239,0,1,0,0
FBgn0259241,0,0,1,0
FBgn0259242,120,111,118,134
FBgn0259243,9481,11130,14606,13524
FBgn0259244,41,37,2094,2082
FBgn0259245,56,47,59,55
FBgn0259246,14,6,38,33
FBgn0259247,2029,2636,2393,2486
FBgn0259481,4012,3682,5935,5600
FBgn0259482,2460,3841,4472,3579
FBgn0259483,7523,7456,11894,10554
FBgn0259676,4710,4037,7022,6618
FBgn0259677,5,9,31,68
FBgn0259678,89,77,109,106
FBgn0259680,61,76,101,105
FBgn0259682,39583,36890,71335,63000
FBgn0259683,21,15,208,139
FBgn0259685,7900,8564,10222,10671
FBgn0259697,117,146,545,571
FBgn0259699,0,0,0,0
FBgn0259700,3,2,0,2
FBgn0259701,0,0,0,0
FBgn0259702,0,0,0,0
FBgn0259703,0,0,0,0
FBgn0259704,2612,2450,3440,3162
FBgn0259705,861,929,1828,1598
FBgn0259707,82,87,109,109
FBgn0259708,0,0,0,0
FBgn0259709,0,0,0,0
FBgn0259710,0,7,2,9
FBgn0259711,1316,1915,2001,1770
FBgn0259712,5,1,6,5
FBgn0259713,2,4,2,4
FBgn0259714,3,19,45,59
FBgn0259715,14,6,18,13
FBgn0259716,1,2,3,7
FBgn0259717,0,0,0,0
FBgn0259718,0,0,0,0
FBgn0259720,0,0,0,0
FBgn0259721,0,0,0,0
FBgn0259722,1607,2507,3630,2794
FBgn0259725,0,0,0,0
FBgn0259726,0,0,0,0
FBgn0259727,0,0,0,0
FBgn0259728,539,540,488,503
FBgn0259729,0,0,0,0
FBgn0259730,0,0,0,0
FBgn0259731,0,0,0,0
FBgn0259732,0,0,0,0
FBgn0259733,0,0,0,0
FBgn0259734,11172,10898,14862,15541
FBgn0259735,9302,9683,11391,11529
FBgn0259736,167,175,374,381
FBgn0259737,6,18,13,14
FBgn0259738,0,0,1,0
FBgn0259739,2,1,0,0
FBgn0259740,126,175,233,291
FBgn0259741,11,17,18,11
FBgn0259742,3946,5523,5263,4997
FBgn0259745,27767,33739,31713,31539
FBgn0259748,1,0,0,0
FBgn0259749,6434,5653,9410,8408
FBgn0259785,18129,18334,25337,24682
FBgn0259789,9857,9589,11026,11154
FBgn0259791,5637,5289,6172,5857
FBgn0259794,3,3,0,4
FBgn0259795,7,3,1,0
FBgn0259817,0,0,0,0
FBgn0259818,134,198,241,276
FBgn0259821,6,12,10,12
FBgn0259822,306,387,141,152
FBgn0259823,19,13,6,14
FBgn0259824,7822,7995,9853,9429
FBgn0259831,0,0,0,0
FBgn0259832,349,426,804,633
FBgn0259834,13354,14880,12280,11753
FBgn0259837,0,0,0,0
FBgn0259838,0,0,0,0
FBgn0259839,0,0,0,0
FBgn0259840,0,0,0,0
FBgn0259841,0,0,0,0
FBgn0259842,0,0,0,0
FBgn0259843,0,0,0,0
FBgn0259845,0,0,0,0
FBgn0259846,0,0,0,0
FBgn0259847,0,0,0,0
FBgn0259848,0,0,0,0
FBgn0259849,0,0,0,0
FBgn0259850,0,0,0,0
FBgn0259851,0,0,0,0
FBgn0259852,0,0,0,0
FBgn0259853,0,0,0,0
FBgn0259855,0,0,0,0
FBgn0259856,0,0,0,0
FBgn0259857,0,0,0,0
FBgn0259858,0,0,0,0
FBgn0259859,0,0,0,0
FBgn0259860,0,0,0,0
FBgn0259861,0,0,0,0
FBgn0259862,0,0,0,0
FBgn0259863,0,0,0,0
FBgn0259864,0,0,0,0
FBgn0259869,0,0,0,0
FBgn0259870,0,0,0,0
FBgn0259875,0,0,0,0
FBgn0259876,9928,10293,11425,10988
FBgn0259878,773,844,633,600
FBgn0259896,2,0,17,8
FBgn0259916,2696,3951,3685,3299
FBgn0259917,0,0,0,0
FBgn0259918,0,0,0,0
FBgn0259922,0,0,0,0
FBgn0259923,2909,3407,4152,4344
FBgn0259926,0,0,5,2
FBgn0259927,113,136,90,105
FBgn0259932,0,0,0,0
FBgn0259933,0,0,0,0
FBgn0259935,12,16,25,18
FBgn0259936,4263,7497,9786,8266
FBgn0259937,50804,51426,78162,74727
FBgn0259938,4291,4885,8233,8755
FBgn0259949,0,0,0,0
FBgn0259950,0,1,0,0
FBgn0259951,0,0,0,0
FBgn0259952,0,0,0,0
FBgn0259953,0,0,0,0
FBgn0259954,0,0,0,0
FBgn0259955,0,0,0,0
FBgn0259956,0,0,0,0
FBgn0259957,0,0,0,0
FBgn0259958,0,0,0,0
FBgn0259959,0,0,0,0
FBgn0259960,0,0,0,0
FBgn0259961,0,0,0,0
FBgn0259962,0,0,0,0
FBgn0259963,0,0,0,0
FBgn0259964,0,0,0,0
FBgn0259965,0,0,0,1
FBgn0259966,0,0,0,0
FBgn0259967,0,0,0,1
FBgn0259968,0,0,0,0
FBgn0259969,0,0,0,0
FBgn0259970,0,0,0,0
FBgn0259971,0,0,0,0
FBgn0259972,0,0,0,0
FBgn0259973,0,0,0,0
FBgn0259974,0,0,0,0
FBgn0259975,0,0,0,0
FBgn0259977,39,38,119,95
FBgn0259978,21149,26532,25066,23886
FBgn0259979,15172,19941,24478,23238
FBgn0259982,1411,2006,2876,2192
FBgn0259984,7369,7620,12061,13056
FBgn0259985,3214,4180,3187,2891
FBgn0259986,0,0,0,0
FBgn0259989,0,0,0,0
FBgn0259990,0,0,0,0
FBgn0259991,0,0,0,0
FBgn0259992,17,10,17,11
FBgn0259993,348,280,1501,1436
FBgn0259994,133,101,203,211
FBgn0259996,0,0,1,0
FBgn0259998,0,0,2,0
FBgn0260000,1,0,4,3
FBgn0260002,10,10,11,17
FBgn0260003,7622,7913,11309,12146
FBgn0260004,56,106,173,139
FBgn0260005,594,662,1198,1326
FBgn0260006,1151,1134,2604,3516
FBgn0260007,0,0,0,0
FBgn0260008,5344,8776,14540,10565
FBgn0260011,6,1,24,22
FBgn0260012,12285,13539,12284,12355
FBgn0260026,10,21,9,22
FBgn0260027,267,359,278,253
FBgn0260049,14941,14811,24093,23005
FBgn0260222,0,0,0,0
FBgn0260223,0,0,0,0
FBgn0260224,0,0,0,0
FBgn0260225,0,0,0,0
FBgn0260226,0,0,0,0
FBgn0260228,0,0,0,0
FBgn0260229,0,0,0,0
FBgn0260230,0,0,0,0
FBgn0260231,0,0,0,0
FBgn0260233,0,0,0,0
FBgn0260234,0,0,0,0
FBgn0260237,0,0,0,0
FBgn0260238,0,0,0,0
FBgn0260243,12140,14669,13254,12423
FBgn0260386,67,95,135,98
FBgn0260388,575,540,1403,1571
FBgn0260390,0,0,0,0
FBgn0260392,0,0,0,1
FBgn0260393,0,0,0,0
FBgn0260396,0,0,0,0
FBgn0260397,7587,9193,8306,8219
FBgn0260398,0,0,0,0
FBgn0260399,31826,36209,30545,29199
FBgn0260400,132,161,272,357
FBgn0260401,0,0,0,0
FBgn0260407,2446,2730,3708,3109
FBgn0260428,2,0,0,0
FBgn0260429,7,15,17,12
FBgn0260430,0,1,0,1
FBgn0260431,384,478,573,529
FBgn0260434,0,0,0,0
FBgn0260435,123,150,164,165
FBgn0260436,0,1,1,0
FBgn0260437,0,3,0,0
FBgn0260486,2614,3439,3537,4035
FBgn0260487,0,0,0,0
FBgn0260499,26,33,33,23
FBgn0260632,6281,6370,8757,8542
FBgn0260634,7737,8490,10113,10515
FBgn0260635,5668,5987,8720,8902
FBgn0260639,2764,3078,2147,1997
FBgn0260642,31,19,21,61
FBgn0260643,0,0,0,0
FBgn0260644,0,0,0,0
FBgn0260645,1,0,0,0
FBgn0260646,0,0,0,0
FBgn0260648,1171,1017,3155,2826
FBgn0260653,14,27,32,42
FBgn0260655,5547,7256,7526,7426
FBgn0260657,28,34,31,39
FBgn0260658,30,41,35,37
FBgn0260659,7764,8904,6765,6366
FBgn0260660,866,1205,1116,1449
FBgn0260713,0,0,0,0
FBgn0260718,0,0,0,0
FBgn0260719,0,0,0,0
FBgn0260720,19,19,128,140
FBgn0260721,0,0,0,0
FBgn0260722,3304,4939,3661,3455
FBgn0260741,2066,2514,2642,2459
FBgn0260742,4331,4692,4686,4355
FBgn0260743,10121,10597,11795,10953
FBgn0260744,5571,6507,6675,6326
FBgn0260745,3769,3204,7461,6164
FBgn0260746,1742,1581,4230,4084
FBgn0260747,7473,7881,14689,13167
FBgn0260748,6022,6603,7207,7518
FBgn0260749,8071,10618,9160,8832
FBgn0260750,2696,3397,4808,4280
FBgn0260753,61,94,89,106
FBgn0260755,1134,1511,2051,1815
FBgn0260756,1508,1500,2237,1838
FBgn0260758,17,30,28,20
FBgn0260759,0,0,0,0
FBgn0260760,0,0,0,0
FBgn0260761,0,0,0,0
FBgn0260762,0,0,0,0
FBgn0260763,3,4,3,6
FBgn0260764,8,3,8,7
FBgn0260766,10,9,15,19
FBgn0260767,0,0,0,0
FBgn0260768,548,695,856,850
FBgn0260770,0,0,0,0
FBgn0260771,6983,6595,10373,9482
FBgn0260775,0,0,0,0
FBgn0260776,3,0,0,0
FBgn0260777,0,0,0,0
FBgn0260779,1780,1707,2838,2575
FBgn0260780,52444,50784,68399,69695
FBgn0260789,8888,8611,8025,8182
FBgn0260793,0,0,0,0
FBgn0260794,40301,43839,42177,43542
FBgn0260795,19828,21237,28334,27998
FBgn0260798,6297,10003,14382,13750
FBgn0260799,10864,16958,25372,23907
FBgn0260812,43,35,1,4
FBgn0260817,2516,2556,4932,4658
FBgn0260855,7541,8603,10002,9484
FBgn0260856,1149,1196,1957,1765
FBgn0260857,1573,1501,2807,2518
FBgn0260858,6225,6784,6826,6278
FBgn0260859,2413,2132,3741,3523
FBgn0260860,897,1080,1664,1404
FBgn0260861,1305,1520,1902,1706
FBgn0260862,3184,3904,4070,3700
FBgn0260866,430,539,1636,1514
FBgn0260867,0,0,0,0
FBgn0260868,0,0,0,0
FBgn0260869,0,0,0,0
FBgn0260870,0,0,0,0
FBgn0260871,0,0,0,0
FBgn0260873,0,0,0,0
FBgn0260874,956,1134,2309,1982
FBgn0260932,533,682,835,807
FBgn0260933,177,201,2065,2025
FBgn0260934,24895,27999,29810,29556
FBgn0260935,1971,1947,2235,2287
FBgn0260936,13413,14209,15773,15892
FBgn0260938,3337,3579,4689,4909
FBgn0260940,1034,1153,1609,1482
FBgn0260941,4887,5501,7154,7081
FBgn0260942,863,991,2994,2575
FBgn0260943,51,85,118,139
FBgn0260944,3927,3858,7638,6651
FBgn0260945,7776,8459,10687,10652
FBgn0260953,0,0,0,0
FBgn0260954,0,0,0,0
FBgn0260955,0,1,3,1
FBgn0260959,10931,10786,10791,10373
FBgn0260960,10739,13915,15338,15486
FBgn0260962,16945,22349,22120,22649
FBgn0260964,89,49,195,216
FBgn0260965,2009,2717,3046,3132
FBgn0260967,3,2,4,3
FBgn0260968,0,2,5,2
FBgn0260969,0,1,1,0
FBgn0260970,13210,13610,15256,15535
FBgn0260971,6,5,7,5
FBgn0260972,4247,3816,7030,6329
FBgn0260985,7031,6551,11023,9756
FBgn0260986,3365,3099,7307,6343
FBgn0260987,12966,20069,24364,23655
FBgn0260990,7558,6688,10692,10056
FBgn0260991,11031,7808,18606,16766
FBgn0260995,0,5,2,3
FBgn0260996,0,1,0,0
FBgn0260997,0,2,63,47
FBgn0261004,6741,7383,8339,7764
FBgn0261006,0,0,0,0
FBgn0261014,58143,52963,104544,101829
FBgn0261015,0,3,2,1
FBgn0261016,23760,28777,40267,40988
FBgn0261019,0,0,0,0
FBgn0261020,3515,3968,4564,4282
FBgn0261041,18,8,25,14
FBgn0261046,12,13,35,45
FBgn0261049,2752,3169,2546,2501
FBgn0261053,231,292,679,877
FBgn0261054,0,0,0,0
FBgn0261055,1,2,2,5
FBgn0261057,0,0,0,0
FBgn0261058,2,1,0,1
FBgn0261059,0,1,0,0
FBgn0261060,0,0,2,0
FBgn0261061,0,0,1,0
FBgn0261064,3580,3720,3745,3472
FBgn0261065,5251,5654,7827,7171
FBgn0261067,1454,1585,2384,2096
FBgn0261068,3426,3737,8675,6388
FBgn0261085,1,2,2,2
FBgn0261086,17,9,21,21
FBgn0261089,22,6,32,50
FBgn0261090,1,1,0,0
FBgn0261108,7912,9046,10539,9707
FBgn0261109,2675,2742,4579,3857
FBgn0261111,465,362,688,684
FBgn0261112,3451,3875,5384,5093
FBgn0261113,2678,3295,4412,4795
FBgn0261119,6805,5864,10423,9740
FBgn0261238,12004,11383,10221,10079
FBgn0261239,5254,5555,4679,4497
FBgn0261243,9815,10020,13275,13361
FBgn0261244,6494,6886,7402,7821
FBgn0261245,3,1,2,0
FBgn0261258,2082,2441,3963,4120
FBgn0261260,3877,2966,9379,10975
FBgn0261261,2421,2255,3316,3090
FBgn0261262,3,3,4,4
FBgn0261266,1892,2269,2129,1961
FBgn0261267,1,0,0,0
FBgn0261268,10669,13505,12924,13651
FBgn0261269,86,157,132,140
FBgn0261270,12443,10697,16854,14823
FBgn0261274,5807,6547,5509,5014
FBgn0261276,8887,10231,11186,11118
FBgn0261277,11,2,26,13
FBgn0261278,22809,24017,32134,29250
FBgn0261279,10530,10731,15370,15214
FBgn0261283,13424,12830,12443,12683
FBgn0261284,656,664,1005,859
FBgn0261285,3093,3061,3817,3686
FBgn0261286,9394,11293,9505,9688
FBgn0261287,1,2,1,5
FBgn0261289,0,1,0,1
FBgn0261290,0,0,0,0
FBgn0261291,0,0,0,0
FBgn0261292,0,0,0,0
FBgn0261293,0,0,0,0
FBgn0261294,0,0,0,0
FBgn0261341,9,5,8,16
FBgn0261349,22,37,76,83
FBgn0261353,0,0,0,0
FBgn0261356,5,13,9,19
FBgn0261357,0,0,0,0
FBgn0261358,0,0,0,0
FBgn0261360,0,0,0,0
FBgn0261361,0,0,0,0
FBgn0261363,57,39,311,287
FBgn0261373,1442,1873,2448,2265
FBgn0261380,4282,4949,5535,5354
FBgn0261381,0,0,0,0
FBgn0261385,10473,9227,13169,12218
FBgn0261386,0,0,0,0
FBgn0261387,9153,12815,12322,11721
FBgn0261393,1936,2295,2638,2528
FBgn0261394,12044,9128,26992,23321
FBgn0261395,0,0,0,0
FBgn0261396,15035,12997,23540,21600
FBgn0261397,12906,16160,13694,13305
FBgn0261399,0,0,0,0
FBgn0261401,0,0,0,0
FBgn0261402,0,0,0,3
FBgn0261403,13158,21535,22387,22160
FBgn0261429,5,3,3,5
FBgn0261434,6,5,9,16
FBgn0261436,3159,3039,6873,5893
FBgn0261437,2410,3629,5200,4320
FBgn0261439,9969,9307,17741,17283
FBgn0261444,7199,7493,9238,9825
FBgn0261445,5648,5173,8751,8421
FBgn0261446,797,746,1375,1225
FBgn0261452,1,0,1,0
FBgn0261453,1,2,0,2
FBgn0261454,0,2,1,2
FBgn0261455,0,0,0,0
FBgn0261456,7309,8093,8948,9021
FBgn0261458,12670,10769,27861,26984
FBgn0261461,3149,2865,3241,2951
FBgn0261477,8670,9780,10341,10222
FBgn0261479,4807,3633,8473,7472
FBgn0261501,0,0,0,0
FBgn0261502,0,0,0,0
FBgn0261503,0,4,0,0
FBgn0261504,0,0,0,0
FBgn0261505,0,0,0,0
FBgn0261506,0,0,0,0
FBgn0261507,0,0,0,0
FBgn0261508,1,1,0,0
FBgn0261509,99,101,151,188
FBgn0261514,1,7,1,5
FBgn0261522,4,0,3,0
FBgn0261523,0,0,0,0
FBgn0261524,11264,10516,16066,15103
FBgn0261526,0,0,2,1
FBgn0261529,5,3,5,1
FBgn0261530,7105,8743,7558,7173
FBgn0261531,0,0,0,0
FBgn0261532,8242,8853,8613,8143
FBgn0261534,0,0,0,0
FBgn0261535,3463,3561,5458,5525
FBgn0261536,0,0,0,0
FBgn0261537,0,0,0,0
FBgn0261538,0,0,0,0
FBgn0261545,361,480,3532,3442
FBgn0261547,2947,2479,5083,5276
FBgn0261549,817,874,1002,1030
FBgn0261550,6741,6887,9800,9793
FBgn0261552,2212,2605,4746,6409
FBgn0261553,4122,4122,6318,6193
FBgn0261554,2928,2606,8077,7889
FBgn0261555,1135,1872,1585,2550
FBgn0261556,4355,4045,5590,5544
FBgn0261560,5369,5991,5562,4060
FBgn0261561,19,14,23,25
FBgn0261562,1919,1515,2570,2143
FBgn0261563,292,346,468,659
FBgn0261564,6996,7374,11466,10711
FBgn0261565,1231,1093,3055,3472
FBgn0261566,0,0,0,0
FBgn0261567,1,0,4,1
FBgn0261568,0,0,0,0
FBgn0261570,5923,5162,9549,9455
FBgn0261571,0,2,0,0
FBgn0261573,11139,11199,15315,14359
FBgn0261574,10504,14724,15195,16372
FBgn0261575,24,17,44,23
FBgn0261580,0,0,0,0
FBgn0261581,0,0,1,0
FBgn0261582,1,0,0,0
FBgn0261583,0,0,0,1
FBgn0261584,1510,2096,1483,1023
FBgn0261586,1,0,0,0
FBgn0261587,2,1,3,0
FBgn0261588,9,12,8,20
FBgn0261592,72124,54001,171052,159725
FBgn0261593,53191,51584,201267,152195
FBgn0261596,59349,50767,156712,151185
FBgn0261597,51541,39744,142374,132267
FBgn0261599,89531,115217,178115,145350
FBgn0261602,52816,27449,257629,231457
FBgn0261606,99790,77955,253819,219729
FBgn0261608,36544,49236,86729,70607
FBgn0261609,12198,10828,31488,29550
FBgn0261610,1474,1453,4013,3910
FBgn0261611,1,4,2,4
FBgn0261612,11,13,20,7
FBgn0261614,0,0,0,0
FBgn0261615,0,0,0,0
FBgn0261616,0,0,0,0
FBgn0261617,13770,11921,17299,17161
FBgn0261618,21832,25135,32560,35769
FBgn0261624,3,0,0,0
FBgn0261625,2768,2174,4060,3681
FBgn0261627,0,0,0,0
FBgn0261628,1,7,3,8
FBgn0261630,0,0,0,0
FBgn0261631,1,0,0,0
FBgn0261632,0,0,0,0
FBgn0261633,0,0,0,0
FBgn0261634,0,1,1,0
FBgn0261635,0,0,0,0
FBgn0261636,2,3,8,6
FBgn0261638,0,0,0,0
FBgn0261639,0,0,0,0
FBgn0261640,0,0,0,0
FBgn0261641,4927,5197,7528,7087
FBgn0261647,4225,4364,4484,4530
FBgn0261648,1,0,0,1
FBgn0261649,11,11,27,41
FBgn0261671,6716,7634,7419,8218
FBgn0261673,208,280,460,439
FBgn0261674,5317,6155,4040,4057
FBgn0261675,2,1,0,0
FBgn0261679,0,0,0,0
FBgn0261680,0,0,0,0
FBgn0261681,0,0,0,0
FBgn0261682,0,0,0,0
FBgn0261683,0,0,0,0
FBgn0261686,0,0,0,0
FBgn0261697,0,0,0,0
FBgn0261698,1451,1555,5108,4846
FBgn0261699,0,0,0,0
FBgn0261700,0,0,1,0
FBgn0261702,0,0,0,0
FBgn0261703,1271,1592,1418,1545
FBgn0261704,0,0,0,0
FBgn0261705,2,1,0,0
FBgn0261706,0,0,0,0
FBgn0261707,0,0,0,0
FBgn0261709,3,6,4,6
FBgn0261710,19524,15298,37222,38379
FBgn0261714,0,0,0,0
FBgn0261722,7019,7886,11151,10835
FBgn0261723,1,0,2,5
FBgn0261786,12100,11916,15115,14738
FBgn0261787,9429,10191,10141,9831
FBgn0261788,7,3,3,7
FBgn0261789,5657,5744,8607,7441
FBgn0261790,6528,7407,13644,11158
FBgn0261791,3188,2677,7369,5538
FBgn0261792,1353,1237,2092,1803
FBgn0261793,17809,23010,16232,16885
FBgn0261794,2706,3117,3855,4032
FBgn0261797,15442,15553,16718,17845
FBgn0261799,19,19,43,60
FBgn0261800,4338,5769,8784,10698
FBgn0261801,219,216,869,896
FBgn0261802,11197,11816,11364,11164
FBgn0261803,17,10,17,12
FBgn0261804,4,2,3,5
FBgn0261805,17,48,53,46
FBgn0261806,0,0,0,0
FBgn0261807,0,0,1,0
FBgn0261808,2720,2905,3905,3296
FBgn0261811,12607,12300,21395,21824
FBgn0261813,0,0,0,0
FBgn0261814,0,0,0,0
FBgn0261816,0,0,0,0
FBgn0261817,2,0,1,0
FBgn0261822,15055,21893,36741,38429
FBgn0261823,4773,5141,3770,3910
FBgn0261830,0,0,0,0
FBgn0261831,5,2,11,8
FBgn0261832,0,0,1,0
FBgn0261833,0,0,0,0
FBgn0261834,1,1,0,0
FBgn0261835,12,23,18,13
FBgn0261836,1061,1206,2523,3276
FBgn0261837,0,0,0,0
FBgn0261838,0,0,0,0
FBgn0261839,0,0,0,0
FBgn0261840,0,0,0,0
FBgn0261841,0,0,0,0
FBgn0261842,0,0,0,0
FBgn0261843,0,0,0,0
FBgn0261844,0,0,0,0
FBgn0261845,0,0,0,0
FBgn0261846,0,0,0,0
FBgn0261847,0,0,0,0
FBgn0261848,0,1,0,0
FBgn0261849,0,0,0,0
FBgn0261850,3695,3798,5582,5423
FBgn0261853,0,0,0,0
FBgn0261854,8155,9026,13729,13301
FBgn0261856,1,0,0,0
FBgn0261857,0,0,2,1
FBgn0261858,0,0,0,0
FBgn0261859,4260,4317,7500,7442
FBgn0261860,0,0,0,0
FBgn0261861,0,0,0,0
FBgn0261862,9511,9339,13062,12327
FBgn0261871,3,3,0,3
FBgn0261872,3183,3170,4144,4119
FBgn0261873,2942,2990,5296,5791
FBgn0261881,842,720,1536,1411
FBgn0261885,20464,18731,25591,25685
FBgn0261924,0,1,7,0
FBgn0261925,1,1,2,0
FBgn0261927,0,1,1,2
FBgn0261928,0,0,1,0
FBgn0261929,2,3,1,0
FBgn0261930,3,1,4,2
FBgn0261931,6468,5728,10505,10004
FBgn0261932,0,0,0,2
FBgn0261933,4121,4419,11201,9147
FBgn0261934,6542,6833,6364,6573
FBgn0261938,4704,4538,5332,4998
FBgn0261952,0,1,0,0
FBgn0261953,4,2,0,0
FBgn0261954,19109,20456,16861,17189
FBgn0261955,11321,12724,19304,19667
FBgn0261963,231,180,807,1086
FBgn0261973,0,0,0,0
FBgn0261974,0,0,0,0
FBgn0261975,175,216,1188,1110
FBgn0261976,1209,1258,2046,1635
FBgn0261983,3385,4078,3492,3527
FBgn0261984,5397,6251,4571,4510
FBgn0261985,8150,7442,10871,10392
FBgn0261986,9234,11842,8888,8792
FBgn0261987,80820,84957,110461,109419
FBgn0261988,6017,6454,8683,8473
FBgn0261989,2,4,11,7
FBgn0261990,36,44,94,72
FBgn0261991,0,0,0,0
FBgn0261992,0,0,0,0
FBgn0261993,0,0,0,0
FBgn0261994,0,0,0,0
FBgn0261995,2823,2481,5650,5308
FBgn0261996,0,0,0,1
FBgn0261997,0,0,0,0
FBgn0261998,3,1,3,4
FBgn0261999,20,43,57,60
FBgn0262000,0,0,0,1
FBgn0262001,35,22,50,68
FBgn0262002,4,2,0,0
FBgn0262003,123,136,252,226
FBgn0262004,162,238,418,313
FBgn0262005,0,1,1,1
FBgn0262006,0,0,0,0
FBgn0262007,1,0,0,0
FBgn0262008,0,0,0,0
FBgn0262009,0,0,5,2
FBgn0262010,0,0,0,0
FBgn0262017,0,0,0,0
FBgn0262018,1,3,9,12
FBgn0262020,0,0,0,0
FBgn0262021,0,0,0,0
FBgn0262022,0,0,0,0
FBgn0262023,0,0,0,0
FBgn0262024,0,0,0,0
FBgn0262025,0,0,0,0
FBgn0262026,0,0,0,0
FBgn0262027,1,0,0,0
FBgn0262028,2,0,5,7
FBgn0262029,25,21,44,38
FBgn0262030,0,0,0,0
FBgn0262031,4,2,0,0
FBgn0262033,0,0,0,0
FBgn0262035,2,5,7,16
FBgn0262036,1,0,0,0
FBgn0262057,52,45,57,69
FBgn0262081,10904,12910,13851,13940
FBgn0262097,3,0,0,0
FBgn0262098,0,0,0,0
FBgn0262099,0,0,0,0
FBgn0262100,3,0,0,0
FBgn0262101,4,8,5,4
FBgn0262102,3,1,1,0
FBgn0262103,4656,4080,4024,4105
FBgn0262104,45,110,907,621
FBgn0262105,0,0,0,0
FBgn0262106,1,0,2,1
FBgn0262107,2,1,0,3
FBgn0262108,1473,2039,1589,1248
FBgn0262109,28026,36529,45821,49796
FBgn0262111,15,13,58,49
FBgn0262112,210,230,566,520
FBgn0262114,16405,15776,22229,22723
FBgn0262115,9309,12838,12377,11497
FBgn0262116,6573,10522,15693,13011
FBgn0262117,12526,19782,17906,18171
FBgn0262123,128,205,708,729
FBgn0262124,13094,20759,31778,31129
FBgn0262125,10094,8410,16177,15441
FBgn0262126,12111,11474,16400,16860
FBgn0262127,4984,5334,4549,5109
FBgn0262139,5,16,58,80
FBgn0262140,0,0,0,0
FBgn0262141,5,2,8,9
FBgn0262142,6,5,2,0
FBgn0262143,2,0,1,0
FBgn0262144,0,0,0,0
FBgn0262146,3,0,1,1
FBgn0262148,17,20,29,44
FBgn0262149,3,13,8,16
FBgn0262150,0,0,0,0
FBgn0262160,2351,2385,4011,4788
FBgn0262163,3,0,0,1
FBgn0262166,2579,2767,3133,2899
FBgn0262167,5395,6785,5306,5116
FBgn0262169,1012,1204,4197,3987
FBgn0262170,0,0,0,0
FBgn0262351,0,0,0,0
FBgn0262352,99,110,153,92
FBgn0262353,60,92,196,152
FBgn0262354,0,0,0,0
FBgn0262355,0,0,0,0
FBgn0262356,0,0,0,0
FBgn0262357,0,0,0,0
FBgn0262358,0,0,0,0
FBgn0262359,0,0,0,0
FBgn0262360,0,1,0,0
FBgn0262361,0,0,0,0
FBgn0262362,0,0,0,0
FBgn0262363,0,0,0,0
FBgn0262364,18,20,48,26
FBgn0262365,0,0,0,0
FBgn0262366,1917,2698,1,11
FBgn0262467,4839,5488,7224,6518
FBgn0262473,20080,24243,21344,20865
FBgn0262475,690,683,1695,1696
FBgn0262476,1720,1672,2844,2358
FBgn0262477,1,0,0,0
FBgn0262478,0,0,0,0
FBgn0262479,0,0,6,2
FBgn0262480,0,0,1,1
FBgn0262481,3,3,2,4
FBgn0262482,0,0,0,0
FBgn0262483,4,1,1,3
FBgn0262484,0,1,30,14
FBgn0262485,2,3,0,0
FBgn0262486,0,0,0,0
FBgn0262487,1,1,0,0
FBgn0262508,142,166,287,352
FBgn0262509,78,158,209,323
FBgn0262510,0,0,0,1
FBgn0262511,15399,18333,22028,21752
FBgn0262512,5897,6271,11369,8991
FBgn0262513,0,0,0,0
FBgn0262514,2,0,0,0
FBgn0262515,15197,15064,23024,22240
FBgn0262516,0,0,0,0
FBgn0262517,8509,11722,10121,10503
FBgn0262518,11002,14228,12579,11979
FBgn0262519,22604,21030,35646,34501
FBgn0262524,1025,1006,1658,1400
FBgn0262527,14963,14129,18165,17792
FBgn0262528,0,0,0,0
FBgn0262529,0,0,1,0
FBgn0262530,0,0,0,0
FBgn0262531,11,15,11,14
FBgn0262532,0,0,1,0
FBgn0262533,0,3,0,0
FBgn0262534,2,6,3,5
FBgn0262535,0,0,0,0
FBgn0262536,0,0,0,0
FBgn0262537,0,0,0,0
FBgn0262538,0,0,1,1
FBgn0262539,0,1,1,0
FBgn0262540,0,1,1,0
FBgn0262541,0,2,0,2
FBgn0262542,0,0,0,0
FBgn0262543,0,0,0,0
FBgn0262544,0,0,0,0
FBgn0262546,0,0,0,0
FBgn0262547,0,0,0,0
FBgn0262559,20063,16138,39310,37288
FBgn0262560,4200,4166,5995,5609
FBgn0262562,443,329,940,904
FBgn0262563,160,223,221,165
FBgn0262564,0,1,0,0
FBgn0262565,0,0,0,3
FBgn0262566,0,0,0,0
FBgn0262567,386,367,859,613
FBgn0262568,4,0,0,2
FBgn0262569,1,0,0,0
FBgn0262570,42,83,58,34
FBgn0262571,0,0,0,0
FBgn0262572,0,0,0,0
FBgn0262574,1,0,1,0
FBgn0262575,0,0,0,0
FBgn0262576,0,0,0,0
FBgn0262577,25,23,39,47
FBgn0262579,6261,6581,8698,8961
FBgn0262580,12,26,38,36
FBgn0262581,0,0,0,0
FBgn0262582,10889,11049,13209,13398
FBgn0262583,0,0,0,0
FBgn0262587,0,0,0,0
FBgn0262588,0,0,0,0
FBgn0262592,0,0,0,0
FBgn0262593,28,26,32,49
FBgn0262594,0,0,0,0
FBgn0262595,0,0,0,0
FBgn0262598,12,14,6,27
FBgn0262599,15,10,28,35
FBgn0262601,2846,2511,12052,9034
FBgn0262604,0,0,0,1
FBgn0262605,0,0,0,0
FBgn0262606,2,0,3,0
FBgn0262607,0,1,1,0
FBgn0262608,31976,24114,48581,37163
FBgn0262609,412,438,335,157
FBgn0262610,0,0,0,0
FBgn0262611,0,0,0,0
FBgn0262612,0,0,0,0
FBgn0262613,7,0,3,1
FBgn0262614,10646,10473,16162,17542
FBgn0262616,0,0,0,0
FBgn0262617,2879,2585,2978,3147
FBgn0262619,8363,8654,12660,12327
FBgn0262620,305,418,1425,1173
FBgn0262621,0,0,0,0
FBgn0262622,18,10,15,17
FBgn0262623,0,0,0,0
FBgn0262624,2606,2006,5580,5212
FBgn0262631,33,48,69,76
FBgn0262636,262,279,720,760
FBgn0262647,9877,12435,13904,14235
FBgn0262656,15222,18109,16604,18634
FBgn0262679,0,2,0,1
FBgn0262680,0,0,0,3
FBgn0262681,0,0,0,0
FBgn0262682,5,5,19,13
FBgn0262683,0,1,3,2
FBgn0262685,19,33,16,7
FBgn0262686,289,402,549,364
FBgn0262687,6,1,2,0
FBgn0262688,0,0,0,0
FBgn0262689,9,11,8,4
FBgn0262690,0,0,0,0
FBgn0262699,4639,4630,6584,6223
FBgn0262714,5437,5142,5360,5381
FBgn0262716,9335,9988,15868,14295
FBgn0262717,166,147,129,150
FBgn0262719,16,9,19,7
FBgn0262721,1,0,2,0
FBgn0262722,0,7,1,0
FBgn0262728,0,1,0,0
FBgn0262730,6440,7464,7391,7825
FBgn0262731,4018,6327,12570,10476
FBgn0262732,13010,14003,19163,17454
FBgn0262733,12391,14621,16873,16405
FBgn0262734,22947,30767,43108,43489
FBgn0262736,85144,94907,118360,115004
FBgn0262737,16331,21076,25631,25200
FBgn0262738,7353,8743,8964,8862
FBgn0262739,13551,16204,19894,20851
FBgn0262740,4836,5132,6208,6251
FBgn0262741,0,0,0,0
FBgn0262743,49412,55038,60640,59208
FBgn0262782,18078,14381,42123,37068
FBgn0262786,0,0,0,0
FBgn0262787,0,0,0,0
FBgn0262788,0,0,0,1
FBgn0262789,0,0,0,0
FBgn0262790,0,0,0,0
FBgn0262791,0,0,0,0
FBgn0262794,0,0,0,1
FBgn0262795,0,0,0,0
FBgn0262801,5272,5177,9139,7713
FBgn0262806,0,2,0,0
FBgn0262807,0,0,0,0
FBgn0262808,0,0,0,0
FBgn0262810,0,0,0,0
FBgn0262811,0,0,0,0
FBgn0262812,1,0,0,0
FBgn0262813,0,0,0,0
FBgn0262814,0,0,0,1
FBgn0262815,0,0,0,1
FBgn0262816,0,0,0,0
FBgn0262817,0,0,0,0
FBgn0262818,0,0,0,0
FBgn0262819,1,2,3,2
FBgn0262820,5,14,6,17
FBgn0262821,0,0,0,0
FBgn0262822,4,10,9,12
FBgn0262823,0,0,0,0
FBgn0262824,0,0,0,0
FBgn0262825,3,12,4,3
FBgn0262827,0,0,0,0
FBgn0262828,0,0,0,0
FBgn0262836,0,0,0,0
FBgn0262837,0,0,0,0
FBgn0262838,0,0,0,0
FBgn0262839,0,0,0,0
FBgn0262840,3,4,0,0
FBgn0262842,0,0,0,0
FBgn0262843,0,0,0,0
FBgn0262844,0,0,0,0
FBgn0262845,0,0,0,0
FBgn0262846,0,0,0,0
FBgn0262847,0,0,0,0
FBgn0262848,4,0,0,0
FBgn0262849,0,0,0,0
FBgn0262850,0,0,0,0
FBgn0262851,0,0,0,0
FBgn0262852,0,0,0,0
FBgn0262853,0,0,0,0
FBgn0262854,16,16,23,37
FBgn0262855,0,0,0,0
FBgn0262856,0,0,1,0
FBgn0262857,0,0,0,0
FBgn0262858,1,2,0,1
FBgn0262866,2839,3018,3017,2820
FBgn0262867,63,121,180,223
FBgn0262869,0,0,1,1
FBgn0262870,30,25,11,5
FBgn0262871,4221,4896,6232,6166
FBgn0262872,19265,18241,25798,25099
FBgn0262873,2,1,0,0
FBgn0262874,0,0,2,2
FBgn0262875,0,0,0,0
FBgn0262876,0,0,0,0
FBgn0262877,0,1,0,0
FBgn0262878,0,0,0,0
FBgn0262879,0,0,0,0
FBgn0262880,0,0,0,0
FBgn0262881,0,2,3,0
FBgn0262882,0,0,0,0
FBgn0262883,0,0,1,0
FBgn0262885,0,0,0,0
FBgn0262886,161,265,958,808
FBgn0262887,134,176,422,388
FBgn0262888,0,0,0,0
FBgn0262889,0,0,0,0
FBgn0262890,4,0,1,0
FBgn0262891,0,0,0,0
FBgn0262892,0,1,0,0
FBgn0262893,9,19,19,23
FBgn0262894,0,1,0,0
FBgn0262895,682,987,671,459
FBgn0262896,0,0,0,0
FBgn0262897,0,0,0,0
FBgn0262898,0,0,0,0
FBgn0262899,0,0,0,0
FBgn0262900,0,0,0,0
FBgn0262901,47,31,131,122
FBgn0262902,64,66,371,353
FBgn0262903,0,0,0,0
FBgn0262904,0,0,0,0
FBgn0262905,0,2,0,0
FBgn0262937,2961,3084,3305,3181
FBgn0262943,0,0,0,0
FBgn0262944,0,0,0,0
FBgn0262945,669,733,283,197
FBgn0262948,0,0,0,2
FBgn0262951,0,0,0,0
FBgn0262952,39923,24120,141808,134975
FBgn0262954,2400,4093,4950,3122
FBgn0262955,10454,13717,14195,14218
FBgn0262960,0,0,0,0
FBgn0262961,0,0,0,0
FBgn0262962,577,926,1488,1282
FBgn0262963,0,0,0,0
FBgn0262964,9,3,25,14
FBgn0262965,0,0,0,1
FBgn0262966,4,3,4,6
FBgn0262967,4,3,10,14
FBgn0262968,0,0,0,0
FBgn0262969,0,0,0,0
FBgn0262970,21,15,21,36
FBgn0262971,0,0,2,0
FBgn0262972,0,0,0,0
FBgn0262974,0,0,0,0
FBgn0262975,22976,26006,27510,28396
FBgn0262976,2916,3722,1532,1303
FBgn0262979,112,143,59,60
FBgn0262980,0,0,0,0
FBgn0262981,0,0,0,0
FBgn0262982,0,0,1,0
FBgn0262983,0,0,0,0
FBgn0262984,0,0,0,0
FBgn0262985,15,14,65,50
FBgn0262986,0,0,0,0
FBgn0262987,784,1131,1907,1447
FBgn0262988,0,0,0,0
FBgn0262989,1,0,0,1
FBgn0262990,0,0,0,0
FBgn0262991,1,0,1,0
FBgn0262992,0,0,0,0
FBgn0262993,320,466,193,147
FBgn0262994,0,0,0,0
FBgn0262995,0,0,0,0
FBgn0262996,0,0,0,0
FBgn0262998,0,0,0,0
FBgn0262999,0,0,0,0
FBgn0263000,0,0,0,0
FBgn0263001,88,120,615,524
FBgn0263002,2,4,1,1
FBgn0263004,0,0,0,0
FBgn0263005,6090,6645,7125,6768
FBgn0263006,32428,30376,51262,51219
FBgn0263018,22,27,3,4
FBgn0263019,4,8,8,6
FBgn0263020,0,0,0,0
FBgn0263021,0,0,1,0
FBgn0263022,6,5,8,13
FBgn0263023,1,1,0,2
FBgn0263024,0,0,0,0
FBgn0263025,1592,1686,2101,1782
FBgn0263026,0,0,0,0
FBgn0263027,790,894,979,897
FBgn0263029,11,8,16,12
FBgn0263030,0,0,0,0
FBgn0263031,0,0,0,0
FBgn0263032,0,0,0,0
FBgn0263033,0,0,0,0
FBgn0263034,0,0,0,0
FBgn0263035,0,0,0,0
FBgn0263036,0,0,0,0
FBgn0263037,7,2,6,7
FBgn0263038,4476,2324,7848,7405
FBgn0263039,182,201,73,75
FBgn0263040,0,3,6,4
FBgn0263041,0,4,3,2
FBgn0263042,1,5,7,9
FBgn0263046,34,52,40,40
FBgn0263047,278,445,429,382
FBgn0263048,1796,2566,2341,2441
FBgn0263049,19,19,48,54
FBgn0263050,0,0,0,0
FBgn0263051,0,0,0,0
FBgn0263072,2,0,0,0
FBgn0263076,5,13,1,5
FBgn0263077,7444,6546,10906,10772
FBgn0263078,1,0,0,0
FBgn0263079,3,1,5,1
FBgn0263080,0,0,0,0
FBgn0263081,0,0,0,0
FBgn0263082,0,0,0,0
FBgn0263083,1,3,1,0
FBgn0263084,0,1,1,3
FBgn0263085,0,0,0,1
FBgn0263086,0,0,0,0
FBgn0263087,0,0,3,0
FBgn0263088,1,2,0,3
FBgn0263089,0,0,0,0
FBgn0263090,0,0,0,0
FBgn0263091,2,5,3,3
FBgn0263092,1,0,0,0
FBgn0263093,1159,1418,694,681
FBgn0263094,0,0,0,0
FBgn0263095,0,0,0,0
FBgn0263096,0,0,0,0
FBgn0263102,20811,23816,28924,29012
FBgn0263106,18198,20878,18736,17251
FBgn0263108,15319,13183,20758,20305
FBgn0263109,25,26,46,39
FBgn0263110,5154,6096,4574,4814
FBgn0263111,238,279,583,716
FBgn0263112,12968,19020,27900,26960
FBgn0263113,41,37,55,43
FBgn0263114,0,0,0,0
FBgn0263116,0,1,3,2
FBgn0263117,12,23,18,30
FBgn0263118,3,1,8,3
FBgn0263120,20242,26696,22161,23177
FBgn0263121,0,0,0,0
FBgn0263130,0,0,0,0
FBgn0263131,17,15,25,27
FBgn0263132,140,145,233,277
FBgn0263133,4289,5068,6224,5773
FBgn0263143,3300,4419,4032,3622
FBgn0263144,22135,24128,28433,27546
FBgn0263197,6114,6032,7224,7525
FBgn0263198,7085,7376,10337,10352
FBgn0263199,3211,3636,4950,4668
FBgn0263200,174,152,759,691
FBgn0263201,0,1,0,0
FBgn0263206,0,0,2,0
FBgn0263207,0,0,0,0
FBgn0263208,0,0,0,0
FBgn0263209,0,0,0,0
FBgn0263210,0,0,0,0
FBgn0263211,0,0,0,0
FBgn0263212,0,0,0,0
FBgn0263213,0,0,0,0
FBgn0263214,0,0,0,0
FBgn0263215,0,0,0,0
FBgn0263216,2,2,1,0
FBgn0263217,0,0,0,0
FBgn0263219,698,791,1522,1788
FBgn0263220,81,74,161,204
FBgn0263231,22604,23284,43272,44137
FBgn0263232,2062,3042,2986,3404
FBgn0263233,3,6,9,9
FBgn0263234,0,2,0,0
FBgn0263235,0,0,0,0
FBgn0263236,8720,7760,14891,14216
FBgn0263237,4536,4750,7424,6423
FBgn0263239,0,0,0,2
FBgn0263240,546,490,1305,1156
FBgn0263241,1849,2324,1760,1614
FBgn0263246,1,3,12,4
FBgn0263247,0,0,0,0
FBgn0263248,0,0,0,0
FBgn0263249,0,0,0,0
FBgn0263250,0,0,0,0
FBgn0263251,1,0,9,4
FBgn0263256,1653,1033,3868,3574
FBgn0263257,0,0,0,0
FBgn0005778,1,0,0,0
FBgn0034717,11,18,8,5
FBgn0013272,12181,17096,24026,28324
FBgn0016053,19199,25735,45309,33873
FBgn0034721,0,1,0,0
FBgn0034722,11914,13642,13804,13145
FBgn0025878,9,6,16,16
FBgn0034723,495,473,953,944
FBgn0034725,61,70,88,113
FBgn0053200,3,3,3,2
FBgn0034726,1942,2870,3366,2659
FBgn0022985,7130,7763,9172,8779
FBgn0034728,8329,10009,12924,12851
FBgn0034730,2,5,4,3
FBgn0034731,0,0,0,0
FBgn0034733,3457,3257,4384,4072
FBgn0034734,6463,7328,7816,8576
FBgn0034735,3238,3519,4755,4321
FBgn0034736,9,1,2,3
FBgn0034737,4,4,6,5
FBgn0003175,5182,4417,6880,7124
FBgn0034729,2397,3163,3085,2650
FBgn0034727,4662,4396,8194,7259
FBgn0022986,2356,2501,3561,3281
FBgn0022984,3497,3869,4825,4812
FBgn0034724,1356,1477,3919,3238
FBgn0034720,125,87,254,283
FBgn0017482,203,230,422,446
FBgn0034718,849,663,2332,2608
FBgn0034739,0,0,3,4
FBgn0034741,12,4,14,19
FBgn0034743,65798,43213,156464,122936
FBgn0034744,2487,2276,4073,3402
FBgn0053143,27,45,59,65
FBgn0026261,5202,6011,6391,6042
FBgn0034740,32,43,31,19
FBgn0034758,0,0,0,0
FBgn0034759,0,0,0,0
FBgn0034761,479,615,758,824
FBgn0050273,0,0,0,0
FBgn0050269,0,0,0,0
FBgn0034763,6482,6289,8304,7499
FBgn0034766,0,0,0,0
FBgn0034768,0,0,0,0
FBgn0034770,0,0,0,0
FBgn0050275,0,0,0,0
FBgn0050268,0,0,0,0
FBgn0034774,0,0,0,0
FBgn0050267,0,0,0,0
FBgn0034776,0,0,0,0
FBgn0011211,69199,54388,152804,148694
FBgn0050271,3,9,6,9
FBgn0050274,2,1,4,4
FBgn0050272,1,1,1,1
FBgn0050265,0,0,0,0
FBgn0034782,0,0,0,0
FBgn0034783,0,0,0,0
FBgn0034784,13,5,16,9
FBgn0034785,0,1,0,0
FBgn0010078,55643,46422,212957,152460
FBgn0004896,0,1,1,0
FBgn0034788,2,1,13,8
FBgn0034789,6,3,15,15
FBgn0034793,2211,1647,6393,5468
FBgn0034795,2355,3026,2426,2478
FBgn0034796,2134,2011,3417,3109
FBgn0034792,7566,7128,12096,10998
FBgn0034791,4645,4636,8370,7104
FBgn0001263,3,8,3,3
FBgn0034786,8981,11251,11010,10746
FBgn0000405,211170,208986,271941,249061
FBgn0028371,1129,705,3537,3968
FBgn0034769,0,0,0,0
FBgn0050259,0,0,0,0
FBgn0005631,168,237,384,453
FBgn0020257,222,253,402,492
FBgn0050196,15,24,31,29
FBgn0034756,258,340,502,512
FBgn0034755,13,7,15,31
FBgn0050195,36,61,78,65
FBgn0034753,35392,26968,97347,93132
FBgn0040091,335,399,646,736
FBgn0034750,2367,1999,4447,3966
FBgn0019949,2432,2399,2666,2343
FBgn0034748,2051,2424,2664,2545
FBgn0034745,1,0,2,7
FBgn0034742,3360,4251,4090,4281
FBgn0034797,2260,2138,3088,3460
FBgn0034803,1216,1274,1684,1509
FBgn0021979,7202,5984,17125,15337
FBgn0050202,0,0,0,0
FBgn0034816,793,661,960,954
FBgn0045483,0,0,0,0
FBgn0045482,0,0,0,0
FBgn0050192,0,2,0,0
FBgn0034827,1,1,0,0
FBgn0034829,3,1,2,0
FBgn0034828,6,1,12,3
FBgn0034826,2,0,0,0
FBgn0034825,0,0,0,0
FBgn0034824,1,0,0,0
FBgn0041236,0,0,0,0
FBgn0041235,0,0,0,0
FBgn0034822,6,1,1,4
FBgn0034821,0,1,0,0
FBgn0034819,0,0,0,0
FBgn0034817,2993,2817,2886,2626
FBgn0003062,6371,4281,19444,14950
FBgn0050201,0,0,0,0
FBgn0034814,2170,2193,4098,3851
FBgn0010622,1107,968,2165,1953
FBgn0034808,2,4,3611,3504
FBgn0034807,0,0,0,0
FBgn0052833,0,0,0,0
FBgn0052834,0,0,0,0
FBgn0052835,0,0,0,0
FBgn0034804,8246,8944,9734,9187
FBgn0034802,78286,93515,130903,128900
FBgn0034800,1646,1413,2099,2054
FBgn0010660,12235,13462,15330,15248
FBgn0050187,50,60,116,127
FBgn0034833,1,0,0,0
FBgn0034835,0,0,0,0
FBgn0034839,6,7,37,39
FBgn0034841,1,0,0,0
FBgn0034844,2,0,2,1
FBgn0034846,0,0,0,0
FBgn0050409,35,42,59,57
FBgn0050410,3958,2747,11309,9807
FBgn0034850,1,1,2,2
FBgn0034853,8405,9582,10577,9638
FBgn0041712,6,1,1,2
FBgn0034856,0,1,4,2
FBgn0034858,4581,3455,8430,8032
FBgn0050411,0,0,0,0
FBgn0034867,0,0,0,0
FBgn0034866,0,0,0,0
FBgn0034865,0,0,0,0
FBgn0034863,0,0,0,0
FBgn0026384,0,0,0,0
FBgn0034861,189,68,446,396
FBgn0034860,0,2,8,6
FBgn0034859,1983,1915,2390,2436
FBgn0028497,3508,3203,4708,4578
FBgn0050414,330,284,431,371
FBgn0040660,7612,6456,26841,21928
FBgn0034854,6110,6042,6392,6077
FBgn0003977,2362,1912,2781,2801
FBgn0034849,1207,1052,1729,1349
FBgn0046253,5,18,19,27
FBgn0050413,0,0,0,0
FBgn0050417,0,0,1,0
FBgn0050416,0,0,0,0
FBgn0050412,0,0,0,0
FBgn0034842,1,0,0,0
FBgn0034840,9,0,0,0
FBgn0003009,13,9,86,120
FBgn0034838,5,5,19,12
FBgn0034837,2,0,1,2
FBgn0040063,0,0,0,0
FBgn0034834,0,3,0,0
FBgn0034869,0,0,1,0
FBgn0034870,0,0,0,0
FBgn0041234,3,1,1,1
FBgn0050185,1942,1589,4636,4304
FBgn0034877,4523,2961,15967,13243
FBgn0010501,3215,3405,4866,4753
FBgn0034880,8,8,96,108
FBgn0015277,1688,1339,2877,2766
FBgn0050184,3,0,0,0
FBgn0015903,12616,13908,14633,14411
FBgn0034882,3,0,0,0
FBgn0004795,8811,8051,18868,17778
FBgn0034887,5,9,29,16
FBgn0016762,1028,1066,1529,1296
FBgn0034893,988,1023,1802,1958
FBgn0013548,7275,4997,10154,8782
FBgn0034897,2114,2517,13710,13602
FBgn0034899,0,0,0,0
FBgn0034900,0,0,0,0
FBgn0034901,0,0,0,0
FBgn0034902,2168,1731,4540,3630
FBgn0000562,13380,13247,19701,18950
FBgn0034898,1,0,0,0
FBgn0011297,2738,1930,3448,3514
FBgn0034894,6393,8690,7392,7113
FBgn0050183,7701,7477,9097,8901
FBgn0011296,90,77,190,138
FBgn0034885,3,6,6,10
FBgn0034884,0,0,0,0
FBgn0034883,4,0,7,8
FBgn0034879,1894,1182,6579,5540
FBgn0034878,6746,5823,8973,8332
FBgn0034876,9528,8682,19979,17772
FBgn0041233,1,0,5,2
FBgn0050181,0,0,1,0
FBgn0015372,3839,4287,4420,4210
FBgn0034871,0,0,0,1
FBgn0050177,5,0,0,0
FBgn0034907,2,1,0,0
FBgn0034908,2103,1956,2972,2798
FBgn0034911,3,0,2,1
FBgn0034914,7683,6492,18212,16280
FBgn0024234,251,230,1141,1168
FBgn0034919,2255,1752,3591,3180
FBgn0011236,8647,8065,7161,7039
FBgn0034920,133,98,197,270
FBgn0034924,1362,1720,1443,1247
FBgn0034928,59,61,258,204
FBgn0034931,101,85,488,468
FBgn0023477,7286,6208,20308,17777
FBgn0001123,503,761,1217,1281
FBgn0034936,4339,3894,8835,7363
FBgn0034937,17,15,49,41
FBgn0034939,3080,3598,4295,4111
FBgn0034943,11,35,408,393
FBgn0020764,3186,2644,6294,5878
FBgn0003008,1711,2164,2670,2466
FBgn0034946,3756,3348,4066,3741
FBgn0002791,4415,5923,6211,5832
FBgn0005612,2205,2669,3273,4211
FBgn0050178,0,0,1,0
FBgn0034950,14,20,553,550
FBgn0034957,1,2,0,0
FBgn0034959,1044,1064,583,766
FBgn0011695,104,138,112,151
FBgn0034961,1398,1184,1944,1873
FBgn0034962,16519,19230,19248,17878
FBgn0034964,9053,9685,10997,11181
FBgn0003353,1366,1763,1529,1523
FBgn0034966,10,17,19,14
FBgn0034967,96981,142416,212745,188942
FBgn0034968,57221,46082,224297,201785
FBgn0034971,5279,5724,10896,9514
FBgn0034970,3382,3813,4097,3695
FBgn0023170,60060,94206,71996,44527
FBgn0034965,241,303,565,609
FBgn0028552,1129,1480,1710,1630
FBgn0011726,49678,72991,91187,77335
FBgn0034963,1486,1974,1915,1763
FBgn0013764,5085,3123,9541,8776
FBgn0050172,0,2,0,0
FBgn0061198,921,1436,1882,1287
FBgn0034958,765,961,1304,1375
FBgn0034956,1,0,2,3
FBgn0034951,4974,6563,6987,6418
FBgn0034948,7505,8246,7962,6866
FBgn0034945,2033,2676,2174,2004
FBgn0034942,8,17,59,43
FBgn0034940,1266,1353,2787,2392
FBgn0034938,1226,1170,1861,1669
FBgn0034935,2,1,1,3
FBgn0034933,3952,5240,5388,5295
FBgn0015268,43126,42349,75284,69204
FBgn0034925,3864,4012,8219,6760
FBgn0034923,1646,1407,2620,2501
FBgn0034921,2613,2276,5384,4921
FBgn0025334,3,2,0,0
FBgn0025336,4834,4302,6171,5829
FBgn0025352,7761,5297,23827,22247
FBgn0025335,7114,7044,10149,9141
FBgn0004581,47,41,53,52
FBgn0034918,3550,3116,6527,5676
FBgn0021895,11279,13561,18566,17664
FBgn0034915,3397,3151,9053,8723
FBgn0034913,3013,2772,5259,4430
FBgn0003401,3784,4412,6537,6181
FBgn0034910,0,0,0,0
FBgn0034909,279,370,556,603
FBgn0028411,3642,3315,5657,4572
FBgn0010278,15817,14062,26346,24753
FBgn0034904,7,14,47,45
FBgn0034973,0,0,0,0
FBgn0034974,10,5,1,6
FBgn0034975,4695,4475,6755,7010
FBgn0041706,1,0,3,3
FBgn0021875,1508,1290,2516,2231
FBgn0019643,273,340,323,275
FBgn0015544,5200,5993,6111,5777
FBgn0034985,38,23,70,100
FBgn0026169,9,7,11,36
FBgn0034988,1955,2203,2516,2494
FBgn0034989,18701,20555,19681,18482
FBgn0050418,150,155,285,394
FBgn0034996,0,0,0,0
FBgn0005636,7,9,11,11
FBgn0034999,47,22,383,531
FBgn0003888,2860,3259,6329,8178
FBgn0004101,2845,2779,4744,4617
FBgn0005638,37,33,72,59
FBgn0034998,0,2,3,2
FBgn0034994,0,0,0,0
FBgn0050419,1,1,0,0
FBgn0034986,2335,1923,5088,4455
FBgn0041582,4858,4641,6247,6107
FBgn0023081,6746,8405,7297,7333
FBgn0034972,2,1,1,0
FBgn0002787,13648,12466,21712,20092
FBgn0035005,1,0,0,0
FBgn0035007,2,1,0,0
FBgn0035008,4,0,0,0
FBgn0035009,0,0,0,0
FBgn0035010,2,0,0,0
FBgn0029501,2,0,0,0
FBgn0035014,0,0,0,0
FBgn0050169,5806,7840,6768,6361
FBgn0035020,742,789,1778,1434
FBgn0035022,3,1,0,2
FBgn0035023,171,193,305,331
FBgn0035024,9664,8700,12133,11657
FBgn0035025,6893,8445,8465,7833
FBgn0035027,4756,4997,5001,4880
FBgn0020521,31,22,51,57
FBgn0035031,0,0,0,0
FBgn0035033,4027,3943,6251,5663
FBgn0035034,2,0,0,2
FBgn0035035,1331,1016,1414,1672
FBgn0035039,2442,2631,4463,4200
FBgn0015040,123,148,268,473
FBgn0035042,0,0,0,0
FBgn0035044,1546,2099,4288,3138
FBgn0035046,3603,3467,5188,4446
FBgn0035047,3247,3352,4156,3620
FBgn0035049,177,168,322,452
FBgn0260456,5321,6401,8161,8327
FBgn0050161,2,0,2,0
FBgn0050163,0,0,1,0
FBgn0035043,0,0,0,0
FBgn0035041,1,0,0,2
FBgn0035040,3,2,4,9
FBgn0035036,2352,2439,2543,2579
FBgn0035032,6856,6337,18910,16200
FBgn0069913,0,0,0,1
FBgn0035026,5682,5591,6774,6604
FBgn0016687,17196,17245,38176,33676
FBgn0035019,1,0,0,0
FBgn0035016,13635,18381,19792,20169
FBgn0017556,0,0,0,0
FBgn0015300,4,0,1,0
FBgn0035012,0,0,0,0
FBgn0035011,0,0,0,0
FBgn0035006,0,0,0,0
FBgn0035004,0,0,0,0
FBgn0035003,0,0,0,0
FBgn0010414,2,0,0,0
FBgn0000037,8,9,3,7
FBgn0050421,4959,5066,5630,6034
FBgn0035056,3,1,1,1
FBgn0035057,0,0,0,1
FBgn0035059,2707,2138,3880,3408
FBgn0035063,1929,1990,3404,3174
FBgn0035065,2091,2148,2281,2196
FBgn0035069,0,0,0,0
FBgn0000157,5,5,4,7
FBgn0035070,0,0,0,0
FBgn0035077,6,4,11,8
FBgn0022343,8050,6310,18364,16664
FBgn0035085,1025,1057,1088,969
FBgn0035086,132,152,55,63
FBgn0035088,3638,4131,4501,3841
FBgn0035091,91,95,135,155
FBgn0004055,774,906,1737,1648
FBgn0010435,2222,2598,4833,6140
FBgn0035090,127,119,120,152
FBgn0035089,73,78,71,80
FBgn0002607,85355,77181,213288,200079
FBgn0050424,25,23,35,39
FBgn0035087,8040,8812,10657,10746
FBgn0027599,3773,4613,4761,4326
FBgn0035084,839,753,593,535
FBgn0035082,2219,2611,4161,3520
FBgn0043792,0,0,0,2
FBgn0060296,837,1047,1491,1888
FBgn0035078,32,41,36,45
FBgn0035076,4,5,10,13
FBgn0035073,2202,2929,2932,2796
FBgn0023181,4113,3377,5941,5277
FBgn0028738,150,133,161,155
FBgn0015801,2391,1786,4620,4368
FBgn0041205,3720,4765,5596,5031
FBgn0035064,1383,1323,2446,2274
FBgn0025578,0,1,1,2
FBgn0035060,8877,7975,10793,10555
FBgn0027590,3450,3175,6865,6533
FBgn0040666,1875,1653,3741,2864
FBgn0035050,0,0,0,0
FBgn0035092,3,0,4,5
FBgn0050198,0,0,0,0
FBgn0050199,0,0,0,0
FBgn0050200,0,0,0,0
FBgn0050430,2,0,0,0
FBgn0001325,1,1,1,2
FBgn0050429,0,0,1,0
FBgn0050428,626,1024,196,226
FBgn0035094,1501,2407,173,181
FBgn0004181,0,0,0,0
FBgn0011694,1,0,0,0
FBgn0004919,130,180,102,112
FBgn0001147,0,0,0,0
FBgn0052475,0,0,0,0
FBgn0002564,1,2,2,4
FBgn0020386,15590,16218,19740,19299
FBgn0035099,423,547,967,914
FBgn0035101,640,585,1267,1491
FBgn0035104,9,12,18,17
FBgn0027786,8299,8585,11498,11159
FBgn0035107,5253,5295,7861,7054
FBgn0024945,3838,4365,4562,3912
FBgn0035109,979,1397,1799,1531
FBgn0035111,8640,11266,9391,8934
FBgn0035112,3,3,20,20
FBgn0053229,4378,5287,9460,7020
FBgn0052476,181,361,313,460
FBgn0035120,2301,2887,5104,3938
FBgn0035122,2971,3237,4789,4196
FBgn0027111,4,6,19,18
FBgn0029002,767,1144,4383,4405
FBgn0035124,4,1,5,2
FBgn0004373,16059,19141,15511,16466
FBgn0052845,0,1,2,2
FBgn0035121,51876,55522,76336,74876
FBgn0024806,9840,13454,8858,8930
FBgn0000541,32988,45906,36201,37970
FBgn0035113,154,161,753,739
FBgn0035110,3570,4250,5638,5087
FBgn0027587,5940,7711,7833,7606
FBgn0025592,2027,2490,4205,4185
FBgn0035106,8850,9770,9419,10094
FBgn0035103,40,34,21,20
FBgn0035102,1237,1219,1758,1535
FBgn0040688,1,1,3,2
FBgn0035097,6,14,12,5
FBgn0035134,6,7,1,1
FBgn0040291,1,0,0,1
FBgn0035137,3752,3989,2483,2373
FBgn0035140,320,222,664,573
FBgn0035142,5543,6078,7840,8388
FBgn0035143,2,1,0,0
FBgn0035145,10508,10677,11568,10968
FBgn0035147,3840,2873,10808,10667
FBgn0035150,4446,5796,5585,5404
FBgn0035149,1608,1375,2393,2198
FBgn0035148,3757,4399,4569,3884
FBgn0016715,396,273,1292,1116
FBgn0035146,572,622,872,892
FBgn0035144,5,6,2,2
FBgn0035141,1376,1193,2494,2239
FBgn0001316,21174,20602,33632,34266
FBgn0035139,4,4,2,1
FBgn0035138,1,0,0,1
FBgn0023000,1792,2591,1591,1520
FBgn0035132,1332,1521,1950,2036
FBgn0035131,56,60,123,118
FBgn0052343,2340,2293,2713,2496
FBgn0052344,8104,9060,10329,10017
FBgn0035155,1262,1392,1835,1532
FBgn0052480,1,0,0,1
FBgn0052481,0,0,0,0
FBgn0035165,9533,10048,13839,12497
FBgn0035167,65,58,360,307
FBgn0035168,15,7,70,82
FBgn0035169,5018,5439,9182,7819
FBgn0035171,1,0,0,0
FBgn0052479,20490,23067,25215,25880
FBgn0035176,2,0,0,0
FBgn0028999,0,0,0,1
FBgn0035173,11846,12887,16626,18673
FBgn0035170,1,3,1,0
FBgn0035166,1977,2365,2493,2236
FBgn0035164,1744,1631,3959,3441
FBgn0035162,5417,5326,9682,11051
FBgn0035161,1,1,1,0
FBgn0052482,0,0,0,0
FBgn0035160,1213,1027,2522,2258
FBgn0035159,741,1021,1074,909
FBgn0025676,1876,2679,1944,1542
FBgn0035158,579,728,815,726
FBgn0035157,10,6,12,7
FBgn0052483,7,2,6,15
FBgn0035154,3,11,11,7
FBgn0035153,5160,4559,6661,5832
FBgn0035152,1373,1651,1977,1840
FBgn0035151,3502,4731,3127,3246
FBgn0035179,43,37,72,56
FBgn0035181,1935,1395,6544,5636
FBgn0035186,17,25,425,430
FBgn0040281,7,1,8,10
FBgn0004425,0,0,1,0
FBgn0004426,0,0,0,0
FBgn0004428,0,0,0,0
FBgn0004430,2,0,1,3
FBgn0004429,0,0,1,0
FBgn0004427,0,0,2,1
FBgn0035189,535,424,1300,1165
FBgn0063667,5,3,14,19
FBgn0004431,33,25,21,40
FBgn0035187,0,0,0,0
FBgn0025525,23,34,38,52
FBgn0004870,25,40,33,36
FBgn0024277,6013,6621,6088,6017
FBgn0263258,2316,2240,1860,2019
FBgn0263260,3519,4632,6005,4972
FBgn0263270,0,0,0,0
FBgn0263271,0,0,0,0
FBgn0263278,3572,3248,4021,3646
FBgn0263289,8440,8315,10619,11399
FBgn0263290,0,2,0,1
FBgn0263314,0,1,0,1
FBgn0263316,481,702,464,507
FBgn0263320,0,0,0,0
FBgn0263321,0,0,0,1
FBgn0263322,0,0,0,0
FBgn0263323,0,0,0,0
FBgn0263324,0,0,0,0
FBgn0263325,0,0,0,0
FBgn0263326,0,0,0,0
FBgn0263327,0,0,0,0
FBgn0263328,0,0,0,0
FBgn0263329,0,0,0,0
FBgn0263330,0,1,2,0
FBgn0263331,0,0,0,0
FBgn0263332,0,0,0,0
FBgn0263333,0,0,0,0
FBgn0263334,0,0,0,0
FBgn0263335,0,0,0,0
FBgn0263336,2,8,4,2
FBgn0263337,0,0,1,0
FBgn0263338,0,0,0,0
FBgn0263339,0,0,0,0
FBgn0263340,0,0,0,0
FBgn0263341,0,0,0,0
FBgn0263342,14,27,28,21
FBgn0263343,0,0,0,1
FBgn0263344,10,20,32,49
FBgn0263345,33,36,30,37
FBgn0263346,10235,9564,11342,11494
FBgn0263351,7486,6762,11831,11247
FBgn0263352,25014,30763,41878,47055
FBgn0263353,23,17,42,49
FBgn0263354,0,0,0,0
FBgn0263355,2134,1899,4933,4849
FBgn0263376,0,0,0,1
FBgn0263377,10,4,0,0
FBgn0263378,25,22,1,0
FBgn0263379,2,8,4,6
FBgn0263380,0,1,22,13
FBgn0263381,0,0,0,0
FBgn0263382,0,0,0,0
FBgn0263383,0,0,0,0
FBgn0263384,4,3,1,3
FBgn0263385,0,0,0,0
FBgn0263386,0,0,0,0
FBgn0263387,0,0,0,0
FBgn0263388,0,0,0,0
FBgn0263389,0,0,0,0
FBgn0263390,10,13,11,18
FBgn0263391,21886,21537,24948,24434
FBgn0263392,58,77,151,157
FBgn0263395,5497,6236,6949,6850
FBgn0263396,51710,66202,91828,101478
FBgn0263397,145,222,226,295
FBgn0263398,3730,4494,4501,4460
FBgn0263399,0,0,0,0
FBgn0263400,0,0,0,4
FBgn0263401,0,0,0,0
FBgn0263402,0,0,0,0
FBgn0263403,0,0,0,0
FBgn0263404,0,0,0,0
FBgn0263405,0,0,0,0
FBgn0263406,0,0,0,0
FBgn0263407,0,0,0,0
FBgn0263408,0,0,0,0
FBgn0263409,0,0,0,0
FBgn0263410,0,0,0,0
FBgn0263411,0,0,0,0
FBgn0263412,0,0,0,0
FBgn0263413,103,105,77,77
FBgn0263414,660,915,89,73
FBgn0263415,110,117,21,9
FBgn0263441,1,0,4,1
FBgn0263442,9,8,5,12
FBgn0263443,2,4,2,0
FBgn0263444,0,0,3,0
FBgn0263445,79,85,92,101
FBgn0263446,79,71,83,92
FBgn0263447,5,5,13,12
FBgn0263448,4,5,9,5
FBgn0263449,0,0,0,0
FBgn0263451,3,0,0,0
FBgn0263452,0,0,1,1
FBgn0263453,0,0,0,0
FBgn0263454,0,0,0,0
FBgn0263455,0,0,0,0
FBgn0263456,18,19,7,8
FBgn0263457,16,11,11,20
FBgn0263458,0,0,0,0
FBgn0263459,20,29,23,13
FBgn0263460,6,2,5,1
FBgn0263461,4,14,2,5
FBgn0263462,37,43,6,23
FBgn0263463,15,15,14,9
FBgn0263464,0,1,1,0
FBgn0263465,0,2,0,0
FBgn0263466,5,1,0,0
FBgn0263467,6,10,9,13
FBgn0263468,7,25,18,14
FBgn0263469,14,8,6,11
FBgn0263470,25,34,107,119
FBgn0263471,1,0,2,3
FBgn0263472,10,14,40,35
FBgn0263473,0,0,0,0
FBgn0263474,3,4,9,10
FBgn0263475,1,3,3,2
FBgn0263476,1,0,1,6
FBgn0263477,12,15,2,4
FBgn0263478,2,1,0,2
FBgn0263479,0,2,1,0
FBgn0263480,0,2,1,0
FBgn0263481,2,8,1,4
FBgn0263482,1,4,1,0
FBgn0263483,3,3,0,1
FBgn0263484,5,1,2,4
FBgn0263485,4,7,7,13
FBgn0263486,1,1,0,0
FBgn0263487,9,6,6,11
FBgn0263488,0,0,8,16
FBgn0263489,2,1,1,2
FBgn0263490,12361,13884,16631,18004
FBgn0263492,635,713,636,641
FBgn0263493,0,0,0,0
FBgn0263494,0,0,0,0
FBgn0263495,0,0,0,0
FBgn0263496,0,0,0,0
FBgn0263497,0,0,0,0
FBgn0263498,0,0,0,0
FBgn0263499,0,0,0,0
FBgn0263500,0,0,0,0
FBgn0263501,0,0,0,0
FBgn0263502,0,0,0,0
FBgn0263503,0,0,0,0
FBgn0263504,10,14,27,23
FBgn0263505,0,0,1,0
FBgn0263506,0,0,0,0
FBgn0263507,508,845,946,768
FBgn0263509,0,0,0,0
FBgn0263510,3565,3508,8078,7677
FBgn0263511,3,3,0,0
FBgn0263512,1,0,4,0
FBgn0263581,1,0,0,3
FBgn0263582,1,0,0,0
FBgn0263583,0,0,0,0
FBgn0263584,13,25,65,65
FBgn0263585,0,0,0,0
FBgn0263586,0,0,0,0
FBgn0263587,1,0,0,1
FBgn0263588,0,0,0,0
FBgn0263589,2,0,1,2
FBgn0263590,1,14,2,3
FBgn0263593,6959,6369,8367,8784
FBgn0263594,107179,132403,166855,165462
FBgn0263595,0,0,0,0
FBgn0263596,0,0,0,0
FBgn0263597,0,0,0,0
FBgn0263598,37438,34633,61072,58682
FBgn0263599,13774,16392,18583,19705
FBgn0263600,10155,11656,14243,14044
FBgn0263601,5171,5275,5059,4924
FBgn0263602,4339,4477,5866,5124
FBgn0263603,6057,5780,10408,10236
FBgn0263605,8297,10424,10554,10067
FBgn0263606,1171,1733,1621,1326
FBgn0263607,3444,5069,3310,2938
FBgn0263608,160,82,281,174
FBgn0263611,0,0,0,0
FBgn0263612,0,0,0,0
FBgn0263613,0,0,0,0
FBgn0263615,0,0,0,0
FBgn0263616,0,0,0,0
FBgn0263617,277,342,44,37
FBgn0263618,0,0,0,0
FBgn0263619,19,25,4,2
FBgn0263620,8,10,16,9
FBgn0263621,4,16,19,8
FBgn0263622,1,0,0,1
FBgn0263623,0,0,0,0
FBgn0263624,0,0,0,0
FBgn0263625,1,4,0,0
FBgn0263626,0,1,2,0
FBgn0263627,7,2,5,1
FBgn0263628,1,7,0,1
FBgn0263647,0,0,0,2
FBgn0263648,0,0,0,0
FBgn0263649,0,0,1,0
FBgn0263650,0,1,0,1
FBgn0263651,1,0,0,0
FBgn0263652,1,7,4,4
FBgn0263653,2,1,2,7
FBgn0263654,0,0,0,0
FBgn0263655,7,5,4,2
FBgn0263656,8,9,13,8
FBgn0263657,0,0,0,0
FBgn0263658,0,0,0,0
FBgn0263659,76,143,134,250
FBgn0263660,1344,1581,56,46
FBgn0263661,0,0,0,0
FBgn0263662,10,11,26,12
FBgn0263663,0,0,0,0
FBgn0263664,0,0,0,0
FBgn0263665,3,18,3,1
FBgn0263667,5061,5040,5585,5524
FBgn0263697,4348,3900,7301,6618
FBgn0263705,144,137,292,322
FBgn0263706,2373,2237,5047,5276
FBgn0263707,0,0,2,0
FBgn0263708,0,0,0,0
FBgn0263709,0,0,0,0
FBgn0263738,694,810,996,914
FBgn0263740,15059,16499,29955,29732
FBgn0263741,0,0,0,0
FBgn0263742,0,0,0,0
FBgn0263743,0,0,0,0
FBgn0263744,10,9,16,15
FBgn0263745,1595,2366,1990,1904
FBgn0263746,43,82,21,18
FBgn0263747,570,696,1170,1080
FBgn0263748,21,28,49,49
FBgn0263750,42,53,9,10
FBgn0263755,1438,1551,1578,1597
FBgn0263757,0,0,0,0
FBgn0263760,0,0,0,0
FBgn0263761,0,0,0,0
FBgn0263762,0,0,0,0
FBgn0263763,0,0,0,0
FBgn0263764,0,0,0,0
FBgn0263765,0,0,0,0
FBgn0263766,12,7,0,1
FBgn0263767,0,0,0,0
FBgn0263768,3508,5128,4958,4421
FBgn0263769,0,0,1,1
FBgn0263770,1,4,0,1
FBgn0263771,0,0,2,0
FBgn0263772,254,277,608,633
FBgn0263773,18421,23096,23461,22539
FBgn0263774,0,0,0,0
FBgn0263776,10465,11146,17390,18919
FBgn0263777,0,0,0,0
FBgn0263778,0,0,0,0
FBgn0263780,27,41,1891,1919
FBgn0263782,2980,3075,3203,3056
FBgn0263802,0,0,0,0
FBgn0263829,20,13,6,0
FBgn0263830,54,38,138,111
FBgn0263831,1688,1962,2296,2202
FBgn0263832,7956,7156,10147,8933
FBgn0263834,0,0,0,0
FBgn0263835,0,0,0,0
FBgn0263838,0,0,0,0
FBgn0263839,0,1,0,0
FBgn0263841,0,2,0,0
FBgn0263842,0,0,0,0
FBgn0263843,0,0,0,0
FBgn0263844,0,0,0,3
FBgn0263845,0,0,0,0
FBgn0263846,0,0,2,0
FBgn0263847,5,3,0,2
FBgn0263848,0,0,0,0
FBgn0263849,0,0,0,0
FBgn0263850,0,0,0,0
FBgn0263851,3,1,18,21
FBgn0263852,2738,3231,6718,5656
FBgn0263855,8978,11629,12356,12871
FBgn0263863,4238,3410,7202,6653
FBgn0263864,2824,3352,2470,2419
FBgn0263866,0,0,0,0
FBgn0263867,0,0,0,0
FBgn0263868,0,0,0,0
FBgn0263869,0,0,0,0
FBgn0263870,0,0,0,0
FBgn0263871,0,0,0,0
FBgn0263872,1,0,0,0
FBgn0263873,482,436,912,1051
FBgn0263874,0,0,0,0
FBgn0263911,3739,3727,8063,6204
FBgn0263916,5620,5637,10122,10701
FBgn0263929,9424,9494,13037,13395
FBgn0263930,834,1186,1945,2186
FBgn0263933,16417,17515,17866,17282
FBgn0263934,4,4,7,3
FBgn0263967,78,66,43,63
FBgn0263968,4607,4358,6771,7167
FBgn0263970,0,0,0,0
FBgn0263971,0,0,0,0
FBgn0263973,216,194,464,448
FBgn0263974,2027,2603,3017,3440
FBgn0263975,519,650,587,607
FBgn0263976,0,0,0,0
FBgn0263977,11066,17131,16759,15180
FBgn0263979,16221,15678,26215,25160
FBgn0263980,63,84,128,116
FBgn0263981,25,26,44,52
FBgn0263982,0,0,0,0
FBgn0263983,0,0,0,0
FBgn0263985,0,0,0,0
FBgn0263986,21,14,3,7
FBgn0263987,41503,54050,45124,46404
FBgn0263988,5,5,16,12
FBgn0263992,0,0,0,0
FBgn0263993,11388,11475,14129,14500
FBgn0263994,0,0,0,0
FBgn0263995,700,781,1593,2084
FBgn0263996,0,0,0,0
FBgn0263997,2,2,16,23
FBgn0263998,8035,8795,9834,9858
FBgn0263999,0,0,0,1
FBgn0264000,0,0,0,2
FBgn0264001,64,97,148,170
FBgn0264002,2,1,1,1
FBgn0264005,0,0,0,0
FBgn0264006,43,50,71,81
FBgn0264075,7237,7718,7980,7939
FBgn0264077,68,44,49,57
FBgn0264078,2318,2693,4745,4611
FBgn0264081,0,0,0,0
FBgn0264083,0,0,0,0
FBgn0264084,0,0,0,0
FBgn0264085,0,0,3,5
FBgn0264086,2,1,0,0
FBgn0264087,3,10,9,4
FBgn0264089,327,309,702,906
FBgn0264090,659,744,2484,2565
FBgn0264253,0,2,0,0
FBgn0264255,5,4,4,3
FBgn0264260,0,0,0,0
FBgn0264261,0,0,0,0
FBgn0264262,0,0,0,0
FBgn0264263,0,0,0,0
FBgn0264264,0,0,0,0
FBgn0264265,4,14,29,26
FBgn0264266,0,0,0,0
FBgn0264267,3,16,752,661
FBgn0264268,0,0,0,0
FBgn0264269,8,22,32,35
FBgn0264270,15598,20709,19586,19878
FBgn0264271,15,6,13,11
FBgn0264272,126,63,244,237
FBgn0264273,272,374,932,1592
FBgn0264291,1613,1861,2529,2111
FBgn0264294,7679,7622,15495,12959
FBgn0264295,0,0,0,0
FBgn0264296,0,0,0,0
FBgn0264297,0,0,0,0
FBgn0264298,0,0,0,0
FBgn0264299,0,0,0,0
FBgn0264301,0,0,0,0
FBgn0264302,0,0,0,0
FBgn0264303,0,0,0,0
FBgn0264305,3990,4774,4631,4868
FBgn0264307,977,1063,1461,1548
FBgn0264308,1,0,0,1
FBgn0264309,0,0,0,0
FBgn0264310,60,88,98,93
FBgn0264324,6057,6543,6981,7410
FBgn0264325,1888,2292,2249,2142
FBgn0264326,7151,7087,8279,7916
FBgn0264327,24,17,2,0
FBgn0264328,0,1,0,0
FBgn0264329,0,0,3,1
FBgn0264330,0,2,1,0
FBgn0264336,0,0,0,0
FBgn0264337,0,0,0,0
FBgn0264338,0,0,0,0
FBgn0264339,1,1,1,0
FBgn0264340,0,2,0,0
FBgn0264341,0,3,0,0
FBgn0264342,0,0,0,0
FBgn0264343,0,0,1,0
FBgn0264344,0,0,3,1
FBgn0264345,0,1,0,0
FBgn0264346,0,0,0,0
FBgn0264347,0,0,0,0
FBgn0264348,0,0,0,0
FBgn0264349,0,0,0,0
FBgn0264350,0,0,0,0
FBgn0264351,1,3,1,2
FBgn0264352,1,0,0,3
FBgn0264353,32,15,2,2
FBgn0264357,19789,18299,22681,22590
FBgn0264358,0,0,0,0
FBgn0264359,0,0,0,0
FBgn0264360,1,1,2,0
FBgn0264361,0,0,0,0
FBgn0264362,0,0,0,0
FBgn0264363,0,0,0,0
FBgn0264364,0,0,0,0
FBgn0264365,0,0,0,0
FBgn0264366,0,0,0,0
FBgn0264367,0,0,0,0
FBgn0264368,2,0,0,1
FBgn0264369,0,0,0,0
FBgn0264370,0,0,0,0
FBgn0264371,0,0,0,0
FBgn0264372,2,4,16,8
FBgn0264373,0,0,0,0
FBgn0264374,0,0,0,1
FBgn0264375,0,0,0,0
FBgn0264376,0,0,0,0
FBgn0264377,0,0,0,0
FBgn0264378,0,1,0,0
FBgn0264379,0,0,0,0
FBgn0264380,0,0,0,0
FBgn0264381,5,8,9,5
FBgn0264382,88,81,341,298
FBgn0264383,0,0,0,0
FBgn0264384,455,645,829,716
FBgn0264385,5602,8563,1016,981
FBgn0264386,48,59,77,120
FBgn0264389,5734,5079,8606,7297
FBgn0264390,0,0,0,0
FBgn0264391,7,11,11,6
FBgn0264392,0,0,0,0
FBgn0264393,0,0,0,1
FBgn0264394,0,0,0,0
FBgn0264395,0,1,0,0
FBgn0264426,54,84,59,65
FBgn0264427,0,0,1,0
FBgn0264428,0,0,0,0
FBgn0264429,0,0,0,1
FBgn0264430,0,0,0,0
FBgn0264431,0,0,0,0
FBgn0264432,0,0,0,0
FBgn0264433,0,0,0,0
FBgn0264434,0,0,0,0
FBgn0264435,0,0,0,0
FBgn0264436,0,0,0,0
FBgn0264437,0,0,1,1
FBgn0264438,0,0,0,0
FBgn0264439,1662,1879,70,67
FBgn0264440,0,0,0,0
FBgn0264441,0,0,0,0
FBgn0264442,35,40,71,76
FBgn0264443,17,15,10,20
FBgn0264444,0,0,0,0
FBgn0264445,0,0,0,0
FBgn0264446,22,26,27,17
FBgn0264447,0,0,0,0
FBgn0264448,19,21,77,50
FBgn0264449,4576,4401,3990,4029
FBgn0264460,4,1,5,0
FBgn0264462,2,4,4,2
FBgn0264464,3,5,2,1
FBgn0264466,0,0,0,0
FBgn0264467,8,12,8,6
FBgn0264468,0,0,0,0
FBgn0264469,8,20,24,23
FBgn0264470,0,0,0,0
FBgn0264471,0,0,0,0
FBgn0264472,0,0,0,0
FBgn0264473,0,0,3,0
FBgn0264474,0,0,0,0
FBgn0264475,9,4,7,10
FBgn0264476,0,0,0,0
FBgn0264477,0,0,0,1
FBgn0264478,63,80,140,82
FBgn0264479,1,0,3,1
FBgn0264480,0,0,0,0
FBgn0264481,36,58,30,22
FBgn0264482,1,4,5,2
FBgn0264483,0,0,0,0
FBgn0264484,0,0,0,0
FBgn0264485,0,0,0,0
FBgn0264486,0,0,0,0
FBgn0264487,0,0,0,0
FBgn0264488,0,0,0,0
FBgn0264489,124,174,171,212
FBgn0264490,761,853,1496,2159
FBgn0264491,5184,5443,6780,6812
FBgn0264492,31846,48744,64408,59577
FBgn0264493,55968,72120,22728,20305
FBgn0264494,379,457,912,840
FBgn0264495,14411,14089,17303,17286
FBgn0264496,0,0,3,5
FBgn0264500,87,82,65,45
FBgn0264501,334,397,267,194
FBgn0264502,174,68,279,323
FBgn0264503,0,0,4,4
FBgn0264504,94,87,56,70
FBgn0264505,21,24,12,2
FBgn0264506,0,2,0,0
FBgn0264507,132,141,107,112
FBgn0264508,6,21,11,10
FBgn0264509,0,1,0,0
FBgn0264510,0,1,0,2
FBgn0264511,1,4,6,2
FBgn0264512,0,0,0,0
FBgn0264513,0,0,0,0
FBgn0264514,0,0,0,0
FBgn0264515,0,0,0,1
FBgn0264516,0,0,0,0
FBgn0264517,19,26,57,38
FBgn0264518,0,0,0,0
FBgn0264539,4,7,1,3
FBgn0264540,0,0,1,0
FBgn0264541,0,0,0,0
FBgn0264542,58,67,64,91
FBgn0264543,0,0,0,0
FBgn0264544,0,0,0,0
FBgn0264545,0,0,0,0
FBgn0264546,17,20,40,39
FBgn0264547,0,0,0,0
FBgn0264548,4,9,1,2
FBgn0264549,2,3,0,2
FBgn0264550,1,4,0,3
FBgn0264551,1,1,1,1
FBgn0264552,0,0,0,0
FBgn0264553,0,0,0,0
FBgn0264554,51,40,50,41
FBgn0264556,0,2,1,1
FBgn0264560,5694,5895,7106,7251
FBgn0264561,14867,13936,20054,19764
FBgn0264562,151,154,385,346
FBgn0264563,2,1,0,0
FBgn0264564,0,0,0,0
FBgn0264565,0,0,0,0
FBgn0264566,0,0,1,0
FBgn0264567,0,0,1,0
FBgn0264568,0,0,0,0
FBgn0264569,0,1,1,0
FBgn0264570,0,0,0,0
FBgn0264571,22,33,43,38
FBgn0264572,142,156,123,122
FBgn0264573,0,3,0,0
FBgn0264574,4547,4651,6017,5740
FBgn0264598,9,5,9,10
FBgn0264599,0,0,0,0
FBgn0264600,0,0,0,0
FBgn0264601,0,0,0,0
FBgn0264602,9,14,7,8
FBgn0264603,0,0,0,0
FBgn0264604,0,0,0,0
FBgn0264605,0,0,0,0
FBgn0264606,0,0,1,4
FBgn0264607,9739,15290,18174,17485
FBgn0264616,4,3,0,2
FBgn0264617,31,74,257,180
FBgn0264618,63,128,116,95
FBgn0264672,1592,1564,1792,1751
FBgn0264674,0,0,0,0
FBgn0264675,3,4,6,10
FBgn0264676,448,480,316,227
FBgn0264677,67,100,30,30
FBgn0264678,132,231,189,146
FBgn0264679,38,40,77,74
FBgn0264691,5614,6897,7689,7229
FBgn0264693,16995,19881,27754,25340
FBgn0264694,8114,7490,12609,10996
FBgn0264695,548,643,1817,2050
FBgn0264696,2850,1279,1620,1000
FBgn0264697,0,0,1,0
FBgn0264698,6,7,1,2
FBgn0264699,0,0,3,0
FBgn0264700,0,0,0,0
FBgn0264701,0,0,0,1
FBgn0264702,127,130,106,86
FBgn0264703,74,66,84,64
FBgn0264704,145,235,1377,1203
FBgn0264705,0,0,0,0
FBgn0264706,49,71,42,33
FBgn0264707,4818,4809,5339,5351
FBgn0264708,0,0,0,0
FBgn0264709,0,0,1,0
FBgn0264710,8,0,0,0
FBgn0264711,1,2,5,6
FBgn0264712,5916,6679,8377,7715
FBgn0264713,6,8,4,2
FBgn0264714,0,0,0,0
FBgn0264715,0,0,0,0
FBgn0264716,0,0,0,0
FBgn0264717,0,0,0,0
FBgn0264719,0,0,0,0
FBgn0264720,1,0,2,0
FBgn0264721,41,65,190,163
FBgn0264722,0,0,0,0
FBgn0264723,0,0,0,1
FBgn0264724,0,1,2,0
FBgn0264725,0,0,1,0
FBgn0264726,0,0,0,0
FBgn0264727,8,7,23,8
FBgn0264738,0,0,0,0
FBgn0264739,0,0,0,0
FBgn0264740,0,0,0,0
FBgn0264741,1,0,0,0
FBgn0264742,0,0,0,0
FBgn0264743,0,0,0,0
FBgn0264744,811,1056,1046,1018
FBgn0264745,1060,1319,1577,1475
FBgn0264746,131,212,81,85
FBgn0264747,3763,5720,5973,5211
FBgn0264748,74,113,181,183
FBgn0264750,14,9,14,11
FBgn0264751,727,690,1252,1053
FBgn0264753,11,10,17,15
FBgn0264775,0,0,0,0
FBgn0264776,2,0,2,5
FBgn0264785,15180,16421,12866,12031
FBgn0264786,0,0,0,0
FBgn0264787,4,0,6,2
FBgn0264788,0,0,0,0
FBgn0264789,2,9,7,8
FBgn0264790,148,183,305,250
FBgn0264791,5,7,0,0
FBgn0264792,0,0,0,0
FBgn0264793,0,0,0,0
FBgn0264794,3,5,5,9
FBgn0264810,0,0,0,0
FBgn0264815,67,48,105,103
FBgn0264816,5127,5781,7212,6344
FBgn0264817,16,19,24,35
FBgn0264818,0,0,0,0
FBgn0264819,0,0,0,0
FBgn0264820,0,0,0,0
FBgn0264821,273,348,480,607
FBgn0264822,194,341,1043,764
FBgn0264823,18,9,17,22
FBgn0264824,0,0,0,0
FBgn0264825,0,0,0,0
FBgn0264826,1,1,0,0
FBgn0264827,1,0,0,2
FBgn0264828,0,0,0,0
FBgn0264829,0,0,0,0
FBgn0264830,0,0,0,0
FBgn0264831,0,0,0,0
FBgn0264832,4,3,5,3
FBgn0264833,0,0,0,0
FBgn0264834,43,74,167,211
FBgn0264835,5,7,12,18
FBgn0264836,0,0,0,0
FBgn0264837,8,1,0,0
FBgn0264838,1,0,2,0
FBgn0264839,5,1,1,0
FBgn0264840,0,0,0,0
FBgn0264841,30,39,3,0
FBgn0264842,0,0,0,0
FBgn0264843,0,0,0,0
FBgn0264844,0,0,0,0
FBgn0264845,0,0,0,0
FBgn0264848,12123,14228,18200,16886
FBgn0264855,16370,19577,18435,18339
FBgn0264857,1,3,1,3
FBgn0264862,70,44,35,39
FBgn0264863,16,17,19,18
FBgn0264864,0,0,0,0
FBgn0264865,1,0,1,0
FBgn0264866,29,38,61,51
FBgn0264867,0,0,0,0
FBgn0264868,0,0,0,0
FBgn0264869,3,4,2,0
FBgn0264870,0,0,0,0
FBgn0264871,2,1,4,3
FBgn0264872,0,0,0,0
FBgn0264873,3,0,0,0
FBgn0264874,48,46,1,1
FBgn0264875,1,0,0,0
FBgn0264876,5,5,3,0
FBgn0264877,5,11,5,7
FBgn0264878,2,3,1,2
FBgn0264879,0,0,0,1
FBgn0264880,0,0,0,0
FBgn0264882,0,0,0,0
FBgn0264883,0,0,0,0
FBgn0264884,0,0,0,0
FBgn0264885,0,0,0,0
FBgn0264886,0,0,0,0
FBgn0264887,0,0,3,6
FBgn0264888,0,0,0,0
FBgn0264889,0,0,0,0
FBgn0264890,0,0,0,0
FBgn0264891,0,1,0,0
FBgn0264892,3,5,0,0
FBgn0264893,1,5,4,1
FBgn0264894,1548,2271,1677,2528
FBgn0264895,4523,5659,7408,7710
FBgn0264896,2,0,0,0
FBgn0264897,0,0,0,0
FBgn0264898,0,0,0,0
FBgn0264899,0,0,0,0
FBgn0264900,0,0,0,0
FBgn0264901,19,21,14,11
FBgn0264902,43,50,40,39
FBgn0264903,0,0,0,1
FBgn0264904,190,250,205,210
FBgn0264905,11,5,16,22
FBgn0264906,0,0,0,0
FBgn0264907,22,34,67,70
FBgn0264908,3,3,1,4
FBgn0264909,0,0,0,0
FBgn0264911,0,3,37,28
FBgn0264912,2,7,7,5
FBgn0264914,0,0,0,0
FBgn0264915,0,0,0,0
FBgn0264916,0,0,0,0
FBgn0264922,35772,41200,64413,53078
FBgn0264939,4,8,5,3
FBgn0264940,0,0,0,0
FBgn0264941,0,0,0,0
FBgn0264942,98,120,171,138
FBgn0264943,0,0,0,0
FBgn0264944,0,0,0,0
FBgn0264945,102,118,4,5
FBgn0264946,2,2,0,0
FBgn0264947,8,3,1,0
FBgn0264948,0,0,0,0
FBgn0264949,0,0,0,0
FBgn0264950,97,102,153,123
FBgn0264951,0,0,1,0
FBgn0264952,0,3,0,1
FBgn0264953,1850,2274,2287,2581
FBgn0264954,10,5,0,1
FBgn0264955,437,472,708,586
FBgn0264956,2,3,1,3
FBgn0264957,0,0,0,0
FBgn0264958,5,13,19,10
FBgn0264959,12151,13867,12955,13036
FBgn0264960,0,0,1,0
FBgn0264961,0,1,2,0
FBgn0264962,7317,7823,11225,10835
FBgn0264975,5018,4911,8014,9066
FBgn0264978,3445,3003,5416,5115
FBgn0264979,109,121,9538,8047
FBgn0264980,0,0,0,0
FBgn0264982,0,2,1,2
FBgn0264983,59,38,68,71
FBgn0264984,0,1,1,1
FBgn0264985,0,0,0,0
FBgn0264986,40,22,1,1
FBgn0264987,3,4,1,3
FBgn0264988,0,0,0,0
FBgn0264989,0,0,0,0
FBgn0264990,0,0,0,0
FBgn0264991,0,0,0,0
FBgn0264992,0,0,0,0
FBgn0264993,0,0,0,0
FBgn0264994,0,0,0,0
FBgn0264995,0,0,0,1
FBgn0264996,1,2,1,0
FBgn0264997,0,0,0,0
FBgn0264998,3,6,6,6
FBgn0264999,0,0,0,0
FBgn0265000,0,0,0,0
FBgn0265001,1,0,2,0
FBgn0265002,1,3,11,5
FBgn0265003,11115,12496,12185,11990
FBgn0265011,16,9,0,1
FBgn0265017,2,4,7,5
FBgn0265038,31,35,6,8
FBgn0265039,0,1,0,0
FBgn0265040,2,0,3,3
FBgn0265041,0,1,1,1
FBgn0265042,81,97,257,190
FBgn0265043,7,3,1,0
FBgn0265044,14,21,29,30
FBgn0265045,347,292,588,573
FBgn0265046,0,0,1,0
FBgn0265047,4,4,15,9
FBgn0265048,419,422,246,240
FBgn0265049,0,0,0,0
FBgn0265050,0,0,0,0
FBgn0265051,0,0,0,0
FBgn0265052,14,11,30,20
FBgn0265053,13,8,36,27
FBgn0265058,11,18,15,22
FBgn0265059,0,1,1,0
FBgn0265060,6,8,4,2
FBgn0265061,7,3,4,1
FBgn0265062,0,0,0,0
FBgn0265063,0,0,0,0
FBgn0265064,0,0,0,0
FBgn0265065,0,2,0,0
FBgn0265066,0,0,1,3
FBgn0265067,0,1,1,4
FBgn0265068,49,54,56,58
FBgn0265069,0,0,0,0
FBgn0265070,0,0,0,0
FBgn0265071,0,7,5,4
FBgn0265072,0,0,0,0
FBgn0265073,0,0,0,0
FBgn0265074,1,4,1,2
FBgn0265075,0,2,0,0
FBgn0265076,0,0,0,0
FBgn0265077,0,0,0,0
FBgn0265078,1,8,4,1
FBgn0265079,0,0,0,0
FBgn0265080,0,0,0,0
FBgn0265081,0,0,0,0
FBgn0265082,970,1143,1745,2008
FBgn0265083,0,0,0,0
FBgn0265084,0,0,0,0
FBgn0265085,0,0,0,0
FBgn0265086,3,0,1,0
FBgn0265087,69,34,42,24
FBgn0265088,0,0,3,0
FBgn0265089,1,5,4,3
FBgn0265095,0,0,0,0
FBgn0265096,7,15,3,4
FBgn0265097,0,0,1,0
FBgn0265098,0,0,0,1
FBgn0265099,0,0,0,0
FBgn0265101,6040,6680,12281,10058
FBgn0265102,3906,4375,3724,3732
FBgn0265103,0,0,0,0
FBgn0265104,32,27,15,15
FBgn0265105,0,0,0,0
FBgn0265106,0,0,0,0
FBgn0265107,0,0,0,2
FBgn0265137,2260,2112,2896,2932
FBgn0265138,0,0,0,0
FBgn0265139,0,0,0,0
FBgn0265140,5203,5544,5385,5470
FBgn0265141,0,0,0,0
FBgn0265142,0,0,0,0
FBgn0265143,0,0,0,0
FBgn0265144,0,0,0,0
FBgn0265145,0,0,0,0
FBgn0265146,0,0,0,0
FBgn0265147,0,0,0,0
FBgn0265148,0,0,0,0
FBgn0265149,4,7,4,7
FBgn0265150,0,0,0,0
FBgn0265151,1,1,0,0
FBgn0265152,0,0,0,0
FBgn0265153,2,0,1,0
FBgn0265154,0,0,0,0
FBgn0265155,2,1,1,0
FBgn0265156,0,0,0,0
FBgn0265157,0,0,0,0
FBgn0265158,0,0,0,0
FBgn0265159,0,0,0,0
FBgn0265160,0,0,0,0
FBgn0265161,123,176,109,103
FBgn0265162,0,0,0,0
FBgn0265163,0,0,0,0
FBgn0265164,0,0,0,0
FBgn0265165,0,0,0,0
FBgn0265166,0,0,0,0
FBgn0265167,0,0,0,0
FBgn0265168,0,0,0,0
FBgn0265169,0,0,0,0
FBgn0265174,5629,6031,5914,5512
FBgn0265176,0,0,0,0
FBgn0265177,1855,1961,4875,3646
FBgn0265178,23,6,46,49
FBgn0265180,276,302,323,342
FBgn0265182,58,60,50,68
FBgn0265184,223,252,180,210
FBgn0265185,308,296,327,503
FBgn0265186,76,55,59,99
FBgn0265187,15,11,44,50
FBgn0265188,0,0,0,0
FBgn0265189,2378,2091,3632,3370
FBgn0265190,2462,2195,4038,3746
FBgn0265191,6489,6584,5118,5081
FBgn0265192,7698,8410,10890,9772
FBgn0265193,1496,1517,2009,1794
FBgn0265194,4417,4703,6899,6969
FBgn0265196,1,0,0,0
FBgn0265197,0,0,0,0
FBgn0265198,0,0,0,0
FBgn0265199,0,0,0,0
FBgn0265200,0,0,0,0
FBgn0265201,5,1,0,0
FBgn0265202,0,0,0,0
FBgn0265203,189,239,272,220
FBgn0265204,0,0,0,0
FBgn0265205,21,15,14,8
FBgn0265252,7,10,0,1
FBgn0265253,3,1,0,0
FBgn0265254,15,33,51,46
FBgn0265255,0,0,3,1
FBgn0265256,0,0,0,0
FBgn0265257,0,0,0,0
FBgn0265262,146,178,255,280
FBgn0265263,1,1,0,0
FBgn0265264,0,0,0,0
FBgn0265265,0,0,0,0
FBgn0265266,5,0,9,9
FBgn0265267,26,23,34,15
FBgn0265268,0,0,0,0
FBgn0265269,0,0,0,0
FBgn0265270,0,0,0,0
FBgn0265271,0,0,0,0
FBgn0265272,0,0,3,0
FBgn0265274,1955,2187,4408,4871
FBgn0265276,681,970,2192,2312
FBgn0265295,468,416,609,476
FBgn0265296,0,0,2,1
FBgn0265297,136717,164993,292317,315694
FBgn0265298,4340,4683,10851,9181
FBgn0265299,0,1,2,1
FBgn0265300,1,0,0,0
FBgn0265301,1,2,2,0
FBgn0265302,0,0,0,0
FBgn0265303,62,43,41,23
FBgn0265304,0,0,0,0
FBgn0265305,0,0,0,0
FBgn0265306,0,0,0,0
FBgn0265307,0,0,0,0
FBgn0265308,19,17,43,40
FBgn0265309,2,2,1,0
FBgn0265310,1,3,1,3
FBgn0265311,3,0,0,0
FBgn0265312,5,3,2,0
FBgn0265313,3,8,11,23
FBgn0265314,0,0,0,0
FBgn0265315,298,297,325,234
FBgn0265316,828,631,1207,819
FBgn0265317,0,0,0,0
FBgn0265318,81,144,138,150
FBgn0265338,8,12,14,8
FBgn0265339,0,3,2,1
FBgn0265340,25,35,29,24
FBgn0265341,0,4,4,1
FBgn0265342,7,15,12,17
FBgn0265343,0,0,0,0
FBgn0265344,2,4,1,0
FBgn0265345,7,9,8,11
FBgn0265346,0,0,1,0
FBgn0265347,0,0,0,0
FBgn0265348,0,0,0,0
FBgn0265349,0,0,0,0
FBgn0265351,644,817,1306,1101
FBgn0265356,90,58,166,205
FBgn0265362,469,626,776,639
FBgn0265363,0,0,0,0
FBgn0265364,0,0,0,0
FBgn0265365,0,0,0,0
FBgn0265366,0,0,0,0
FBgn0265367,0,0,0,0
FBgn0265368,0,0,0,0
FBgn0265369,0,0,0,0
FBgn0265370,0,0,0,0
FBgn0265371,0,0,0,0
FBgn0265372,0,0,0,0
FBgn0265373,0,1,0,0
FBgn0265374,0,0,0,0
FBgn0265375,0,0,0,2
FBgn0265376,3,3,2,2
FBgn0265377,15,17,30,23
FBgn0265378,0,0,0,0
FBgn0265379,0,1,0,0
FBgn0265380,18,16,18,5
FBgn0265381,0,0,0,0
FBgn0265382,0,0,0,0
FBgn0265383,0,0,0,0
FBgn0265413,1067,886,1358,1345
FBgn0265414,0,0,0,0
FBgn0265416,9,6,23,26
FBgn0265417,0,1,1,0
FBgn0265418,2,1,17,11
FBgn0265419,42,76,37,26
FBgn0265420,0,0,0,0
FBgn0265421,0,0,0,0
FBgn0265422,0,0,0,0
FBgn0265423,0,0,0,0
FBgn0265424,0,0,0,0
FBgn0265425,0,0,0,0
FBgn0265426,0,0,0,0
FBgn0265427,5,11,1,7
FBgn0265428,14,18,26,33
FBgn0265429,0,0,0,0
FBgn0265434,16987,18451,28258,30294
FBgn0265443,0,0,0,0
FBgn0265444,0,1,8,1
FBgn0265445,0,0,0,0
FBgn0265446,0,0,0,0
FBgn0265447,2,2,2,4
FBgn0265448,0,0,0,0
FBgn0265449,0,0,0,0
FBgn0265450,0,0,0,0
FBgn0265451,9,7,0,1
FBgn0265452,0,0,0,0
FBgn0265453,0,0,0,0
FBgn0265454,0,0,0,0
FBgn0265455,0,0,0,0
FBgn0265457,14,28,36,32
FBgn0265458,0,0,0,0
FBgn0265464,3182,3817,3714,3444
FBgn0265467,0,0,0,0
FBgn0265468,0,0,0,0
FBgn0265469,0,0,1,0
FBgn0265470,0,0,32,47
FBgn0265487,312,568,1001,1298
FBgn0265496,0,0,0,0
FBgn0265497,34,7,53,60
FBgn0265498,132,153,130,113
FBgn0265499,563,657,659,657
FBgn0265500,0,0,0,0
FBgn0265508,2,1,2,0
FBgn0265509,0,0,0,0
FBgn0265510,0,0,2,0
FBgn0265511,0,0,0,0
FBgn0265512,6091,6113,8246,7960
FBgn0265523,15652,13452,20838,21012
FBgn0265524,1,1,0,0
FBgn0265525,49,73,58,59
FBgn0265526,0,0,0,0
FBgn0265527,0,0,0,0
FBgn0265529,0,0,0,0
FBgn0265530,0,1,1,0
FBgn0265531,306,297,210,185
FBgn0265532,139,85,121,115
FBgn0265533,183,294,483,331
FBgn0265534,2,2,0,0
FBgn0265535,9,8,18,11
FBgn0265536,17,16,54,41
FBgn0265537,0,0,0,0
FBgn0265538,0,0,0,0
FBgn0265539,0,0,0,0
FBgn0265540,123,211,205,160
FBgn0265541,3,1,2,8
FBgn0265542,8,8,7,7
FBgn0265543,0,0,0,0
FBgn0265544,0,0,0,0
FBgn0265545,0,0,0,0
FBgn0265546,0,0,0,0
FBgn0265547,0,0,0,0
FBgn0265548,0,2,0,0
FBgn0265549,0,0,0,0
FBgn0265550,0,0,0,0
FBgn0265551,0,0,0,0
FBgn0265574,5980,5231,5520,5160
FBgn0265575,30322,27156,40582,38215
FBgn0265576,6,3,6,7
FBgn0265577,2,0,0,1
FBgn0265578,1,2,2,1
FBgn0265579,0,0,0,0
FBgn0265580,0,0,0,0
FBgn0265581,0,0,0,0
FBgn0265582,0,0,0,0
FBgn0265583,0,0,0,0
FBgn0265584,0,0,0,0
FBgn0265585,0,0,0,0
FBgn0265586,0,0,0,0
FBgn0265587,0,0,0,0
FBgn0265588,0,0,0,0
FBgn0265589,0,1,6,0
FBgn0265590,1170,1579,1564,1221
FBgn0265591,1,0,0,0
FBgn0265592,3,2,1,1
FBgn0265593,0,0,0,0
FBgn0265594,0,0,0,0
FBgn0265595,4,8,2,14
FBgn0265596,1,0,2,0
FBgn0265597,0,0,0,0
FBgn0265598,1878,1695,590,573
FBgn0265605,4764,6187,7746,7405
FBgn0265606,1,0,0,0
FBgn0265607,0,0,0,0
FBgn0265608,0,0,0,0
FBgn0265609,0,0,0,0
FBgn0265610,0,0,0,0
FBgn0265611,9,8,14,15
FBgn0265612,0,0,0,0
FBgn0265613,2,0,0,1
FBgn0265614,0,0,0,0
FBgn0265623,1303,1684,905,943
FBgn0265625,0,1,0,0
FBgn0265626,0,0,0,0
FBgn0265627,0,0,0,0
FBgn0265629,6,13,9,18
FBgn0265630,8157,9936,7020,7218
FBgn0265631,0,0,0,0
FBgn0265632,0,0,0,0
FBgn0265633,2,1,7,2
FBgn0265634,46,66,155,186
FBgn0265635,1,0,1,1
FBgn0265636,0,0,0,0
FBgn0265637,17,13,20,5
FBgn0265638,0,3,5,3
FBgn0265639,0,0,0,1
FBgn0265640,0,0,0,0
FBgn0265641,0,0,0,0
FBgn0265642,0,0,0,0
FBgn0265643,0,0,0,0
FBgn0265644,0,0,0,0
FBgn0265645,0,0,0,0
FBgn0265646,0,0,0,0
FBgn0265648,0,1,0,0
FBgn0265649,0,0,0,0
FBgn0265650,0,0,0,0
FBgn0265651,2,0,0,1
FBgn0265652,0,0,0,0
FBgn0265653,0,0,0,0
FBgn0265654,0,0,0,0
FBgn0265655,0,0,0,0
FBgn0265656,0,3,2,0
FBgn0265657,0,0,0,0
FBgn0265658,0,0,0,0
FBgn0265659,0,0,0,0
FBgn0265660,0,0,0,0
FBgn0265661,2,3,1,0
FBgn0265662,0,0,0,0
FBgn0265663,0,1,0,1
FBgn0265664,0,0,0,0
FBgn0265665,35,21,42,42
FBgn0265666,0,0,0,0
FBgn0265667,0,0,0,0
FBgn0265668,0,0,0,0
FBgn0265669,219,394,310,212
FBgn0265670,0,0,0,0
FBgn0265671,0,4,2,2
FBgn0265672,0,0,0,0
FBgn0265673,0,0,0,0
FBgn0265674,0,0,0,0
FBgn0265675,0,0,0,0
FBgn0265676,0,0,0,0
FBgn0265677,0,0,0,0
FBgn0265678,0,0,0,0
FBgn0265679,0,0,0,0
FBgn0265680,0,0,0,1
FBgn0265681,0,0,0,0
FBgn0265682,1,0,0,0
FBgn0265683,0,0,0,0
FBgn0265684,0,0,0,0
FBgn0265685,0,0,0,0
FBgn0265686,0,0,0,0
FBgn0265687,0,0,0,0
FBgn0265688,0,0,0,0
FBgn0265689,0,0,0,0
FBgn0265690,0,0,0,0
FBgn0265691,0,0,2,1
FBgn0265692,0,0,0,0
FBgn0265693,0,0,0,2
FBgn0265694,0,0,0,0
FBgn0265695,0,0,0,0
FBgn0265696,0,0,0,0
FBgn0265697,0,0,0,0
FBgn0265698,0,0,0,0
FBgn0265699,0,0,0,0
FBgn0265700,1,3,0,0
FBgn0265701,0,0,0,0
FBgn0265702,0,0,0,0
FBgn0265703,1,0,0,0
FBgn0265704,0,2,0,1
FBgn0265705,365,440,86,81
FBgn0265706,0,1,7,5
FBgn0265707,0,0,0,0
FBgn0265708,0,0,0,0
FBgn0265709,0,0,0,0
FBgn0265710,3,4,3,0
FBgn0265711,0,0,0,0
FBgn0265712,0,0,0,0
FBgn0265713,0,0,0,0
FBgn0265714,0,0,0,0
FBgn0265715,0,1,0,0
FBgn0265716,0,0,0,0
FBgn0265717,46,37,111,114
FBgn0265718,0,0,1,0
FBgn0265719,0,0,7,0
FBgn0265720,0,0,0,2
FBgn0265721,3,4,3,1
FBgn0265722,0,0,0,0
FBgn0265723,0,0,0,0
FBgn0265724,0,1,0,0
FBgn0265725,7,30,272,256
FBgn0265726,205,241,191,203
FBgn0265727,0,0,0,0
FBgn0265728,0,0,0,0
FBgn0265729,0,0,0,0
FBgn0265730,0,1,0,0
FBgn0265731,1,1,1,2
FBgn0265732,0,0,2,1
FBgn0265733,0,0,0,0
FBgn0265734,1,0,0,0
FBgn0265735,0,0,0,0
FBgn0265736,0,0,0,0
FBgn0265737,1,0,1,1
FBgn0265738,0,0,0,0
FBgn0265739,0,0,0,0
FBgn0265740,0,0,0,0
FBgn0265741,0,0,0,0
FBgn0265742,0,1,1,0
FBgn0265743,0,0,3,0
FBgn0265744,0,0,0,0
FBgn0265745,0,0,0,0
FBgn0265746,1,0,0,0
FBgn0265747,0,0,0,0
FBgn0265748,0,0,0,0
FBgn0265749,0,0,0,0
FBgn0265750,0,0,0,0
FBgn0265751,0,0,0,0
FBgn0265752,0,0,0,0
FBgn0265753,0,5,1,0
FBgn0265754,1,1,0,0
FBgn0265755,0,0,0,0
FBgn0265756,0,0,0,0
FBgn0265757,60,78,85,55
FBgn0265758,0,0,0,0
FBgn0265759,1,1,0,0
FBgn0265760,5,1,3,3
FBgn0265761,26,44,6,6
FBgn0265762,0,0,4,0
FBgn0265763,0,0,0,0
FBgn0265764,0,0,0,0
FBgn0265765,0,0,0,0
FBgn0265766,0,0,0,0
FBgn0265767,11,12,10450,9891
FBgn0265778,10062,10596,11330,11735
FBgn0265784,6465,7031,9117,8629
FBgn0265785,0,0,1,0
FBgn0265786,0,0,0,0
FBgn0265787,0,0,0,0
FBgn0265788,0,0,0,0
FBgn0265789,0,0,0,0
FBgn0265790,0,0,0,0
FBgn0265791,0,0,0,0
FBgn0265792,1,5,15,12
FBgn0265793,0,0,1,1
FBgn0265794,0,0,0,0
FBgn0265795,0,0,0,0
FBgn0265796,0,0,0,0
FBgn0265797,0,0,0,0
FBgn0265798,0,0,0,0
FBgn0265799,0,0,1,0
FBgn0265800,16,14,6,2
FBgn0265801,0,0,0,0
FBgn0265802,0,0,0,0
FBgn0265803,0,0,0,0
FBgn0265804,0,0,0,0
FBgn0265805,0,0,0,0
FBgn0265806,0,0,0,0
FBgn0265807,0,0,0,0
FBgn0265808,0,0,0,0
FBgn0265809,0,0,0,0
FBgn0265810,1015,1181,3313,2337
FBgn0265811,7,4,4,10
FBgn0265812,0,0,0,0
FBgn0265813,0,0,0,0
FBgn0265814,0,0,0,0
FBgn0265815,0,0,0,0
FBgn0265816,0,0,0,0
FBgn0265817,0,0,0,0
FBgn0265818,0,0,0,0
FBgn0265819,19,6,20,16
FBgn0265820,0,0,0,0
FBgn0265821,0,0,0,1
FBgn0265822,0,0,3,0
FBgn0265823,12,15,6,3
FBgn0265824,1,4,5,0
FBgn0265825,0,0,0,1
FBgn0265826,0,0,0,0
FBgn0265827,0,0,0,0
FBgn0265828,0,0,0,0
FBgn0265829,0,0,0,0
FBgn0265830,58,104,27,20
FBgn0265831,5,18,20,15
FBgn0265832,0,0,0,1
FBgn0265833,0,0,0,0
FBgn0265834,0,0,0,0
FBgn0265835,0,0,0,0
FBgn0265836,0,0,0,0
FBgn0265837,0,0,0,0
FBgn0265838,0,0,0,0
FBgn0265839,0,0,0,0
FBgn0265840,0,0,0,0
FBgn0265841,0,0,0,0
FBgn0265842,0,0,1,0
FBgn0265843,7,6,10,5
FBgn0265844,0,0,0,0
FBgn0265845,0,0,0,0
FBgn0265846,0,0,0,0
FBgn0265847,0,0,0,0
FBgn0265849,0,0,0,0
FBgn0265850,0,0,0,0
FBgn0265851,0,0,0,0
FBgn0265852,0,0,0,0
FBgn0265853,0,0,0,0
FBgn0265854,0,0,0,0
FBgn0265855,0,0,0,0
FBgn0265856,0,0,0,0
FBgn0265857,0,0,0,0
FBgn0265858,0,0,0,0
FBgn0265859,0,0,0,0
FBgn0265860,0,0,0,0
FBgn0265861,0,0,0,0
FBgn0265862,0,2,0,0
FBgn0265863,1,0,0,0
FBgn0265864,1,2,0,0
FBgn0265865,6,5,1,6
FBgn0265866,0,1,3,1
FBgn0265868,0,1,1,0
FBgn0265869,0,0,0,0
FBgn0265870,0,2,0,0
FBgn0265871,0,0,0,0
FBgn0265872,2,5,14,7
FBgn0265873,2,12,8,16
FBgn0265874,0,0,0,0
FBgn0265875,0,0,0,0
FBgn0265876,0,0,0,0
FBgn0265877,0,0,0,0
FBgn0265878,1,1,1,2
FBgn0265879,0,0,0,0
FBgn0265880,0,0,3,0
FBgn0265881,0,0,0,0
FBgn0265882,0,0,0,0
FBgn0265883,0,0,0,0
FBgn0265884,0,0,0,0
FBgn0265885,0,0,0,0
FBgn0265886,0,0,0,0
FBgn0265887,0,0,0,0
FBgn0265888,0,0,0,0
FBgn0265889,0,0,1,0
FBgn0265890,0,0,0,0
FBgn0265891,0,0,0,0
FBgn0265892,0,0,0,0
FBgn0265893,0,0,0,0
FBgn0265894,0,0,0,0
FBgn0265895,0,0,0,0
FBgn0265896,0,0,0,0
FBgn0265897,0,0,0,0
FBgn0265898,0,0,0,0
FBgn0265899,0,3,2,4
FBgn0265900,2,1,1,0
FBgn0265901,421,475,459,473
FBgn0265902,55,47,186,154
FBgn0265903,0,0,0,2
FBgn0265904,0,0,0,0
FBgn0265905,0,0,0,0
FBgn0265906,0,3,0,0
FBgn0265907,0,0,0,0
FBgn0265908,0,0,0,0
FBgn0265909,0,0,0,0
FBgn0265910,0,0,0,0
FBgn0265911,0,0,0,0
FBgn0265912,0,0,0,0
FBgn0265913,0,0,0,0
FBgn0265914,1,0,0,0
FBgn0265915,13,8,0,1
FBgn0265916,0,0,0,0
FBgn0265917,0,0,0,0
FBgn0265918,104,66,452,474
FBgn0265919,1,6,2,0
FBgn0265920,0,0,0,0
FBgn0265921,0,0,0,0
FBgn0265922,0,0,0,0
FBgn0265923,0,1,2,2
FBgn0265924,0,1,0,2
FBgn0265925,0,0,0,0
FBgn0265926,1,0,0,0
FBgn0265927,0,0,0,0
FBgn0265928,0,0,4,1
FBgn0265929,1,0,1,1
FBgn0265930,0,0,0,0
FBgn0265931,0,1,1,1
FBgn0265932,0,0,0,0
FBgn0265933,0,0,0,0
FBgn0265934,1,0,1,1
FBgn0265935,15283,16345,25153,24204
FBgn0265937,43,40,26,27
FBgn0265938,0,0,0,1
FBgn0265939,0,0,0,0
FBgn0265940,0,0,1,2
FBgn0265941,2,0,1,0
FBgn0265942,0,0,0,0
FBgn0265943,0,0,0,0
FBgn0265944,0,0,0,0
FBgn0265945,0,0,0,0
FBgn0265946,0,0,0,0
FBgn0265947,0,0,0,0
FBgn0265948,0,0,0,0
FBgn0265949,0,0,0,0
FBgn0265950,0,0,0,0
FBgn0265951,0,0,0,0
FBgn0265952,0,0,0,0
FBgn0265953,0,0,2,0
FBgn0265954,0,0,0,0
FBgn0265955,0,0,0,0
FBgn0265956,1,0,1,1
FBgn0265957,0,0,0,0
FBgn0265958,0,0,0,0
FBgn0265959,74,97,146,148
FBgn0265960,0,0,0,0
FBgn0265961,3,4,3,1
FBgn0265962,19,14,31,20
FBgn0265963,0,0,0,0
FBgn0265964,0,0,0,0
FBgn0265965,0,0,0,0
FBgn0265966,4,2,0,3
FBgn0265967,0,2,3,2
FBgn0265968,0,0,0,0
FBgn0265974,3629,4026,4501,4497
FBgn0265976,0,0,0,0
FBgn0265977,172,292,106,115
FBgn0265978,1,0,1,0
FBgn0265979,0,0,1,0
FBgn0265980,0,1,0,0
FBgn0265981,0,0,0,2
FBgn0265982,0,1,0,2
FBgn0265983,0,0,0,0
FBgn0265984,4,1,1,0
FBgn0265985,2,0,1,2
FBgn0265986,0,0,0,0
FBgn0265987,280,367,277,215
FBgn0265988,4268,4890,5969,6587
FBgn0265991,2561,3040,4651,6039
FBgn0265992,0,0,0,0
FBgn0265993,0,0,0,0
FBgn0265994,0,0,0,0
FBgn0265995,0,0,0,0
FBgn0265996,0,0,0,0
FBgn0265997,5,13,7,16
FBgn0265998,10952,12544,13184,12763
FBgn0265999,0,0,3,0
FBgn0266000,6968,7699,7696,7372
FBgn0266001,0,0,0,0
FBgn0266002,5,2,10,7
FBgn0266003,0,0,0,0
FBgn0266004,0,0,0,0
FBgn0266005,1167,1617,1514,1526
FBgn0266007,0,0,0,0
FBgn0266008,0,0,0,0
FBgn0266009,0,0,0,0
FBgn0266010,0,0,0,0
FBgn0266011,41,50,106,57
FBgn0266019,8729,9006,14489,15483
FBgn0266020,8,6,8,6
FBgn0266021,0,0,1,1
FBgn0266022,0,0,0,0
FBgn0266023,0,0,0,0
FBgn0266024,0,0,0,0
FBgn0266025,0,0,0,0
FBgn0266026,0,0,0,0
FBgn0266027,0,0,0,0
FBgn0266028,90,71,43,59
FBgn0266029,0,0,0,0
FBgn0266030,0,0,0,0
FBgn0266031,0,0,0,0
FBgn0266032,0,2,0,0
FBgn0266033,0,0,0,0
FBgn0266034,0,0,0,0
FBgn0266035,0,0,0,0
FBgn0266036,0,0,0,0
FBgn0266037,0,0,0,0
FBgn0266038,0,0,0,0
FBgn0266039,0,0,0,0
FBgn0266040,0,0,0,0
FBgn0266041,6,8,3,2
FBgn0266042,64,50,162,183
FBgn0266043,0,0,0,0
FBgn0266044,8,14,19,3
FBgn0266045,0,0,0,0
FBgn0266046,3,4,2,7
FBgn0266047,0,0,0,0
FBgn0266048,1,0,0,0
FBgn0266049,17,24,29,24
FBgn0266050,0,0,0,0
FBgn0266051,37,52,45,52
FBgn0266052,0,0,0,0
FBgn0266053,13126,14545,14563,14371
FBgn0266064,22903,22271,29571,28260
FBgn0266065,0,0,1,0
FBgn0266066,0,0,0,0
FBgn0266067,0,0,0,0
FBgn0266068,0,0,0,0
FBgn0266069,0,0,1,2
FBgn0266070,0,0,0,0
FBgn0266071,0,0,0,0
FBgn0266072,0,0,0,0
FBgn0266073,9,9,5,7
FBgn0266074,0,0,0,0
FBgn0266083,3944,4328,6836,6633
FBgn0266084,4165,4014,4982,5002
FBgn0266086,0,0,0,0
FBgn0266087,0,0,0,0
FBgn0266088,11,8,40,59
FBgn0266094,2,8,3,4
FBgn0266095,1,4,0,0
FBgn0266096,530,888,1459,1047
FBgn0266097,0,0,0,0
FBgn0266098,7,17,20,19
FBgn0266099,13,9,13,13
FBgn0266100,0,0,1,0
FBgn0266101,13739,14282,20891,21280
FBgn0266102,0,0,1,1
FBgn0266111,7872,9503,10407,10668
FBgn0266114,0,0,0,0
FBgn0266115,4,4,0,0
FBgn0266116,1,1,0,5
FBgn0266117,34,37,130,79
FBgn0266124,2320,3261,3322,2852
FBgn0266129,343,352,9,20
FBgn0266136,2,1,2,0
FBgn0266137,0,0,0,0
FBgn0266138,0,1,0,0
FBgn0266139,17,26,86,65
FBgn0266140,0,0,0,0
FBgn0266141,2,0,0,0
FBgn0266142,0,0,0,0
FBgn0266143,3,2,1,1
FBgn0266144,0,0,0,0
FBgn0266145,0,4,4,2
FBgn0266146,1,1,0,0
FBgn0266147,0,0,0,0
FBgn0266148,0,0,0,0
FBgn0266149,0,1,0,0
FBgn0266150,0,0,0,0
FBgn0266151,0,0,0,0
FBgn0266152,0,0,0,0
FBgn0266153,0,0,0,0
FBgn0266154,0,0,0,0
FBgn0266155,0,0,0,0
FBgn0266156,0,0,0,0
FBgn0266157,0,0,0,0
FBgn0266158,0,0,0,0
FBgn0266159,0,0,0,0
FBgn0266160,18,16,15,9
FBgn0266161,0,0,0,2
FBgn0266162,3,1,5,1
FBgn0266163,0,0,0,0
FBgn0266164,0,0,0,0
FBgn0266165,0,0,0,0
FBgn0266166,0,0,0,0
FBgn0266167,5,1,0,0
FBgn0266168,0,0,0,0
FBgn0266169,0,0,0,0
FBgn0266170,0,0,0,0
FBgn0266171,0,0,0,0
FBgn0266172,0,0,0,0
FBgn0266173,0,0,0,0
FBgn0266174,0,0,0,0
FBgn0266175,0,0,0,0
FBgn0266176,0,0,0,0
FBgn0266177,0,0,0,0
FBgn0266178,0,1,2,3
FBgn0266179,8,4,5,2
FBgn0266180,40,58,75,52
FBgn0266181,0,0,0,0
FBgn0266182,0,0,0,3
FBgn0266183,27,22,17,24
FBgn0266186,5504,6801,8328,7560
FBgn0266195,0,0,0,0
FBgn0266196,1,5,0,0
FBgn0266197,83,99,91,98
FBgn0266198,0,1,0,0
FBgn0266199,408,538,304,270
FBgn0266200,1,2,3,1
FBgn0266201,0,1,0,1
FBgn0266202,0,2,0,0
FBgn0266203,0,0,0,0
FBgn0266204,13,11,8,8
FBgn0266205,0,0,0,0
FBgn0266206,0,0,0,0
FBgn0266207,0,0,0,0
FBgn0266208,0,1,0,1
FBgn0266209,1,0,1,1
FBgn0266210,0,0,0,1
FBgn0266211,64,63,204,155
FBgn0266212,4,6,4,6
FBgn0266213,0,0,0,0
FBgn0266214,0,0,0,0
FBgn0266215,202,338,62,83
FBgn0266216,6,11,4,3
FBgn0266217,4,1,1,2
FBgn0266218,0,0,1,0
FBgn0266219,25,27,34,29
FBgn0266220,0,0,0,0
FBgn0266221,0,0,0,0
FBgn0266222,0,2,2,4
FBgn0266223,0,0,2,2
FBgn0266224,0,0,0,0
FBgn0266225,1,0,1,0
FBgn0266226,0,0,0,0
FBgn0266227,0,3,3,6
FBgn0266228,4,7,5,9
FBgn0266229,0,0,0,0
FBgn0266230,0,0,0,0
FBgn0266231,0,0,0,0
FBgn0266232,0,0,0,0
FBgn0266233,1,0,0,0
FBgn0266234,0,0,0,0
FBgn0266235,0,0,0,0
FBgn0266236,0,0,0,0
FBgn0266237,0,1,0,0
FBgn0266238,0,0,0,0
FBgn0266239,0,0,0,0
FBgn0266240,0,0,0,0
FBgn0266241,0,0,0,0
FBgn0266242,0,0,1,0
FBgn0266243,5,3,6,6
FBgn0266244,0,0,0,0
FBgn0266245,0,0,0,0
FBgn0266246,0,0,0,0
FBgn0266247,0,0,0,0
FBgn0266248,0,0,0,0
FBgn0266249,0,0,0,0
FBgn0266250,0,0,0,0
FBgn0266251,0,0,0,0
FBgn0266252,0,0,0,0
FBgn0266253,0,0,0,0
FBgn0266254,0,0,0,0
FBgn0266255,0,0,0,0
FBgn0266256,0,0,0,0
FBgn0266257,0,0,0,0
FBgn0266258,2,6,67,99
FBgn0266259,0,0,0,4
FBgn0266260,0,0,0,0
FBgn0266261,0,0,0,0
FBgn0266262,10,12,25,19
FBgn0266263,0,0,2,1
FBgn0266264,16,13,18,10
FBgn0266268,4416,4160,7296,6446
FBgn0266275,36,32,35,31
FBgn0266276,8,4,12,1
FBgn0266277,35,44,5,11
FBgn0266278,0,0,0,0
FBgn0266279,20,15,7,26
FBgn0266280,0,0,1,0
FBgn0266281,252,305,20,18
FBgn0266282,6413,8296,6879,6593
FBgn0266284,5006,3581,8472,8126
FBgn0266302,0,0,0,0
FBgn0266303,6,4,1,0
FBgn0266304,45,55,11,1
FBgn0266305,0,2,2,2
FBgn0266306,0,0,0,0
FBgn0266307,0,1,2,1
FBgn0266308,0,0,0,0
FBgn0266309,109,87,98,88
FBgn0266310,3,4,42,33
FBgn0266311,1,2,2,0
FBgn0266312,29,38,5,3
FBgn0266313,0,0,0,0
FBgn0266314,0,0,0,0
FBgn0266315,0,0,0,0
FBgn0266316,6,1,0,1
FBgn0266317,1,5,3,0
FBgn0266318,0,0,0,0
FBgn0266319,18,21,43,42
FBgn0266320,0,0,1,2
FBgn0266321,3,1,3,0
FBgn0266322,121,176,109,83
FBgn0266323,0,0,0,0
FBgn0266324,3,3,1,1
FBgn0266325,0,0,0,0
FBgn0266326,2,1,0,2
FBgn0266327,8,16,7,10
FBgn0266328,0,1,2,1
FBgn0266329,42,34,96,52
FBgn0266330,1,0,0,0
FBgn0266331,24,28,117,114
FBgn0266346,80,64,91,119
FBgn0266347,2600,3561,6411,6801
FBgn0266348,0,1,0,0
FBgn0266349,7,1,1,0
FBgn0266350,11,13,8,10
FBgn0266351,39,47,64,45
FBgn0266352,1,0,0,0
FBgn0266354,8,8,7,17
FBgn0266355,0,0,0,0
FBgn0266356,0,5,2,5
FBgn0266357,0,0,0,0
FBgn0266358,0,0,0,0
FBgn0266359,21,34,8,6
FBgn0266360,0,0,2,2
FBgn0266361,2,7,8,16
FBgn0266362,2,4,0,0
FBgn0266363,0,0,0,0
FBgn0266364,0,0,0,0
FBgn0266365,0,0,0,0
FBgn0266366,0,0,0,0
FBgn0266369,6739,8240,7680,7491
FBgn0266371,0,0,0,0
FBgn0266372,6,7,101,69
FBgn0266376,183,200,336,238
FBgn0266377,627,670,1052,1082
FBgn0266378,0,0,0,0
FBgn0266379,0,0,0,2
FBgn0266380,0,0,0,0
FBgn0266381,0,0,0,0
FBgn0266382,0,0,0,0
FBgn0266383,0,0,0,0
FBgn0266384,29,37,20,38
FBgn0266388,23,15,9,3
FBgn0266389,0,0,0,0
FBgn0266390,1,0,0,0
FBgn0266391,0,0,0,0
FBgn0266392,0,0,0,0
FBgn0266393,0,0,0,0
FBgn0266394,0,0,0,0
FBgn0266395,0,0,0,0
FBgn0266396,4,1,187,172
FBgn0266397,0,0,2,0
FBgn0266398,0,0,1,0
FBgn0266399,0,1,2,0
FBgn0266400,0,0,0,0
FBgn0266401,0,0,0,0
FBgn0266402,0,0,0,0
FBgn0266403,0,0,0,1
FBgn0266404,15,7,1,1
FBgn0266405,1,1,0,2
FBgn0266406,0,0,0,2
FBgn0266407,3,1,5,7
FBgn0266408,29,46,87,79
FBgn0266409,5297,7446,4803,5100
FBgn0266410,38677,47352,36316,39583
FBgn0266411,12068,11140,10682,11162
FBgn0266412,24,29,62,71
FBgn0266413,16,15,1,6
FBgn0266414,2,3,3,2
FBgn0266415,0,0,0,0
FBgn0266416,0,0,0,0
FBgn0266417,38,57,95,71
FBgn0266418,418,436,2441,2472
FBgn0266419,0,0,0,0
FBgn0266420,9113,7774,14993,13622
FBgn0266421,4047,3806,8085,6391
FBgn0266428,207,145,905,1177
FBgn0266429,10,7,11,6
FBgn0266430,0,0,0,0
FBgn0266431,0,0,0,0
FBgn0266432,0,0,0,0
FBgn0266433,2,0,1,0
FBgn0266434,0,0,0,0
FBgn0266435,0,0,0,0
FBgn0266436,0,0,0,0
FBgn0266437,7,6,5,6
FBgn0266438,0,0,0,0
FBgn0266439,0,0,0,0
FBgn0266441,3258,3439,3884,3333
FBgn0266442,0,0,0,0
FBgn0266443,0,0,0,0
FBgn0266445,0,0,0,0
FBgn0266446,229,225,402,383
FBgn0266448,78,102,110,134
FBgn0266449,6855,7155,9346,8905
FBgn0266450,88,154,123,164
FBgn0266451,3,4,4,6
FBgn0266452,10773,13246,14450,14984
FBgn0266454,0,0,0,0
FBgn0266455,0,0,0,0
FBgn0266456,12,17,10,16
FBgn0266457,249,326,332,265
FBgn0266459,0,0,0,0
FBgn0266464,4088,3934,5579,5671
FBgn0266465,2886,2371,3577,3910
FBgn0266486,0,0,0,0
FBgn0266487,0,0,0,0
FBgn0266488,0,0,0,0
FBgn0266489,0,0,0,0
FBgn0266490,0,0,0,0
FBgn0266491,0,0,0,0
FBgn0266492,1,1,0,0
FBgn0266518,3238,2500,5542,5074
FBgn0266521,25485,29860,49112,46676
FBgn0266525,0,0,0,0
FBgn0266526,0,0,0,0
FBgn0266534,1,3,2,2
FBgn0266535,0,0,0,1
FBgn0266536,0,0,0,0
FBgn0266537,0,0,0,0
FBgn0266538,0,0,0,0
FBgn0266539,0,0,0,0
FBgn0266540,0,0,0,0
FBgn0266549,4099,5095,7099,7336
FBgn0266557,46925,56129,52560,55374
FBgn0266564,0,0,0,0
FBgn0266565,0,0,0,0
FBgn0266566,0,0,0,0
FBgn0266568,0,0,0,0
FBgn0266569,1250,1161,3130,2201
FBgn0266570,23498,25621,31442,30302
FBgn0266572,12582,13567,13709,13612
FBgn0266573,0,0,0,0
FBgn0266574,0,0,0,0
FBgn0266577,18,16,21,22
FBgn0266578,0,0,0,0
FBgn0266579,7,12,13,11
FBgn0266580,23383,32370,26954,28389
FBgn0266581,10889,12864,19231,19145
FBgn0266582,4658,3206,9540,8002
FBgn0266585,0,0,0,0
FBgn0266586,0,0,0,0
FBgn0266587,0,0,0,0
FBgn0266588,0,0,0,0
FBgn0266589,0,0,0,0
FBgn0266590,0,0,0,0
FBgn0266591,0,0,0,0
FBgn0266592,0,0,0,0
FBgn0266593,2,0,0,0
FBgn0266594,2,2,3,1
FBgn0266595,0,0,0,0
FBgn0266596,0,2,0,2
FBgn0266598,858,1425,2323,1820
FBgn0266599,203339,171249,601723,595904
FBgn0266615,0,0,0,0
FBgn0266616,0,1,0,0
FBgn0266617,11,9,83,74
FBgn0266618,0,0,0,0
FBgn0266619,1690,2218,2595,2417
FBgn0266620,0,0,0,0
FBgn0266621,4,9,14,19
FBgn0266622,0,0,0,0
FBgn0266623,11,14,5,9
FBgn0266624,3,2,3,3
FBgn0266625,5,8,14,8
FBgn0266626,7,6,0,1
FBgn0266627,110,129,191,153
FBgn0266628,19,23,12,5
FBgn0266629,0,0,1,1
FBgn0266630,0,2,0,0
FBgn0266631,0,0,0,0
FBgn0266632,0,0,0,0
FBgn0266633,4,22,6,12
FBgn0266634,30,26,4,5
FBgn0266635,4,12,2,0
FBgn0266636,29,54,70,67
FBgn0266637,4,7,0,0
FBgn0266638,19,10,11,9
FBgn0266639,13,3,0,0
FBgn0266640,0,0,0,0
FBgn0266641,3,6,4,2
FBgn0266642,17,31,17,22
FBgn0266643,0,0,0,0
FBgn0266644,21,9,3,3
FBgn0266645,26,6,1,1
FBgn0266646,0,0,0,0
FBgn0266647,0,0,0,0
FBgn0266648,0,0,0,0
FBgn0266649,294,231,599,548
FBgn0266650,0,1,1,1
FBgn0266651,7,6,6,17
FBgn0266652,0,1,0,0
FBgn0266653,10,9,5,5
FBgn0266654,0,0,3,2
FBgn0266655,44,36,66,67
FBgn0266656,3,2,1,0
FBgn0266657,32,54,69,45
FBgn0266666,7609,9605,16984,13970
FBgn0266667,3376,4087,2870,2824
FBgn0266668,1874,1934,2812,2665
FBgn0266669,5671,6931,6621,6764
FBgn0266670,2563,2033,4495,4337
FBgn0266671,2483,2891,3136,2826
FBgn0266672,8251,8709,11130,10874
FBgn0266673,2880,3863,4103,4165
FBgn0266674,4677,4940,5352,5060
FBgn0266675,11,8,10,9
FBgn0266676,1,0,0,0
FBgn0266677,1,0,0,0
FBgn0266678,1,0,2,4
FBgn0266679,0,0,2,7
FBgn0266680,0,0,0,0
FBgn0266681,431,568,789,682
FBgn0266682,3,1,0,1
FBgn0266683,0,0,0,0
FBgn0266684,1,2,0,0
FBgn0266685,73,76,146,119
FBgn0266686,16,17,22,23
FBgn0266687,0,10,9,8
FBgn0266688,0,0,0,0
FBgn0266689,0,1,4,2
FBgn0266690,2,1,1,0
FBgn0266691,4,12,3,5
FBgn0266692,4,1,1,0
FBgn0266693,0,0,0,0
FBgn0266694,0,3,0,0
FBgn0266696,20069,18189,29644,31168
FBgn0266697,37,57,51,30
FBgn0266698,0,1,1,1
FBgn0266699,199,256,225,246
FBgn0266700,33,19,26,36
FBgn0266701,0,0,0,0
FBgn0266702,0,0,1,0
FBgn0266703,1,0,0,0
FBgn0266705,3,1,1,0
FBgn0266706,3,4,3,2
FBgn0266707,0,0,0,0
FBgn0266708,10,3,1,5
FBgn0266709,12,12,13,15
FBgn0266710,0,1,2,2
FBgn0266711,4456,4660,7713,6943
FBgn0266717,15853,18481,19794,20622
FBgn0266719,2142,3039,2467,2506
FBgn0266720,5338,6600,6139,5804
FBgn0266721,5,4,4,4
FBgn0266722,258,286,511,416
FBgn0266723,916,1190,1538,1309
FBgn0266724,898,1413,2391,1673
FBgn0266725,0,0,3,4
FBgn0266726,1,0,0,0
FBgn0266727,6,6,12,11
FBgn0266728,0,0,0,0
FBgn0266729,16,7,2,0
FBgn0266730,0,0,0,0
FBgn0266731,0,0,0,0
FBgn0266732,0,0,0,0
FBgn0266733,0,0,0,0
FBgn0266734,0,0,0,0
FBgn0266735,13,16,0,0
FBgn0266736,3,1,1,1
FBgn0266737,0,2,1,0
FBgn0266738,1,1,5,2
FBgn0266739,29,29,35,26
FBgn0266740,0,1,1,1
FBgn0266741,44,47,5,4
FBgn0266742,140,217,23,14
FBgn0266743,0,0,0,0
FBgn0266744,6,7,7,6
FBgn0266745,19,22,22,13
FBgn0266747,0,0,0,0
FBgn0266748,3,2,0,0
FBgn0266749,0,0,0,0
FBgn0266750,2,6,2,0
FBgn0266751,1,1,3,2
FBgn0266752,152,168,141,166
FBgn0266753,0,0,0,1
FBgn0266756,1671,1498,4164,4748
FBgn0266757,3,1,2,10
FBgn0266758,373,447,410,509
FBgn0266762,1,0,0,0
FBgn0266763,0,0,0,0
FBgn0266764,0,0,0,0
FBgn0266766,2,2,0,3
FBgn0266768,241,407,767,631
FBgn0266769,0,0,0,0
FBgn0266771,0,0,0,0
FBgn0266772,0,0,0,0
FBgn0266773,0,0,0,0
FBgn0266774,0,0,0,0
FBgn0266775,0,0,0,0
FBgn0266776,0,0,1,0
FBgn0266777,0,0,0,0
FBgn0266778,0,0,1,1
FBgn0266780,0,0,0,0
FBgn0266781,0,0,0,0
FBgn0266782,0,0,0,0
FBgn0266783,0,0,0,0
FBgn0266784,0,0,0,0
FBgn0266785,0,0,0,0
FBgn0266786,0,0,85,79
FBgn0266787,0,2,0,0
FBgn0266788,0,0,0,0
FBgn0266789,0,0,0,0
FBgn0266790,0,0,0,0
FBgn0266791,0,0,0,0
FBgn0266795,0,0,0,0
FBgn0266796,0,0,0,0
FBgn0266797,0,0,0,1
FBgn0266798,0,0,0,0
FBgn0266799,0,0,3,2
FBgn0266800,0,0,0,0
FBgn0266801,119,144,150,216
FBgn0266802,12,14,30,20
FBgn0266803,0,0,0,0
FBgn0266804,0,0,0,0
FBgn0266805,0,0,0,0
FBgn0266806,1,1,0,0
FBgn0266807,4,6,12,21
FBgn0266808,5,3,3,3
FBgn0266809,0,0,0,0
FBgn0266810,0,0,0,0
FBgn0266811,0,0,1,0
FBgn0266812,0,0,0,0
FBgn0266813,26,11,2,10
FBgn0266814,0,0,0,0
FBgn0266815,0,0,0,0
FBgn0266816,0,0,0,0
FBgn0266817,18,16,3,5
FBgn0266818,7,15,4,6
FBgn0266819,4,8,2,3
FBgn0266820,0,0,0,0
FBgn0266821,0,0,0,0
FBgn0266822,0,0,0,0
FBgn0266823,0,0,0,0
FBgn0266824,0,0,1,0
FBgn0266825,0,0,0,0
FBgn0266826,0,0,0,0
FBgn0266827,0,0,0,0
FBgn0266828,2,1,5,2
FBgn0266829,2,1,8,2
FBgn0266830,0,0,0,0
FBgn0266831,0,0,0,0
FBgn0266832,0,0,0,0
FBgn0266833,0,0,0,0
FBgn0266834,0,0,0,0
FBgn0266835,0,0,0,0
FBgn0266836,2,4,3,3
FBgn0266837,0,0,0,2
FBgn0266838,1,0,1,1
FBgn0266839,0,0,0,0
FBgn0266840,0,0,0,0
FBgn0266841,0,0,0,0
FBgn0266842,0,0,0,0
FBgn0266843,13,25,8,2
FBgn0266844,0,0,0,0
FBgn0266845,0,0,0,0
FBgn0266846,0,0,0,0
FBgn0266847,0,0,0,0
FBgn0266848,12737,17100,16562,16547
FBgn0266849,0,0,0,0
FBgn0266850,0,1,0,0
FBgn0266851,0,0,0,0
FBgn0266852,0,0,0,0
FBgn0266853,0,0,0,0
FBgn0266854,1,0,0,0
FBgn0266855,0,0,0,0
FBgn0266856,0,0,0,2
FBgn0266857,0,0,0,0
FBgn0266858,0,1,0,0
FBgn0266859,0,0,0,0
FBgn0266860,3,0,0,0
FBgn0266861,0,0,0,0
FBgn0266862,0,0,0,0
FBgn0266863,9,13,2,4
FBgn0266864,3,0,2,4
FBgn0266865,4,1,0,1
FBgn0266866,9,5,8,3
FBgn0266867,0,0,0,0
FBgn0266868,0,0,0,0
FBgn0266869,0,0,0,0
FBgn0266870,0,0,0,0
FBgn0266871,0,0,0,0
FBgn0266872,0,0,0,0
FBgn0266873,0,0,0,0
FBgn0266874,0,0,0,1
FBgn0266875,0,0,0,0
FBgn0266876,0,0,0,0
FBgn0266877,0,0,0,0
FBgn0266878,0,0,0,0
FBgn0266879,0,0,0,1
FBgn0266880,0,1,1,0
FBgn0266881,0,0,0,0
FBgn0266882,0,0,0,0
FBgn0266883,0,0,0,0
FBgn0266884,0,0,0,1
FBgn0266885,0,0,0,0
FBgn0266886,0,0,0,0
FBgn0266887,0,0,0,0
FBgn0266888,0,0,0,0
FBgn0266889,33,31,16,14
FBgn0266891,0,0,0,0
FBgn0266892,0,0,3,0
FBgn0266893,0,0,0,0
FBgn0266894,0,4,0,0
FBgn0266895,3,2,4,3
FBgn0266896,0,0,0,0
FBgn0266897,0,0,0,0
FBgn0266898,0,0,0,0
FBgn0266899,0,0,0,0
FBgn0266900,0,0,1,0
FBgn0266901,0,0,0,0
FBgn0266902,0,0,0,0
FBgn0266903,0,0,0,0
FBgn0266904,0,0,0,0
FBgn0266905,0,0,0,0
FBgn0266906,12,7,6,8
FBgn0266907,8,18,1,4
FBgn0266908,0,0,0,0
FBgn0266909,2,0,1,0
FBgn0266910,0,0,0,0
FBgn0266911,0,1,3,6
FBgn0266912,0,1,0,1
FBgn0266913,0,0,0,0
FBgn0266914,0,0,0,0
FBgn0266915,0,0,0,0
FBgn0266916,9286,10916,12509,12568
FBgn0266917,5759,5670,7498,7364
FBgn0266918,1890,2106,3280,3424
FBgn0266925,0,2,2,1
FBgn0266926,0,0,0,0
FBgn0266927,0,0,0,0
FBgn0266928,0,0,0,0
FBgn0266929,7,5,7,9
FBgn0266930,0,0,0,0
FBgn0266931,1,1,0,1
FBgn0266932,0,0,0,0
FBgn0266933,0,0,0,0
FBgn0266934,0,0,0,0
FBgn0266935,0,0,1,0
FBgn0266936,0,0,0,0
FBgn0266937,0,0,1,0
FBgn0266938,0,0,0,0
FBgn0266939,0,0,0,0
FBgn0266940,8,11,2,1
FBgn0266941,0,0,0,0
FBgn0266942,0,0,0,0
FBgn0266943,0,0,0,0
FBgn0266944,0,0,0,0
FBgn0266945,11,12,7,6
FBgn0266946,22,14,0,0
FBgn0266947,0,0,0,0
FBgn0266948,0,0,0,0
FBgn0266949,0,0,0,0
FBgn0266950,1,0,0,0
FBgn0266951,1,1,0,0
FBgn0266952,0,0,0,0
FBgn0266953,0,0,7,12
FBgn0266954,1,0,0,0
FBgn0266955,0,0,0,0
FBgn0266956,0,1,1,2
FBgn0266957,0,0,0,0
FBgn0266958,1501,1767,1216,1286
FBgn0266959,0,0,0,0
FBgn0266960,1,0,1,0
FBgn0266961,0,0,0,0
FBgn0266962,0,0,0,0
FBgn0266963,0,0,0,0
FBgn0266964,0,0,0,0
FBgn0266965,0,0,0,0
FBgn0266966,0,0,0,0
FBgn0266967,0,0,0,0
FBgn0266968,0,0,0,0
FBgn0266969,0,0,0,0
FBgn0266970,0,0,0,0
FBgn0266971,1,2,1,0
FBgn0266972,0,0,0,0
FBgn0266973,0,0,0,1
FBgn0266974,0,0,0,0
FBgn0266975,0,0,0,0
FBgn0266976,0,0,0,0
FBgn0266977,0,0,0,0
FBgn0266978,0,0,0,0
FBgn0266979,0,0,0,0
FBgn0266980,0,0,0,0
FBgn0266981,0,0,0,0
FBgn0266982,226,319,154,111
FBgn0266983,0,0,0,0
FBgn0266984,0,0,0,0
FBgn0266985,0,0,0,0
FBgn0266986,0,0,0,0
FBgn0266987,5,19,0,4
FBgn0266988,0,0,0,0
FBgn0266989,0,0,0,0
FBgn0266990,0,1,1,2
FBgn0266991,0,0,0,0
FBgn0266992,0,0,0,0
FBgn0266993,92,114,99,74
FBgn0266994,1,0,1,3
FBgn0266995,0,0,0,0
FBgn0267001,101,131,637,770
FBgn0267002,2324,2728,3252,3305
FBgn0267003,1,0,0,1
FBgn0267004,0,0,0,0
FBgn0267005,0,0,0,0
FBgn0267006,0,0,0,0
FBgn0267007,0,0,0,0
FBgn0267008,0,0,0,0
FBgn0267009,52,42,69,48
FBgn0267010,4,1,16,6
FBgn0267011,0,0,0,0
FBgn0267012,0,0,0,0
FBgn0267013,0,0,0,0
FBgn0267014,45,50,61,54
FBgn0267015,0,0,0,0
FBgn0267016,0,0,0,0
FBgn0267017,0,0,0,0
FBgn0267018,0,0,0,0
FBgn0267019,5,5,10,18
FBgn0267020,1,0,0,1
FBgn0267021,1,0,0,0
FBgn0267022,47,67,56,48
FBgn0267023,33,38,100,84
FBgn0267024,0,0,0,0
FBgn0267025,0,0,0,0
FBgn0267026,1,0,0,0
FBgn0267027,0,0,2,0
FBgn0267028,31,50,12,7
FBgn0267029,100,191,242,215
FBgn0267030,17,10,29,23
FBgn0267031,3,4,6,4
FBgn0267032,0,0,0,0
FBgn0267033,1566,2054,3593,3987
FBgn0267034,7,12,7,5
FBgn0267035,63,83,77,78
FBgn0267036,8,14,3,3
FBgn0267037,225,200,213,208
FBgn0267038,1,0,0,0
FBgn0267039,0,0,0,2
FBgn0267040,0,2,1,0
FBgn0267041,79,59,178,171
FBgn0267042,0,0,0,0
FBgn0267043,0,0,0,0
FBgn0267044,0,0,0,0
FBgn0267045,0,0,0,0
FBgn0267046,0,0,0,0
FBgn0267047,0,0,0,0
FBgn0267048,0,0,0,0
FBgn0267049,0,0,0,0
FBgn0267050,0,0,0,0
FBgn0267051,0,0,0,0
FBgn0267052,0,0,0,0
FBgn0267053,0,0,0,0
FBgn0267054,0,0,0,0
FBgn0267055,0,0,0,0
FBgn0267056,0,0,2,0
FBgn0267057,40,34,29,31
FBgn0267058,0,1,0,1
FBgn0267059,0,0,0,0
FBgn0267060,0,0,0,0
FBgn0267061,0,0,0,0
FBgn0267062,1,0,2,0
FBgn0267063,11,12,13,8
FBgn0267064,11,13,35,22
FBgn0267065,0,0,0,0
FBgn0267066,0,1,0,0
FBgn0267067,11,24,27,23
FBgn0267068,0,0,0,0
FBgn0267069,0,0,0,0
FBgn0267070,1,0,5,1
FBgn0267071,0,0,0,0
FBgn0267072,3,2,0,1
FBgn0267073,144,232,169,139
FBgn0267074,0,0,1,0
FBgn0267075,0,0,0,0
FBgn0267076,2,1,0,1
FBgn0267077,0,0,0,0
FBgn0267078,0,0,0,0
FBgn0267079,0,0,0,0
FBgn0267080,0,0,0,0
FBgn0267081,49,50,34,28
FBgn0267082,0,0,0,0
FBgn0267083,0,0,0,0
FBgn0267084,10,25,7,18
FBgn0267085,0,0,0,0
FBgn0267086,33,58,84,36
FBgn0267087,12,0,1,0
FBgn0267088,0,0,0,0
FBgn0267089,0,0,0,0
FBgn0267090,0,0,0,0
FBgn0267091,0,0,0,0
FBgn0267096,0,0,0,0
FBgn0267097,0,0,0,0
FBgn0267098,0,0,0,0
FBgn0267099,0,0,0,0
FBgn0267100,1,2,2,3
FBgn0267101,1,3,1,2
FBgn0267102,3,4,0,0
FBgn0267103,0,5,0,0
FBgn0267104,10,17,48,49
FBgn0267105,0,0,0,0
FBgn0267106,0,0,0,0
FBgn0267107,0,0,0,0
FBgn0267108,0,0,0,0
FBgn0267109,3,18,13,7
FBgn0267110,0,0,0,0
FBgn0267111,0,0,1,0
FBgn0267112,1,0,3,1
FBgn0267113,0,0,0,0
FBgn0267114,0,0,0,0
FBgn0267115,0,2,0,0
FBgn0267116,0,0,0,0
FBgn0267117,0,1,10,5
FBgn0267118,0,0,0,0
FBgn0267119,0,0,0,0
FBgn0267120,0,0,0,0
FBgn0267121,0,0,0,0
FBgn0267122,0,0,0,0
FBgn0267123,0,0,0,0
FBgn0267124,21,30,14,7
FBgn0267125,0,0,0,0
FBgn0267126,82,97,63,51
FBgn0267127,0,1,1,0
FBgn0267128,0,0,0,0
FBgn0267129,0,0,0,0
FBgn0267130,1,0,0,0
FBgn0267131,0,0,2,1
FBgn0267132,0,0,0,0
FBgn0267133,0,0,0,0
FBgn0267134,0,0,0,0
FBgn0267135,0,0,0,0
FBgn0267136,0,0,0,0
FBgn0267137,15,26,26,8
FBgn0267138,0,0,0,0
FBgn0267139,0,0,0,0
FBgn0267140,1,3,0,0
FBgn0267141,3,0,0,0
FBgn0267142,0,0,0,0
FBgn0267143,0,0,0,0
FBgn0267144,0,0,0,0
FBgn0267145,24,25,28,21
FBgn0267146,0,0,0,0
FBgn0267147,0,0,0,0
FBgn0267148,0,0,3,1
FBgn0267149,0,0,0,0
FBgn0267150,0,0,0,0
FBgn0267151,0,1,0,3
FBgn0267152,0,0,0,0
FBgn0267153,0,0,0,0
FBgn0267154,1,0,0,0
FBgn0267155,3,5,5,6
FBgn0267156,67,86,523,405
FBgn0267157,1,2,0,0
FBgn0267158,0,0,0,0
FBgn0267159,0,0,0,0
FBgn0267160,536,662,1055,1118
FBgn0267161,331,382,45,35
FBgn0267162,0,0,0,5
FBgn0267163,1,0,0,1
FBgn0267164,21,26,3,4
FBgn0267165,1,2,0,0
FBgn0267166,0,0,0,0
FBgn0267167,0,0,0,0
FBgn0267168,0,1,0,0
FBgn0267169,0,0,0,0
FBgn0267170,0,0,0,0
FBgn0267171,4,5,2,0
FBgn0267172,11,2,0,0
FBgn0267173,0,0,0,0
FBgn0267174,0,0,0,0
FBgn0267175,6,8,20,11
FBgn0267176,27,23,62,48
FBgn0267177,7,16,37,53
FBgn0267178,13,13,5,2
FBgn0267179,0,0,2,0
FBgn0267180,4,8,10,4
FBgn0267181,1,0,0,1
FBgn0267182,0,0,0,0
FBgn0267183,1,1,4,11
FBgn0267184,1,0,0,0
FBgn0267185,0,0,1,0
FBgn0267186,0,0,0,0
FBgn0267187,0,0,0,0
FBgn0267188,0,0,0,0
FBgn0267189,1,0,0,2
FBgn0267190,0,0,0,0
FBgn0267191,156,304,8,8
FBgn0267192,1,0,3,1
FBgn0267193,0,0,0,0
FBgn0267194,0,0,0,0
FBgn0267195,0,0,0,0
FBgn0267196,0,0,0,0
FBgn0267197,0,0,0,0
FBgn0267198,0,0,0,0
FBgn0267199,0,1,0,0
FBgn0267200,1,3,5,7
FBgn0267201,0,0,0,0
FBgn0267202,0,0,0,0
FBgn0267203,0,6,0,1
FBgn0267204,1,0,1,0
FBgn0267205,1,2,0,0
FBgn0267206,2,15,16,16
FBgn0267207,8,9,7,1
FBgn0267208,0,0,0,0
FBgn0267209,0,0,0,0
FBgn0267210,7,7,3,2
FBgn0267211,0,0,0,0
FBgn0267212,0,0,0,0
FBgn0267213,0,0,0,0
FBgn0267214,0,0,0,0
FBgn0267215,0,0,0,0
FBgn0267216,0,3,1,2
FBgn0267217,0,0,0,0
FBgn0267218,0,0,0,0
FBgn0267219,3,1,1,0
FBgn0267220,0,0,0,0
FBgn0267221,1,1,2,0
FBgn0267222,0,0,0,0
FBgn0267223,0,0,0,0
FBgn0267224,0,0,0,0
FBgn0267225,2,1,0,3
FBgn0267226,4,5,10,7
FBgn0267227,4,2,3,5
FBgn0267228,70,79,81,90
FBgn0267229,0,0,0,0
FBgn0267230,1,0,1,0
FBgn0267231,0,0,0,0
FBgn0267232,0,0,0,0
FBgn0267233,0,1,0,0
FBgn0267234,1,0,0,0
FBgn0267235,0,0,0,0
FBgn0267236,0,0,0,0
FBgn0267237,3,6,7,6
FBgn0267238,0,0,0,0
FBgn0267239,0,0,0,0
FBgn0267240,0,0,0,0
FBgn0267241,9,8,13,12
FBgn0267242,26,19,35,43
FBgn0267243,16,22,4,3
FBgn0267244,0,0,0,0
FBgn0267245,0,0,0,0
FBgn0267246,0,0,0,0
FBgn0267247,2,0,0,0
FBgn0267248,0,0,0,0
FBgn0267249,0,0,0,0
FBgn0267252,3,1,0,1
FBgn0267253,1,0,0,5
FBgn0267254,0,0,0,0
FBgn0267255,0,0,0,0
FBgn0267256,0,0,0,0
FBgn0267257,3,2,1,0
FBgn0267258,0,0,1,0
FBgn0267259,0,0,0,0
FBgn0267260,0,0,0,0
FBgn0267261,0,0,0,0
FBgn0267262,0,0,0,0
FBgn0267263,0,0,0,0
FBgn0267264,0,0,0,0
FBgn0267265,0,0,0,0
FBgn0267266,0,0,0,0
FBgn0267267,0,0,0,0
FBgn0267268,0,0,0,0
FBgn0267269,0,0,0,0
FBgn0267270,0,0,0,0
FBgn0267271,0,0,0,0
FBgn0267272,3,1,5,2
FBgn0267273,0,0,1,0
FBgn0267274,1,0,1,2
FBgn0267275,0,0,0,0
FBgn0267276,1,2,0,1
FBgn0267277,0,0,0,1
FBgn0267278,292,300,667,526
FBgn0267279,39,62,79,46
FBgn0267280,0,0,3,1
FBgn0267281,0,0,0,0
FBgn0267282,0,0,0,0
FBgn0267283,1,0,0,0
FBgn0267284,0,0,0,0
FBgn0267285,0,0,0,0
FBgn0267286,2,9,10,6
FBgn0267287,4,4,6,4
FBgn0267288,0,0,0,0
FBgn0267289,0,0,0,0
FBgn0267290,0,0,0,0
FBgn0267291,0,0,0,0
FBgn0267292,0,0,0,0
FBgn0267293,0,0,0,0
FBgn0267294,2,2,0,1
FBgn0267295,0,0,0,0
FBgn0267296,4,8,27,25
FBgn0267297,0,0,0,0
FBgn0267298,0,0,1,0
FBgn0267299,0,0,0,0
FBgn0267300,0,0,0,0
FBgn0267301,0,0,0,0
FBgn0267302,0,3,0,1
FBgn0267303,0,0,0,1
FBgn0267304,1,1,0,0
FBgn0267305,0,0,0,0
FBgn0267306,0,0,0,0
FBgn0267307,0,0,0,0
FBgn0267308,0,0,0,1
FBgn0267309,0,0,0,0
FBgn0267310,0,0,0,0
FBgn0267311,0,0,0,0
FBgn0267312,0,0,0,0
FBgn0267313,0,0,0,0
FBgn0267314,0,0,0,0
FBgn0267315,0,0,0,0
FBgn0267316,0,0,0,0
FBgn0267317,0,0,0,0
FBgn0267318,1,0,3,2
FBgn0267319,0,0,0,1
FBgn0267320,176,183,111,127
FBgn0267321,0,0,0,0
FBgn0267322,0,0,0,1
FBgn0267323,1,0,0,0
FBgn0267326,3,0,0,0
FBgn0267327,0,0,0,0
FBgn0267330,8952,10492,14197,13096
FBgn0267336,2088,2149,4814,5627
FBgn0267337,12,7,33,44
FBgn0267339,18,16,40,43
FBgn0267347,5406,7693,10123,8682
FBgn0267348,1958,2118,5108,5890
FBgn0267350,8118,6875,10844,10453
FBgn0267351,4580,4483,5453,5393
FBgn0267363,0,0,4,2
FBgn0267365,3626,5662,5163,4238
FBgn0267366,4,2,2,1
FBgn0267376,2806,3096,4806,4342
FBgn0267378,10804,13472,14488,13789
FBgn0267383,2,0,0,0
FBgn0267384,5246,5894,7338,6546
FBgn0267385,33609,25174,80297,76306
FBgn0267390,10120,10247,12008,12288
FBgn0267398,8592,13351,19889,16668
FBgn0267399,0,0,0,0
FBgn0267400,0,0,0,0
FBgn0267408,773,808,4068,4025
FBgn0267411,0,0,0,0
FBgn0267412,0,0,0,0
FBgn0267413,0,0,0,0
FBgn0267417,0,0,0,0
FBgn0267418,0,0,0,0
FBgn0267419,0,0,0,0
FBgn0267420,0,0,0,0
FBgn0267422,0,0,0,0
FBgn0267423,0,0,0,0
FBgn0267424,0,0,0,0
FBgn0267425,42,35,14,12
FBgn0267426,0,0,0,0
FBgn0267427,0,0,0,0
FBgn0267428,4,8,89,113
FBgn0267429,4,8,15,11
FBgn0267430,1,6,2,2
FBgn0267431,3,1,12,10
FBgn0267432,0,0,0,0
FBgn0267433,0,0,0,0
FBgn0267435,13,29,40,42
FBgn0267438,0,0,0,0
FBgn0267439,14,24,23,24
FBgn0267440,0,1,2,0
FBgn0267441,6,5,0,0
FBgn0267442,0,0,0,0
FBgn0267443,119,148,75,53
FBgn0267444,0,0,0,0
FBgn0267445,0,0,0,0
FBgn0267446,0,0,0,0
FBgn0267447,0,0,0,0
FBgn0267448,77,41,3,3
FBgn0267449,0,0,0,0
FBgn0267450,9,13,0,2
FBgn0267451,4,1,0,0
FBgn0267452,0,0,0,0
FBgn0267453,0,0,1,1
FBgn0267454,13,21,12,14
FBgn0267455,16,26,27,28
FBgn0267456,10,6,3,0
FBgn0267457,4,11,5,7
FBgn0267458,1,2,0,0
FBgn0267459,5,4,1,1
FBgn0267460,7,7,5,0
FBgn0267461,33,30,27,30
FBgn0267462,2,1,1,0
FBgn0267463,10,8,13,10
FBgn0267464,4,1,1,0
FBgn0267465,7,20,5,19
FBgn0267469,2,2,4,0
FBgn0267470,0,0,0,0
FBgn0267471,0,0,0,0
FBgn0267472,10,15,1,4
FBgn0267473,0,0,0,0
FBgn0267474,1,0,0,0
FBgn0267475,0,0,0,0
FBgn0267476,0,0,0,0
FBgn0267477,0,5,0,2
FBgn0267478,1,4,0,0
FBgn0267479,3,1,0,0
FBgn0267480,0,0,0,0
FBgn0267481,13,16,13,4
FBgn0267482,0,0,0,0
FBgn0267483,0,1,0,4
FBgn0267484,0,0,0,0
FBgn0267485,72,45,4,6
FBgn0267486,42,41,88,89
FBgn0267487,16267,15781,21015,20175
FBgn0267488,17210,22087,15876,16620
FBgn0267489,0,0,0,0
FBgn0267490,0,0,0,0
FBgn0267491,0,0,0,0
FBgn0267492,0,0,0,0
FBgn0267493,0,0,0,0
FBgn0267494,0,0,0,0
FBgn0267495,32,46,69,69
FBgn0267496,0,0,0,0
FBgn0267497,0,0,0,0
FBgn0267498,0,0,0,0
FBgn0267499,0,0,0,0
FBgn0267500,0,0,0,0
FBgn0267501,0,0,0,0
FBgn0267502,0,0,0,0
FBgn0267503,0,0,0,0
FBgn0267504,0,0,0,0
FBgn0267505,16,25,55,152
FBgn0267506,0,0,0,2
FBgn0267507,0,0,0,0
FBgn0267508,5,1,2,24
FBgn0267509,0,0,0,0
FBgn0267510,0,0,0,0
FBgn0267511,0,0,0,2
FBgn0267512,0,0,0,0
FBgn0267513,3,2,2,26
FBgn0267514,0,0,0,0
FBgn0267515,0,1,0,24
FBgn0267516,0,0,0,0
FBgn0267517,0,0,0,0
FBgn0267518,0,0,0,0
FBgn0267519,8,10,7,62
FBgn0267520,0,0,0,0
FBgn0267521,0,0,0,0
FBgn0267522,0,0,0,0
FBgn0267523,0,1,0,0
FBgn0267524,0,0,1,0
FBgn0267525,43,42,52,50
FBgn0267526,0,0,0,0
FBgn0267527,2,0,0,0
FBgn0267528,5,6,0,2
FBgn0267529,3,1,0,4
FBgn0267530,7,7,4,5
FBgn0267531,24,16,5,3
FBgn0267532,0,0,0,0
FBgn0267533,152,173,81,65
FBgn0267534,132,146,21,28
FBgn0267535,6,7,1,0
FBgn0267536,0,0,0,0
FBgn0267537,0,0,0,0
FBgn0267538,0,0,0,0
FBgn0267539,0,0,0,0
FBgn0267540,0,0,0,0
FBgn0267541,0,0,0,0
FBgn0267542,0,0,0,0
FBgn0267543,0,0,0,0
FBgn0267544,0,0,0,0
FBgn0267545,15,9,2,3
FBgn0267546,0,0,0,0
FBgn0267547,0,0,0,0
FBgn0267548,0,0,0,0
FBgn0267549,1,4,0,3
FBgn0267550,0,0,0,0
FBgn0267551,27,22,42,28
FBgn0267552,4,4,7,7
FBgn0267553,0,0,0,0
FBgn0267554,27,42,17,22
FBgn0267555,17,32,43,40
FBgn0267556,11,14,2,0
FBgn0267557,0,0,0,0
FBgn0267558,0,0,0,0
FBgn0267559,0,0,0,3
FBgn0267560,0,0,0,0
FBgn0267561,0,0,0,0
FBgn0267562,0,0,0,0
FBgn0267563,0,0,0,0
FBgn0267564,0,0,0,0
FBgn0267565,0,0,0,0
FBgn0267566,2,3,1,2
FBgn0267567,57,83,95,65
FBgn0267568,37,38,17,4
FBgn0267569,0,0,0,0
FBgn0267570,1,0,0,0
FBgn0267571,0,0,0,0
FBgn0267572,1,1,3,0
FBgn0267573,0,0,0,0
FBgn0267574,0,0,0,0
FBgn0267575,0,0,0,0
FBgn0267576,0,0,0,0
FBgn0267577,0,0,0,0
FBgn0267578,0,0,0,0
FBgn0267579,0,0,0,0
FBgn0267580,0,1,1,1
FBgn0267581,0,0,0,0
FBgn0267582,0,0,0,0
FBgn0267585,17,24,81,74
FBgn0267586,7,5,13,10
FBgn0267587,17,14,14,10
FBgn0267588,339,301,16,14
FBgn0267589,2,3,2,0
FBgn0267590,32,25,33,20
FBgn0267591,3,5,1,0
FBgn0267592,0,0,0,0
FBgn0267593,0,0,0,0
FBgn0267594,0,0,0,0
FBgn0267595,0,0,0,0
FBgn0267596,0,0,0,0
FBgn0267597,0,0,3,0
FBgn0267598,3,0,0,0
FBgn0267599,6,7,40,25
FBgn0267600,9,11,11,10
FBgn0267601,14,8,17,17
FBgn0267602,0,0,0,0
FBgn0267603,0,0,0,0
FBgn0267604,0,0,0,0
FBgn0267605,63,61,42,41
FBgn0267606,0,0,0,0
FBgn0267607,0,0,0,0
FBgn0267608,0,0,0,0
FBgn0267609,0,0,0,0
FBgn0267610,0,0,0,0
FBgn0267611,100,315,266,405
FBgn0267612,0,0,0,0
FBgn0267613,1,1,1,0
FBgn0267614,11,9,1,0
FBgn0267615,1,0,0,0
FBgn0267616,0,2,0,0
FBgn0267617,0,0,1,0
FBgn0267618,0,0,0,0
FBgn0267619,0,0,0,0
FBgn0267620,0,0,0,0
FBgn0267621,0,0,0,0
FBgn0267622,4,4,3,0
FBgn0267623,0,2,0,0
FBgn0267624,54,59,18,21
FBgn0267625,0,0,0,0
FBgn0267626,0,0,0,0
FBgn0267627,0,1,0,0
FBgn0267628,0,0,0,0
FBgn0267629,0,0,0,0
FBgn0267630,2,5,0,0
FBgn0267631,25,46,67,53
FBgn0267632,5,8,1,2
FBgn0267633,0,0,0,0
FBgn0267634,0,0,0,0
FBgn0267635,27,23,34,33
FBgn0267636,0,0,0,0
FBgn0267637,0,0,0,0
FBgn0267638,0,0,0,0
FBgn0267639,1,0,0,0
FBgn0267640,0,0,0,0
FBgn0267641,0,0,2,4
FBgn0267642,0,0,0,0
FBgn0267643,0,0,0,0
FBgn0267644,0,1,3,2
FBgn0267645,0,0,0,0
FBgn0267646,0,0,0,0
FBgn0267647,5,2,0,3
FBgn0267648,0,0,0,0
FBgn0267649,0,0,0,0
FBgn0267650,0,0,0,0
FBgn0267651,0,0,0,0
FBgn0267652,0,0,0,0
FBgn0267653,0,0,0,0
FBgn0267655,0,0,0,0
FBgn0267656,0,0,0,0
FBgn0267657,0,0,0,0
FBgn0267658,0,0,0,0
FBgn0267659,0,0,0,1
FBgn0267660,0,0,0,0
FBgn0267661,113,153,120,136
FBgn0267662,0,0,0,0
FBgn0267663,0,0,0,0
FBgn0267664,3,0,2,0
FBgn0267665,3,3,1,4
FBgn0267666,0,0,0,0
FBgn0267667,1,3,10,10
FBgn0267668,42,96,99,96
FBgn0267671,0,0,0,0
FBgn0267672,0,0,0,0
FBgn0267673,0,0,0,0
FBgn0267674,0,0,0,0
FBgn0267675,0,0,0,0
FBgn0267676,2,0,0,0
FBgn0267677,0,0,0,0
FBgn0267678,0,0,0,0
FBgn0267679,2,3,26,18
FBgn0267680,0,0,0,0
FBgn0267681,0,0,0,0
FBgn0267682,0,0,0,0
FBgn0267683,0,0,0,0
FBgn0267684,19,10,1,0
FBgn0267685,0,0,0,0
FBgn0267686,0,0,0,0
FBgn0267687,0,0,0,0
FBgn0267688,0,0,0,0
FBgn0267689,1,1,0,0
FBgn0267690,0,1,0,0
FBgn0267691,0,0,0,0
FBgn0267692,0,1,0,0
FBgn0267693,8,6,9,1
FBgn0267694,0,0,0,0
FBgn0267695,0,2,4,2
FBgn0267696,0,1,0,1
FBgn0267697,0,0,0,0
FBgn0267698,8960,8820,11268,10733
FBgn0267701,0,0,0,0
FBgn0267702,33,43,33,47
FBgn0267703,16,12,16,13
FBgn0267704,4,10,39,36
FBgn0267705,0,0,0,0
FBgn0267706,1,0,2,0
FBgn0267707,0,0,0,0
FBgn0267708,0,0,0,1
FBgn0267709,0,1,0,0
FBgn0267710,0,0,0,0
FBgn0267711,9,9,6,5
FBgn0267712,11,11,0,1
FBgn0267713,0,0,0,0
FBgn0267714,0,0,0,0
FBgn0267715,11,9,3,0
FBgn0267716,0,0,0,0
FBgn0267717,6,2,1,0
FBgn0267719,0,0,0,0
FBgn0267720,0,0,0,0
FBgn0267721,0,0,0,0
FBgn0267722,29,14,29,28
FBgn0267723,1,0,0,0
FBgn0267724,0,0,0,0
FBgn0267725,0,0,0,0
FBgn0267726,807,1043,815,799
FBgn0267727,67916,66863,108023,101672
FBgn0267728,23,23,403,286
FBgn0267729,2,1,6,3
FBgn0267730,1,0,1,0
FBgn0267731,0,0,0,0
FBgn0267732,0,0,0,0
FBgn0267733,1507,2143,1680,1566
FBgn0267734,2,0,2,0
FBgn0267735,1,3,0,0
FBgn0267736,2,8,1,1
FBgn0267737,0,0,0,0
FBgn0267738,0,0,0,0
FBgn0267739,17,22,19,9
FBgn0267740,0,0,0,0
FBgn0267741,0,0,0,0
FBgn0267742,1,2,0,0
FBgn0267743,0,0,1,0
FBgn0267744,14,29,51,51
FBgn0267745,0,0,0,0
FBgn0267746,0,0,0,0
FBgn0267747,0,0,0,0
FBgn0267748,0,0,0,0
FBgn0267749,0,0,0,0
FBgn0267750,1,2,0,0
FBgn0267751,0,0,1,1
FBgn0267752,0,0,0,0
FBgn0267753,0,0,0,0
FBgn0267754,25,31,23,21
FBgn0267755,3,5,6,4
FBgn0267756,0,0,0,0
FBgn0267757,0,0,0,0
FBgn0267758,1,1,3,4
FBgn0267759,0,0,0,0
FBgn0267760,0,0,0,0
FBgn0267761,3,4,0,0
FBgn0267762,24,20,69,64
FBgn0267763,5,1,0,3
FBgn0267764,0,0,0,0
FBgn0267765,17,18,1,6
FBgn0267766,481,503,327,288
FBgn0267767,4,1,1,3
FBgn0267768,0,2,0,0
FBgn0267769,0,0,0,0
FBgn0267770,0,3,0,0
FBgn0267771,2,3,110,87
FBgn0267772,0,0,0,0
FBgn0267773,26,16,45,45
FBgn0267774,2,1,2,0
FBgn0267775,0,0,0,0
FBgn0267776,1,2,10,10
FBgn0267777,1,1,0,0
FBgn0267778,17,11,4,3
FBgn0267779,0,1,0,0
FBgn0267780,0,0,0,0
FBgn0267781,1,0,0,0
FBgn0267782,2,1,1,1
FBgn0267783,0,0,0,0
FBgn0267785,0,0,0,0
FBgn0267786,0,0,0,0
FBgn0267787,0,0,0,0
FBgn0267788,1,0,2,4
FBgn0267789,0,0,0,0
FBgn0267790,13525,13258,19542,18795
FBgn0267791,7732,7863,13987,13514
FBgn0267792,5834,6186,7330,6680
FBgn0267793,80,69,96,125
FBgn0267794,5,10,10,7
FBgn0267795,10172,11026,10806,11492
FBgn0267796,269,267,172,417
FBgn0267797,2,2,1,0
FBgn0267798,0,0,0,0
FBgn0267799,0,0,0,0
FBgn0267800,0,0,0,0
FBgn0267801,0,0,0,0
FBgn0267802,1,0,1,0
FBgn0267803,42,40,230,259
FBgn0267804,2,0,1,0
FBgn0267805,0,0,0,0
FBgn0267806,0,0,0,0
FBgn0267807,0,0,0,0
FBgn0267808,52,49,65,50
FBgn0267809,10,5,1,1
FBgn0267810,85,66,48,56
FBgn0267811,0,1,3,0
FBgn0267812,17,26,4,2
FBgn0267813,18,13,2,2
FBgn0267814,31,26,6,14
FBgn0267815,23,24,3,10
FBgn0267816,0,0,0,4
FBgn0267817,0,0,0,0
FBgn0267818,0,0,0,0
FBgn0267819,5,11,1,5
FBgn0267820,0,0,0,0
FBgn0267821,9687,8409,12935,12847
FBgn0267823,1990,2156,2077,2081
FBgn0267824,8295,8238,12736,12091
FBgn0267826,222,314,6,5
FBgn0267827,3,2,67,61
FBgn0267828,1973,1782,2463,3250
FBgn0267468,51,32,1,0
FBgn0267849,6201,7360,8278,7571
FBgn0267861,4566,7009,17387,15273
FBgn0267862,0,0,1,0
FBgn0267863,0,0,0,0
FBgn0267864,0,0,0,0
FBgn0267865,0,0,0,0
FBgn0267866,0,0,0,0
FBgn0267867,0,0,0,0
FBgn0267868,1,3,1,0
FBgn0267869,0,0,0,0
FBgn0267870,0,0,0,0
FBgn0267871,0,0,0,0
FBgn0267872,0,0,0,0
FBgn0267873,0,0,0,0
FBgn0267874,0,0,0,0
FBgn0267875,0,0,0,0
FBgn0267876,0,0,0,0
FBgn0267877,0,0,0,0
FBgn0267878,0,0,0,0
FBgn0267879,0,0,0,0
FBgn0267880,0,0,0,0
FBgn0267881,0,0,0,0
FBgn0267882,0,0,0,0
FBgn0267883,0,0,0,0
FBgn0267884,0,0,0,0
FBgn0267885,0,0,0,0
FBgn0267886,0,0,0,0
FBgn0267887,0,0,0,0
FBgn0267888,0,0,0,0
FBgn0267889,0,0,0,0
FBgn0267890,0,0,0,0
FBgn0267891,0,0,0,0
FBgn0267892,0,0,0,0
FBgn0267893,0,0,0,0
FBgn0267894,0,0,0,0
FBgn0267895,0,0,0,0
FBgn0267896,0,0,0,0
FBgn0267897,0,0,0,0
FBgn0267898,0,0,0,0
FBgn0267899,0,0,0,0
FBgn0267900,0,0,0,0
FBgn0267901,0,0,0,0
FBgn0267902,0,0,0,0
FBgn0267903,0,0,0,0
FBgn0267904,0,0,0,0
FBgn0267905,0,0,0,0
FBgn0267910,1069,2398,1309,980
FBgn0267912,9882,11500,14140,13862
FBgn0267913,241,475,207,214
FBgn0267914,145,140,99,95
FBgn0267915,0,0,0,0
FBgn0267916,0,0,0,0
FBgn0267917,0,0,0,0
FBgn0267918,0,0,0,0
FBgn0267919,0,2,0,1
FBgn0267921,0,0,0,0
FBgn0267922,0,0,0,0
FBgn0267923,5,13,20,20
FBgn0267924,0,0,0,0
FBgn0267925,0,3,1,1
FBgn0267926,0,0,0,0
FBgn0267927,0,0,0,0
FBgn0267928,0,0,0,0
FBgn0267929,0,0,0,0
FBgn0267930,0,0,0,0
FBgn0267932,0,0,0,0
FBgn0267933,0,0,0,0
FBgn0267934,0,1,1,0
FBgn0267935,0,0,0,0
FBgn0267936,0,3,0,0
FBgn0267937,0,0,0,0
FBgn0267938,0,0,0,0
FBgn0267939,0,0,0,0
FBgn0267940,0,0,0,0
FBgn0267941,0,0,0,0
FBgn0267944,0,0,0,0
FBgn0267945,0,0,0,0
FBgn0267946,0,0,0,0
FBgn0267947,0,0,0,0
FBgn0267948,0,0,0,0
FBgn0267949,0,0,0,0
FBgn0267950,0,0,0,0
FBgn0267951,0,0,0,0
FBgn0267952,0,2,0,0
FBgn0267953,0,0,0,0
FBgn0267954,0,0,0,0
FBgn0267955,0,0,0,0
FBgn0267956,0,0,0,1
FBgn0267957,0,0,0,0
FBgn0267958,0,0,0,0
FBgn0267959,1,3,3,0
FBgn0267960,0,0,0,2
FBgn0267961,0,0,0,0
FBgn0267962,0,0,0,0
FBgn0267963,0,0,2,0
FBgn0267964,0,0,0,0
FBgn0267965,0,0,0,0
FBgn0267966,0,0,0,0
FBgn0267967,383,523,1240,1131
FBgn0267969,0,0,0,0
FBgn0267970,0,3,0,0
FBgn0267972,3146,3019,5761,4898
FBgn0267975,6529,7965,9347,9133
FBgn0267976,11730,16893,18860,16693
FBgn0267977,3455,3563,4318,3920
FBgn0267978,19,23,27,23
FBgn0267982,0,1,0,0
FBgn0267983,2,0,0,0
FBgn0267984,8,7,1,3
FBgn0267985,12,10,16,9
FBgn0267986,5,7,3,2
FBgn0267987,2,1,10,4
FBgn0267988,0,2,4,0
FBgn0267989,24,15,0,2
FBgn0267990,3,0,3,0
FBgn0267991,8,14,3,8
FBgn0267992,0,0,0,0
FBgn0267993,0,0,0,0
FBgn0267994,0,0,0,0
FBgn0267995,0,0,1,0
FBgn0267996,0,0,0,0
FBgn0268063,11,4,5,12
FBgn0270924,8600,8392,9369,9165
FBgn0270925,24,9,3,2
FBgn0270926,13209,15482,11367,10508
FBgn0270927,1594,2183,2553,2577
FBgn0270928,0,0,0,0
FBgn0275432,0,0,0,0
FBgn0275433,0,0,0,0
FBgn0275434,0,0,0,0
FBgn0275436,1582,1511,2077,2083
FBgn0278597,0,0,0,0
FBgn0278598,669,962,1368,1255
FBgn0278599,2,1,6,0
FBgn0278600,0,0,0,0
FBgn0278604,14542,17085,14928,14311
FBgn0278608,5577,7409,6887,7266
FBgn0283426,12,16,4,4
FBgn0283427,12092,13843,23065,26965
FBgn0283428,0,0,0,0
FBgn0283429,0,0,0,0
FBgn0283430,0,0,0,0
FBgn0283431,0,0,0,0
FBgn0283432,0,0,0,0
FBgn0283433,0,0,0,0
FBgn0283434,1,0,3,1
FBgn0283435,0,0,0,0
FBgn0283437,8,6,12,12
FBgn0283438,5210,4927,6809,6318
FBgn0283439,12,19,26,35
FBgn0283440,513,685,496,460
FBgn0283442,10530,13475,16353,15179
FBgn0283450,4412,3240,14003,11658
FBgn0283451,657,954,2136,2517
FBgn0283461,7,3,8,6
FBgn0283462,1,0,0,0
FBgn0283467,4356,4833,6616,6063
FBgn0283468,18389,20675,23404,23089
FBgn0283469,6993,6164,12666,11926
FBgn0283471,415,585,665,676
FBgn0283472,10479,13001,13756,14753
FBgn0283473,5008,5060,7787,7623
FBgn0283476,2,0,0,0
FBgn0283477,13262,17814,26046,24167
FBgn0283478,18976,16674,33793,31979
FBgn0283479,11,7,2,8
FBgn0283480,0,0,0,0
FBgn0283494,10262,10247,20051,17363
FBgn0283499,5798,7029,5067,5310
FBgn0283500,9572,8708,13745,12694
FBgn0283501,2,0,1,0
FBgn0283503,2980,2654,4442,4530
FBgn0283508,3,8,5,10
FBgn0283509,2308,2320,5189,5017
FBgn0283510,6697,6023,7926,7559
FBgn0283521,63612,65398,77483,75587
FBgn0283525,1104,939,1501,1238
FBgn0283531,398,337,23502,23981
FBgn0283535,36206,44480,52634,50718
FBgn0283536,16908,16761,20979,18636
FBgn0283545,212,159,90,88
FBgn0283625,2,2,0,0
FBgn0283626,0,0,0,0
FBgn0283627,2,0,0,1
FBgn0283649,4716,5023,8463,7123
FBgn0283651,0,0,0,0
FBgn0283652,835,1122,1746,1565
FBgn0283657,20857,21971,23111,24161
FBgn0283658,7256,7636,11613,11832
FBgn0283659,1040,1398,1260,1124
FBgn0283666,4155,5937,7125,6153
FBgn0283678,0,2,0,1
FBgn0283680,682,518,559,462
FBgn0283681,2089,2585,2601,2351
FBgn0283682,12149,14206,13899,13945
FBgn0283712,6481,7693,6802,6779
FBgn0283724,9370,11643,9164,8726
FBgn0283728,0,0,0,0
FBgn0283741,1565,1628,3465,4016
FBgn0284080,0,2,0,1
FBgn0284081,1,0,1,1
FBgn0284082,1,0,0,1
FBgn0284083,0,0,0,0
FBgn0284084,0,0,0,1
FBgn0284220,39523,46321,59421,58159
FBgn0284221,668,693,3020,3212
FBgn0284222,0,0,0,0
FBgn0284223,0,0,0,0
FBgn0284224,0,0,0,0
FBgn0284225,0,0,0,0
FBgn0284226,0,0,0,0
FBgn0284227,0,0,0,0
FBgn0284228,0,0,0,0
FBgn0284229,0,0,0,0
FBgn0284230,0,0,0,0
FBgn0284231,0,0,0,0
FBgn0284232,0,0,0,0
FBgn0284233,0,0,0,0
FBgn0284234,0,0,0,0
FBgn0284235,0,0,0,0
FBgn0284236,0,0,0,0
FBgn0284237,0,0,0,0
FBgn0284238,0,0,0,0
FBgn0284243,84201,57510,179526,166350
FBgn0284244,7,9,4,14
FBgn0284245,859646,948083,1560794,1537369
FBgn0284246,5313,6568,8632,8232
FBgn0284247,8,11,10,11
FBgn0284248,10257,11426,17713,16980
FBgn0284249,5728,6320,6809,6123
FBgn0284250,0,2,1,1
FBgn0284251,10467,12930,13802,14215
FBgn0284252,11299,12781,13557,13089
FBgn0284253,24254,30030,27864,27719
FBgn0284254,6089,4476,8595,8236
FBgn0284255,1658,1429,3729,3206
FBgn0284256,12496,15253,15733,16621
FBgn0284257,16985,17247,19466,18768
FBgn0284408,8146,10238,15862,20013
FBgn0284409,0,0,0,0
FBgn0284410,0,0,0,0
FBgn0284411,0,0,0,0
FBgn0284412,0,0,0,0
FBgn0284413,0,0,0,0
FBgn0284414,0,0,0,0
FBgn0284415,0,0,0,0
FBgn0284416,0,0,0,0
FBgn0284417,0,0,0,0
FBgn0284418,0,0,0,0
FBgn0284419,0,0,0,0
FBgn0284420,0,0,0,0
FBgn0284421,4814,5076,6405,6070
FBgn0284435,349,427,757,794
FBgn0284436,32058,25812,60805,57949
FBgn0284442,7690,5521,18481,16401
FBgn0284444,0,0,1,0
FBgn0285879,14,22,51,79
FBgn0285892,3305,4584,3822,3892
FBgn0285896,28,35,46,52
FBgn0285910,19639,19022,24813,23118
FBgn0285911,3939,5464,5632,5692
FBgn0285912,1,6,4,2
FBgn0285913,6103,6171,8178,7835
FBgn0285917,16700,13774,20553,20679
FBgn0285925,17710,23226,19921,21247
FBgn0285926,18601,20860,24293,25322
FBgn0035192,13,20,25,29
FBgn0035196,2,1,6,9
FBgn0035199,0,0,2,0
FBgn0035203,4142,3514,8456,7346
FBgn0035205,11339,11208,17540,16654
FBgn0035207,6695,7805,8329,8418
FBgn0010246,2270,1964,2942,3132
FBgn0011361,9198,8317,18755,15340
FBgn0010786,16781,15255,20512,19024
FBgn0029514,1682,1444,2244,1930
FBgn0003295,9,9,9,14
FBgn0052330,0,0,0,0
FBgn0052328,0,0,0,0
FBgn0052329,0,0,0,0
FBgn0011851,0,0,0,0
FBgn0011852,0,0,0,0
FBgn0011853,0,0,0,0
FBgn0052324,0,0,0,0
FBgn0052320,1,3,0,0
FBgn0011854,0,0,0,0
FBgn0011855,0,0,0,0
FBgn0035216,0,0,0,0
FBgn0035217,0,0,0,0
FBgn0004635,44,50,113,126
FBgn0028567,2,1,1,1
FBgn0035227,2083,2207,3452,3509
FBgn0011204,18941,16488,27132,26613
FBgn0028577,6605,5671,12937,12298
FBgn0043458,5731,5507,7025,6610
FBgn0020248,7705,8673,11921,10941
FBgn0052319,1,2,1,0
FBgn0043865,3,4,8,5
FBgn0035218,2,1,0,0
FBgn0035213,6069,6658,8355,8485
FBgn0035211,2354,2473,3345,3060
FBgn0035210,1361,1227,2762,2191
FBgn0035208,3,5,8,4
FBgn0035206,4188,5193,6375,5653
FBgn0035204,3477,3719,3531,3252
FBgn0010333,10390,10994,15106,14541
FBgn0035194,574,560,1023,942
FBgn0052318,0,0,0,0
FBgn0004378,6385,7639,8301,8043
FBgn0035193,2,2,5,6
FBgn0035229,8806,8062,10351,10140
FBgn0041342,5486,5246,7864,7539
FBgn0035231,157,162,131,153
FBgn0035233,2190,2218,2722,2371
FBgn0035234,2,0,1,0
FBgn0035236,8153,9356,7735,7494
FBgn0035237,13341,13391,16611,17251
FBgn0035244,3027,2864,4655,4347
FBgn0053230,1440,1939,1955,1967
FBgn0013753,2095,2139,2642,2341
FBgn0035248,204,255,454,401
FBgn0013755,0,1,1,1
FBgn0025712,50,63,107,95
FBgn0035252,5314,4916,8676,7828
FBgn0035254,944,926,1636,1468
FBgn0035257,0,0,1,0
FBgn0035260,1,10,21,29
FBgn0035263,1,0,0,0
FBgn0035266,4650,4358,6772,5919
FBgn0035267,3817,3127,2977,2919
FBgn0035268,4357,3769,6054,5817
FBgn0027903,3682,3166,7419,6637
FBgn0035272,2599,2081,4410,3651
FBgn0011573,9813,8035,15536,13680
FBgn0035273,0,0,1,0
FBgn0067864,4876,4305,6281,6130
FBgn0027790,7,10,17,27
FBgn0035280,1,0,0,4
FBgn0035279,0,1,0,0
FBgn0025820,1491,1559,3000,2368
FBgn0024510,3696,4151,4006,3768
FBgn0035271,1341,1566,2370,1727
FBgn0035270,5659,5734,5858,5793
FBgn0013811,28,37,47,41
FBgn0022702,177,122,6501,5989
FBgn0035265,1,3,0,1
FBgn0035264,153,128,735,731
FBgn0027594,7738,8184,10155,11633
FBgn0035262,108,111,115,162
FBgn0035256,1,0,1,0
FBgn0035255,0,0,0,0
FBgn0026372,52382,27968,176265,167294
FBgn0035251,3725,3760,6021,5927
FBgn0035249,1285,1398,1681,1669
FBgn0025725,9348,8860,15581,16120
FBgn0035247,2098,2036,2896,2528
FBgn0013342,4,3,4,0
FBgn0035245,3,3,0,0
FBgn0035246,1,3,5,2
FBgn0035243,1637,1507,2623,2219
FBgn0035241,13,3,13,13
FBgn0035238,3491,3533,4367,3876
FBgn0035235,1293,1225,1689,1616
FBgn0035232,7375,7758,21648,21819
FBgn0052313,26,30,40,51
FBgn0035228,7723,7600,13006,11929
FBgn0035283,3814,4208,4696,4197
FBgn0035285,5881,6703,8614,8402
FBgn0035286,1,11,21,15
FBgn0052312,0,0,0,0
FBgn0035294,1795,1317,2805,2538
FBgn0035295,2429,2710,2440,2385
FBgn0035298,3135,2894,4808,4161
FBgn0035300,3,0,0,0
FBgn0035299,0,0,0,0
FBgn0027547,6432,7942,9473,8627
FBgn0002872,10629,13511,13370,13360
FBgn0035293,0,4,0,0
FBgn0035290,295,251,1080,1264
FBgn0035287,79,48,76,83
FBgn0042712,2801,2010,5311,5176
FBgn0004636,15349,18274,21902,22829
FBgn0035282,37,59,58,42
FBgn0035281,0,0,0,1
FBgn0035313,3,2,6,1
FBgn0035315,1,3,0,0
FBgn0035317,5,7,8,14
FBgn0040507,22,13,40,35
FBgn0052301,0,0,0,0
FBgn0052305,0,0,1,0
FBgn0015359,4853,3973,8005,7530
FBgn0035323,844,765,1248,1018
FBgn0035325,0,0,6,2
FBgn0052304,0,0,0,0
FBgn0052302,142,34,578,427
FBgn0052303,0,0,0,0
FBgn0035328,24222,8156,59098,45776
FBgn0035332,0,0,0,0
FBgn0035334,1759,1591,2609,2303
FBgn0035336,2855,3670,3817,3713
FBgn0052298,0,0,0,0
FBgn0052299,0,0,0,0
FBgn0035337,2123,2426,2641,2520
FBgn0035335,2143,3022,3986,3184
FBgn0035333,5356,5406,5638,5570
FBgn0041709,20446,4389,66863,48045
FBgn0000543,3395,2787,5594,5442
FBgn0015360,10417,10137,11486,10766
FBgn0035321,4779,5124,5197,4781
FBgn0035318,2199,1682,3324,2809
FBgn0035316,1,0,0,0
FBgn0026593,360,403,1863,1959
FBgn0035312,227,184,1953,1819
FBgn0035311,64,88,366,297
FBgn0026570,2642,3260,2904,2710
FBgn0035309,186,247,349,386
FBgn0035308,506,550,1470,1688
FBgn0035346,3757,4003,3352,3112
FBgn0016794,10342,10637,11358,11112
FBgn0062517,6,6,2,0
FBgn0035355,482,729,1021,838
FBgn0035356,779,1069,1330,1117
FBgn0035357,208,323,89,81
FBgn0035359,8,3,8,2
FBgn0035360,8,2,9,11
FBgn0053233,0,0,0,0
FBgn0053234,0,0,0,0
FBgn0020509,0,0,0,0
FBgn0052296,4744,4822,5589,6010
FBgn0027082,1323,1510,1851,1635
FBgn0035358,0,0,0,0
FBgn0011828,177,140,203,232
FBgn0028504,884,1213,1052,1087
FBgn0010909,11834,14034,19059,20073
FBgn0010905,14898,13627,16951,17553
FBgn0260480,1,4,0,1
FBgn0035348,143,107,112,107
FBgn0035344,7,4,13,9
FBgn0035343,0,0,0,0
FBgn0035370,10811,10324,19188,16857
FBgn0044452,6259,7219,7016,6860
FBgn0035374,3135,2702,6470,5266
FBgn0035375,5784,5506,8309,8046
FBgn0035382,0,0,0,0
FBgn0035383,3371,3468,5026,4990
FBgn0035384,1,2,0,0
FBgn0035385,7,3,2,3
FBgn0035388,8609,8586,8472,7880
FBgn0040308,2362,2761,4194,3419
FBgn0052485,1114,1153,2338,2164
FBgn0035392,616,515,759,784
FBgn0035393,2049,2203,3654,2830
FBgn0035397,15737,17689,22191,22486
FBgn0035390,5920,6794,6505,6171
FBgn0004372,0,0,1,1
FBgn0052487,0,0,0,0
FBgn0052488,0,1,0,0
FBgn0052846,2,0,0,0
FBgn0035380,0,0,0,0
FBgn0035379,18,41,37,26
FBgn0035372,2990,3209,5326,4768
FBgn0035371,7652,8596,8027,8136
FBgn0003938,41,51,1,2
FBgn0052288,0,0,0,0
FBgn0052289,0,0,0,0
FBgn0052287,0,0,0,0
FBgn0052285,0,0,0,0
FBgn0052286,0,0,0,0
FBgn0035401,2048,1940,3902,3470
FBgn0035405,4693,4601,5184,4808
FBgn0024194,3458,4265,3783,3465
FBgn0052280,222,138,456,401
FBgn0052278,2890,3859,4266,4107
FBgn0052281,1191,1599,1260,1222
FBgn0052284,1,1,3,1
FBgn0035412,1,3,0,1
FBgn0035413,2,0,0,0
FBgn0001233,238417,252418,366559,379169
FBgn0035416,8148,9071,8794,8759
FBgn0035421,5867,6327,7219,6657
FBgn0035423,15272,21143,33951,28369
FBgn0035424,11970,14318,15777,16842
FBgn0035427,39,15,30,23
FBgn0035428,0,0,0,0
FBgn0035429,0,0,0,0
FBgn0035430,0,0,0,2
FBgn0035432,6005,6384,7919,7535
FBgn0052279,1,1,4,3
FBgn0052283,0,0,0,0
FBgn0052282,0,0,0,0
FBgn0035434,0,0,0,0
FBgn0035436,1,0,0,1
FBgn0035438,8097,8913,14913,12032
FBgn0035439,91,58,39,44
FBgn0004167,7261,7469,11055,12450
FBgn0035443,2286,2786,2257,2044
FBgn0035444,2021,2192,2680,2410
FBgn0035445,41,39,48,59
FBgn0027616,4872,4565,9836,9222
FBgn0052268,0,0,0,0
FBgn0052274,0,0,0,0
FBgn0035440,3768,4788,5483,5151
FBgn0035437,6888,6640,8491,8113
FBgn0035435,1658,1747,1715,1375
FBgn0035431,52,48,104,131
FBgn0035425,9439,9306,14419,12859
FBgn0035422,46405,38085,155443,136527
FBgn0035420,7388,9121,8046,8133
FBgn0053160,0,0,0,0
FBgn0052277,0,0,0,0
FBgn0053159,0,0,0,0
FBgn0052271,0,0,0,0
FBgn0047135,11627,15452,15649,13374
FBgn0035415,1084,1413,1950,1445
FBgn0035414,2682,3508,2920,2808
FBgn0035410,63,59,602,562
FBgn0035409,1,0,0,0
FBgn0035407,1690,1898,1565,1300
FBgn0035402,12150,10511,21748,20501
FBgn0035400,7018,7041,9384,9081
FBgn0026189,7319,9221,9940,10155
FBgn0052273,0,0,0,1
FBgn0035398,8,9,12,19
FBgn0052272,0,0,0,0
FBgn0005640,6609,6955,9157,9422
FBgn0035452,12,12,16,13
FBgn0035453,0,0,0,0
FBgn0035455,1,0,0,0
FBgn0040694,0,0,0,0
FBgn0001254,0,0,0,0
FBgn0052267,3778,5140,6317,5550
FBgn0035449,2690,2968,2802,2636
FBgn0026259,16083,16477,25906,23835
FBgn0014388,429,586,1175,1405
FBgn0052266,0,0,0,0
FBgn0035462,2085,2795,1886,1845
FBgn0035464,6731,7899,7906,7036
FBgn0004888,11838,11743,32061,28527
FBgn0004875,17025,16501,18872,19189
FBgn0064227,0,0,4,2
FBgn0013751,1,0,0,1
FBgn0026592,34,15,27,32
FBgn0035469,1476,1672,1643,1317
FBgn0035471,6373,5510,8562,8290
FBgn0041147,2703,3036,3146,2913
FBgn0004910,75,93,116,149
FBgn0035473,10346,11366,15290,14140
FBgn0035470,1376,1672,1860,1718
FBgn0035468,5,2,5,3
FBgn0015585,0,0,0,0
FBgn0052263,0,1,0,1
FBgn0052262,982,1154,1254,1145
FBgn0035461,1680,2102,2105,1949
FBgn0052264,4866,4316,8665,8862
FBgn0035458,0,1,1,0
FBgn0035490,107,160,188,237
FBgn0042179,4,9,98,107
FBgn0000449,74,177,245,234
FBgn0052259,13,6,87,99
FBgn0035495,0,0,0,0
FBgn0035496,3,3,5,0
FBgn0035498,8678,9585,9986,9859
FBgn0028484,5563,5321,6390,6076
FBgn0003206,3616,4246,3948,3649
FBgn0004552,1,0,1,3
FBgn0052260,2,0,0,1
FBgn0035501,0,0,4,2
FBgn0040696,1,0,2,0
FBgn0003710,28,34,50,35
FBgn0035513,6,2,2,4
FBgn0035515,2239,2587,2757,2364
FBgn0011692,7636,7792,11761,11614
FBgn0035517,6516,7770,7221,5868
FBgn0035519,5323,5651,6542,6107
FBgn0035521,0,0,2,6
FBgn0035522,45,150,22,35
FBgn0035523,4874,6071,4845,4551
FBgn0035526,4664,5824,6177,5869
FBgn0015829,1529,1552,2013,1831
FBgn0041630,2652,2286,5515,5107
FBgn0035529,4439,4384,5946,5197
FBgn0035528,3262,4504,4864,3720
FBgn0035524,6759,7788,9890,9649
FBgn0035520,1809,1836,2691,2432
FBgn0035518,2856,2724,2962,2775
FBgn0041171,31132,30165,38024,37907
FBgn0001257,3944,4462,7415,6858
FBgn0052252,3,8,1,2
FBgn0035512,4,5,3,3
FBgn0035511,2,0,0,0
FBgn0035510,0,1,1,0
FBgn0035508,8,19,9,12
FBgn0028664,2879,3722,4219,3683
FBgn0040697,2,1,1,0
FBgn0035505,1,3,6,7
FBgn0035504,2,3,1,1
FBgn0011653,1,0,0,2
FBgn0004574,4298,3963,6541,6384
FBgn0035499,8498,9089,16471,18034
FBgn0004516,0,0,0,0
FBgn0016013,24,24,43,33
FBgn0024179,248,385,962,1061
FBgn0035491,0,0,0,0
FBgn0035488,7886,8869,9912,9410
FBgn0052251,9925,12629,13603,13660
FBgn0052250,3581,2977,4585,3773
FBgn0035534,1162,992,2193,1845
FBgn0035539,942,829,1153,984
FBgn0035540,2673,3096,3292,2976
FBgn0035542,3604,4636,5342,6006
FBgn0035543,2,1,0,3
FBgn0000038,45,59,41,42
FBgn0035544,0,0,0,0
FBgn0035545,3,2,21,10
FBgn0052249,0,0,0,0
FBgn0052248,0,0,0,0
FBgn0035550,0,0,0,0
FBgn0035551,1,0,1,3
FBgn0035552,0,0,0,0
FBgn0035557,320,362,722,860
FBgn0035558,8241,8602,9672,9278
FBgn0052246,0,0,1,0
FBgn0015805,16020,16839,19843,19441
FBgn0035563,0,0,0,0
FBgn0052243,1508,2385,6144,5793
FBgn0014073,597,637,798,857
FBgn0035555,0,0,0,0
FBgn0035554,0,0,0,0
FBgn0035553,0,0,1,0
FBgn0052241,0,0,0,0
FBgn0040699,0,0,0,0
FBgn0035548,0,0,0,0
FBgn0035547,0,0,1,0
FBgn0035546,0,0,0,0
FBgn0035541,3545,5401,7921,7144
FBgn0052240,3,3,2,0
FBgn0035538,0,5,3,3
FBgn0035537,1205,1739,1745,1383
FBgn0035533,6480,7203,8810,8673
FBgn0035532,4287,4881,5109,4508
FBgn0066365,3,0,2,3
FBgn0052238,1,0,0,0
FBgn0035574,3248,3268,2129,2159
FBgn0042199,0,1,0,0
FBgn0035572,0,0,0,0
FBgn0027085,5060,6017,4448,4053
FBgn0035581,0,0,4,3
FBgn0035582,0,0,6,0
FBgn0035583,1,0,4,3
FBgn0028699,1,0,0,1
FBgn0047330,0,0,0,0
FBgn0052237,0,0,0,0
FBgn0035578,19,14,18,34
FBgn0035577,5,0,4,4
FBgn0042131,0,2,2,2
FBgn0035575,12,12,15,8
FBgn0035571,14,25,80,78
FBgn0035570,0,0,0,0
FBgn0035569,0,0,0,1
FBgn0035568,2,1,0,0
FBgn0035567,0,0,0,1
FBgn0046793,0,0,0,0
FBgn0035585,0,0,0,0
FBgn0052232,0,0,0,0
FBgn0035584,0,0,0,0
FBgn0005775,3,7,18,22
FBgn0030234,72,75,130,153
FBgn0040850,238,209,438,333
FBgn0030237,149,166,144,154
FBgn0030239,2165,1849,3844,3233
FBgn0030240,2828,2257,3223,2977
FBgn0030243,3210,2792,5649,5467
FBgn0030244,73,20,248,162
FBgn0030247,1,1,1,3
FBgn0003965,37,45,74,53
FBgn0030251,17,22,57,61
FBgn0030257,6,7,10,6
FBgn0030261,0,0,0,2
FBgn0030260,0,1,0,2
FBgn0030259,0,0,0,0
FBgn0030258,0,0,0,0
FBgn0021742,0,0,0,1
FBgn0052670,0,0,0,0
FBgn0052671,0,0,0,0
FBgn0030246,7102,6810,11091,10846
FBgn0017561,3226,2291,10981,10761
FBgn0030245,12445,13403,17751,16985
FBgn0030242,4092,3424,4934,4659
FBgn0030241,8244,6139,16730,15031
FBgn0003321,6286,7569,6012,5789
FBgn0052669,14,10,13,19
FBgn0003360,121252,134306,217557,209180
FBgn0025111,102,95,370,375
FBgn0030263,3158,2890,6386,5874
FBgn0027498,2803,2659,3158,2762
FBgn0015245,28815,22292,88456,82914
FBgn0028686,10636,8940,21778,19970
FBgn0030269,3398,4152,4720,4247
FBgn0030271,16,25,39,31
FBgn0030272,3,3,3,6
FBgn0030274,4219,4021,4704,4591
FBgn0030276,17707,22106,20826,21091
FBgn0030278,2,1,0,0
FBgn0030280,1,0,0,0
FBgn0030283,1,0,0,0
FBgn0030286,7150,6727,10275,9874
FBgn0030290,3,10,8,6
FBgn0030291,1633,1773,2803,2173
FBgn0030292,1167,813,3563,2903
FBgn0030293,11079,10032,12915,12626
FBgn0000499,5976,4926,7914,7597
FBgn0030294,5969,7624,10044,8478
FBgn0004864,9897,10488,9307,9233
FBgn0030289,3975,3255,6536,6014
FBgn0028421,6473,6377,5822,5733
FBgn0001491,3227,4101,5461,4433
FBgn0003411,7,0,22,26
FBgn0030277,3,3,0,0
FBgn0026268,0,0,0,0
FBgn0052668,1,0,0,2
FBgn0020255,58107,67329,118959,106874
FBgn0030270,1,2,3,5
FBgn0052667,6,1,4,9
FBgn0030268,19658,18061,27025,25757
FBgn0010391,6153,4321,14225,12860
FBgn0030266,3742,2442,7262,7135
FBgn0027359,4780,5039,9282,7689
FBgn0030296,3,4,0,1
FBgn0001145,269,225,431,416
FBgn0030300,245,262,201,239
FBgn0030301,4972,5513,7139,7791
FBgn0030304,48,50,70,94
FBgn0030305,6299,5799,11450,9711
FBgn0030306,4412,3869,8091,7318
FBgn0052666,8858,9601,9889,9981
FBgn0030310,13,15,12,24
FBgn0030311,1158,1250,2712,2402
FBgn0030313,0,1,0,1
FBgn0030314,2977,2383,4475,4208
FBgn0030316,1242,860,2202,2001
FBgn0019660,0,1,1,1
FBgn0002948,8653,7015,7454,6730
FBgn0030318,2722,2853,4118,4067
FBgn0030321,16013,16190,21131,20574
FBgn0002723,2163,2339,2849,2857
FBgn0004370,4518,4498,7070,7460
FBgn0014133,30649,26885,39406,39015
FBgn0030326,0,0,0,1
FBgn0030323,2382,2464,3325,2624
FBgn0030320,14160,17519,13647,12977
FBgn0030319,11,33,115,54
FBgn0030317,1,5,22,12
FBgn0000618,701,731,2050,1629
FBgn0027259,913,967,1147,958
FBgn0003277,15294,15020,18437,19119
FBgn0030309,1965,2168,2096,2080
FBgn0030307,0,0,0,0
FBgn0030298,0,0,0,0
FBgn0045502,0,0,0,0
FBgn0030297,0,0,1,0
FBgn0030329,9316,8665,14637,13559
FBgn0030330,7812,8226,9473,8752
FBgn0030331,589,360,1209,1147
FBgn0002577,47,36,9,11
FBgn0030334,27,36,24,24
FBgn0030339,1,0,0,0
FBgn0030343,4518,4212,6203,6380
FBgn0030345,2795,2879,3982,3276
FBgn0030347,182,160,645,554
FBgn0030350,1190,1343,3790,3015
FBgn0030351,724,942,1019,825
FBgn0030352,1458,1386,2855,2441
FBgn0030360,133,112,284,265
FBgn0030362,2012,1686,3426,3122
FBgn0030361,1086,955,1073,1060
FBgn0001083,7,7,12,16
FBgn0030359,5,2,0,0
FBgn0003865,1,1,0,0
FBgn0000808,920,868,1308,1201
FBgn0030358,1,1,2,3
FBgn0030357,522,664,1048,807
FBgn0052660,0,0,0,0
FBgn0030356,7,2,0,0
FBgn0030354,9095,9398,12658,12836
FBgn0030349,2009,2340,3164,3191
FBgn0030348,2,2,4,5
FBgn0030346,2038,1684,4267,3613
FBgn0030344,6956,8673,8486,7859
FBgn0030342,1881,2039,3128,2826
FBgn0030341,4791,5296,9385,8258
FBgn0030340,0,0,0,0
FBgn0030338,0,0,0,0
FBgn0001218,72456,63726,131684,131051
FBgn0004511,3,3,4,0
FBgn0030332,74,60,240,244
FBgn0030328,25565,23882,34321,33790
FBgn0030327,4886,4105,7157,6096
FBgn0030364,9540,10944,12084,10814
FBgn0030365,3081,2154,7032,5692
FBgn0030369,26,31,51,36
FBgn0052657,1,3,4,7
FBgn0040859,2,7,1,3
FBgn0030376,4,6,17,12
FBgn0052655,3,1,0,2
FBgn0030377,200,181,182,169
FBgn0030375,0,0,0,0
FBgn0030374,0,0,0,0
FBgn0030373,2534,2916,2622,1988
FBgn0030370,1,1,0,0
FBgn0030367,79,39,174,135
FBgn0030366,22458,26958,26843,27541
FBgn0043001,2544,2740,2768,2140
FBgn0030384,0,0,0,0
FBgn0030386,1,0,0,0
FBgn0030389,12,14,31,30
FBgn0030394,1,0,1,5
FBgn0002562,0,0,0,6
FBgn0030396,3980,3707,6243,5547
FBgn0030398,3,0,4,1
FBgn0052654,14047,14190,15339,15832
FBgn0030407,355,471,554,572
FBgn0030408,1,0,0,0
FBgn0030406,2196,2711,3204,2927
FBgn0030403,2219,1793,4658,4089
FBgn0030400,3603,3906,5470,5391
FBgn0030395,23,22,20,9
FBgn0030391,3613,3533,5006,4422
FBgn0030390,5,0,11,11
FBgn0052651,1,1,0,0
FBgn0030385,0,0,0,0
FBgn0030409,0,1,0,0
FBgn0030411,1159,1262,1550,1352
FBgn0030412,5530,6149,7244,7706
FBgn0015024,16045,21981,30415,30391
FBgn0030417,2,1,4,3
FBgn0030418,1336,1718,3157,2989
FBgn0030421,2325,2316,2543,2437
FBgn0030425,4,2,3,4
FBgn0030433,2470,2385,6525,4951
FBgn0030435,3539,3547,4649,4381
FBgn0030434,4301,3963,6606,6086
FBgn0030432,5804,5991,9792,8795
FBgn0030431,2408,2462,3471,3053
FBgn0052649,1963,1497,2751,2589
FBgn0052650,34,42,12,8
FBgn0030429,1,0,0,0
FBgn0052647,10,14,21,16
FBgn0030420,4629,6066,4641,5042
FBgn0020513,5835,6203,11377,11557
FBgn0030410,1087,967,1541,1453
FBgn0052642,8273,6372,13713,11581
FBgn0052644,1479,2012,4412,5413
FBgn0030438,9879,11073,11721,10172
FBgn0052643,0,0,1,0
FBgn0030441,0,0,0,0
FBgn0030447,1530,1295,3696,3081
FBgn0030451,1105,1475,1908,1629
FBgn0030452,83,144,180,133
FBgn0052645,1190,676,3467,3251
FBgn0030456,10740,12415,13725,12949
FBgn0030457,3090,3439,4399,4172
FBgn0052640,0,0,2,0
FBgn0052641,365,544,1033,1103
FBgn0029133,17648,20598,31876,28865
FBgn0004456,1439,1862,3083,3903
FBgn0030462,0,0,0,0
FBgn0052639,2,0,0,2
FBgn0030460,1625,1631,2794,2486
FBgn0030459,1,0,0,0
FBgn0025463,12184,12076,16176,14562
FBgn0030455,4,6,3,4
FBgn0052638,2306,2460,2094,1984
FBgn0030449,0,0,0,0
FBgn0010303,7551,7227,10106,10425
FBgn0030443,0,0,0,0
FBgn0030440,0,0,0,0
FBgn0030439,2223,553,3803,3242
FBgn0030437,50,45,79,81
FBgn0000346,119,149,8900,8483
FBgn0030465,3143,2445,4643,4087
FBgn0030466,3713,3190,3491,3446
FBgn0030468,7983,7737,13136,11505
FBgn0040309,53657,47888,84269,75768
FBgn0052636,16,14,8,4
FBgn0030474,1925,1867,2543,2508
FBgn0030477,1,0,0,0
FBgn0030478,10662,9550,17158,16039
FBgn0030480,2209,3261,3269,2528
FBgn0030481,5161,5716,7021,6356
FBgn0030482,1759,1992,3176,2979
FBgn0030484,2142,2304,2644,2531
FBgn0030486,13873,12454,18441,18152
FBgn0030492,1,0,0,1
FBgn0030493,0,0,0,0
FBgn0030494,0,0,0,0
FBgn0030495,0,0,0,0
FBgn0030485,366,393,564,558
FBgn0030483,3,2,4,2
FBgn0030479,969,1218,2007,1985
FBgn0010198,61514,75447,119983,99914
FBgn0030467,1121,1078,1551,1375
FBgn0052631,0,0,0,0
FBgn0052633,0,0,0,0
FBgn0030499,2733,2323,4230,3965
FBgn0030501,6223,7014,7908,7052
FBgn0030503,1505,1762,2043,1995
FBgn0030505,5306,4883,5116,5372
FBgn0030507,4258,3696,6259,5705
FBgn0030508,66,60,50,51
FBgn0030509,2,1,3,1
FBgn0030511,509,514,835,724
FBgn0002878,4357,3766,4158,4113
FBgn0030518,1673,1633,3974,3300
FBgn0030519,2617,2688,5637,4854
FBgn0020909,2891,3076,4723,3892
FBgn0030528,710,470,1201,987
FBgn0027537,12840,12602,17926,17588
FBgn0052626,6282,6359,10533,10168
FBgn0030530,4958,3647,6990,6355
FBgn0030529,3889,4678,7513,6784
FBgn0030525,0,0,0,0
FBgn0030524,0,0,0,0
FBgn0030521,8997,8740,16766,15726
FBgn0030520,26931,31757,33684,34764
FBgn0001612,9236,10897,11832,11890
FBgn0001087,7924,8724,11468,10902
FBgn0030514,7056,6911,9005,8531
FBgn0030512,8422,8769,11630,11486
FBgn0030510,3270,2304,6306,5179
FBgn0030506,2082,2360,2249,2067
FBgn0030504,17224,18605,23607,22972
FBgn0030502,9601,11513,14704,14000
FBgn0030500,4035,3824,6377,5754
FBgn0030536,1,0,1,0
FBgn0000173,13287,13725,28951,25756
FBgn0044817,0,0,0,0
FBgn0011952,0,0,0,0
FBgn0011975,0,0,0,0
FBgn0011976,0,0,0,0
FBgn0011948,0,0,0,0
FBgn0011949,0,0,0,0
FBgn0011950,0,0,0,0
FBgn0011951,0,0,0,0
FBgn0011974,0,0,0,0
FBgn0011981,0,0,0,0
FBgn0030537,0,0,0,0
FBgn0040871,0,0,0,0
FBgn0011983,0,0,0,0
FBgn0011953,0,0,0,0
FBgn0011977,0,0,0,0
FBgn0011982,0,0,0,0
FBgn0011980,0,0,0,0
FBgn0030539,0,0,1,0
FBgn0030540,0,1,0,0
FBgn0030541,4,1,11,11
FBgn0052603,0,0,0,0
FBgn0030543,0,0,0,0
FBgn0004649,121424,85266,240299,232773
FBgn0052600,95,119,92,100
FBgn0052601,1,0,0,0
FBgn0030566,0,0,0,1
FBgn0030569,23,20,45,48
FBgn0052598,0,0,0,3
FBgn0030563,1,0,1,2
FBgn0030544,4,1,7,6
FBgn0030570,3,1,2,2
FBgn0030571,947,660,1430,1274
FBgn0030573,1020,1222,1464,1345
FBgn0030575,0,0,0,2
FBgn0030577,0,0,0,0
FBgn0030578,0,0,0,0
FBgn0015010,2,1,2,6
FBgn0020508,0,0,1,0
FBgn0030576,191,197,1139,1192
FBgn0015774,52,81,113,159
FBgn0030574,213,300,673,605
FBgn0030572,1574,1509,2887,2430
FBgn0030582,8531,7397,9633,8950
FBgn0030583,811,1275,1330,1039
FBgn0000535,3,3,9,17
FBgn0052594,3421,4329,2282,2421
FBgn0030603,8595,9010,14390,13146
FBgn0030605,1647,1124,3673,3113
FBgn0030607,2900,3143,4937,4350
FBgn0053177,116,130,27,18
FBgn0053178,64,48,12,12
FBgn0030612,4900,4575,6052,5742
FBgn0030611,998,984,1987,1790
FBgn0030610,1139,975,2208,1853
FBgn0030608,39252,43953,45386,46689
FBgn0030600,118,86,92,70
FBgn0030599,1,1,0,0
FBgn0027601,11069,10846,8167,7418
FBgn0052591,9,4,2,6
FBgn0030598,367,488,823,792
FBgn0030597,2,4,14,8
FBgn0030596,937,1116,2487,1467
FBgn0030595,4,0,3,3
FBgn0030594,3,4,2,4
FBgn0030593,238,73,600,543
FBgn0030592,1,2,2,5
FBgn0030590,26,7,18,31
FBgn0030589,1,0,0,0
FBgn0030588,26,31,24,14
FBgn0030587,1,0,0,0
FBgn0030586,0,1,0,0
FBgn0052590,645,966,949,811
FBgn0030584,1770,1278,3492,2707
FBgn0003301,753,631,1548,1583
FBgn0030613,4,5,3,6
FBgn0030620,0,1,0,0
FBgn0030625,2792,3554,2957,2715
FBgn0015926,7104,6407,6834,6161
FBgn0026428,8913,6206,13281,12082
FBgn0030631,4665,3839,7205,6484
FBgn0030634,9,14,7,7
FBgn0003132,2,1,0,0
FBgn0030630,3278,3367,5095,4772
FBgn0030629,363,331,1822,1525
FBgn0030628,2473,1984,4583,4051
FBgn0030624,1,0,0,0
FBgn0030623,0,0,0,0
FBgn0030622,0,0,0,0
FBgn0052588,0,0,0,0
FBgn0030617,12,10,23,41
FBgn0030616,58218,63922,125562,116662
FBgn0030615,1094,918,2221,2343
FBgn0030614,1,0,0,0
FBgn0014455,17181,11340,40861,37443
FBgn0030638,1114,1039,1409,1204
FBgn0030640,30,19,39,37
FBgn0030643,0,0,0,0
FBgn0030645,394,238,1056,950
FBgn0030647,8,16,5,5
FBgn0030648,3860,2942,8771,7954
FBgn0027287,4578,4529,7690,7629
FBgn0030653,122,65,860,759
FBgn0030658,5013,4200,9661,8657
FBgn0030660,3431,3483,2547,2198
FBgn0030661,1,0,4,3
FBgn0030663,3,0,0,1
FBgn0030664,0,0,0,0
FBgn0030666,3,0,843,572
FBgn0030668,1465,1424,2026,1890
FBgn0030671,2367,2128,4147,3573
FBgn0030673,855,998,1084,930
FBgn0030672,37679,38497,65656,62253
FBgn0030670,3286,3810,4582,4564
FBgn0030669,1415,1430,3011,2758
FBgn0030667,12,22,10,5
FBgn0030665,0,0,7,7
FBgn0003463,203,227,539,591
FBgn0030659,2276,1862,3384,2986
FBgn0030655,2503,1994,3595,3165
FBgn0030654,751,707,792,765
FBgn0030642,125,101,165,107
FBgn0004391,12633,11521,15747,15330
FBgn0040285,7347,8690,9417,9513
FBgn0030674,13766,12235,18581,21172
FBgn0030675,1457,1581,1893,1600
FBgn0026666,868,863,1079,997
FBgn0030679,3063,2493,4232,3987
FBgn0027329,30194,23551,56346,54501
FBgn0030683,2094,2101,3504,2984
FBgn0030684,0,2,3,1
FBgn0030686,3417,3280,5001,4572
FBgn0030687,3226,2879,3864,3815
FBgn0053172,4335,6164,4557,4519
FBgn0030692,6484,6154,8503,8439
FBgn0026374,339,323,471,480
FBgn0030694,1388,1710,2113,2079
FBgn0030696,2,0,0,4
FBgn0003345,4960,6350,5076,5729
FBgn0052582,14,16,51,44
FBgn0030697,10,1,1,0
FBgn0030699,2417,2532,3239,3135
FBgn0030700,773,1101,1044,905
FBgn0001105,23240,29590,41770,42888
FBgn0001092,81780,72026,153470,139496
FBgn0030701,6143,6226,7877,8114
FBgn0030704,3560,4313,4270,3615
FBgn0003392,9036,10018,13500,13854
FBgn0030706,11,6,5,4
FBgn0030707,2,1,0,0
FBgn0030710,9151,10747,8289,7910
FBgn0030711,4600,6383,7147,5484
FBgn0045073,12862,17816,16743,16186
FBgn0053180,6879,8995,6910,6941
FBgn0010315,9921,11978,10683,10317
FBgn0030703,18939,26310,32412,28533
FBgn0065035,2315,3373,4605,3940
FBgn0002914,11227,12892,13702,13285
FBgn0026076,6206,7576,8368,8256
FBgn0014391,6236,6316,13653,9038
FBgn0027093,8360,11457,12851,12415
FBgn0000319,44179,50251,65669,68070
FBgn0030695,3120,3879,3973,3720
FBgn0052581,1850,2805,2681,2471
FBgn0030693,3644,5164,4815,4380
FBgn0025809,6849,7669,8768,8547
FBgn0030691,36,24,30,36
FBgn0030688,0,0,0,1
FBgn0030685,6964,8168,7095,7483
FBgn0030680,6670,7069,8291,8300
FBgn0030678,2071,1922,3578,3246
FBgn0011741,2551,2556,4533,4151
FBgn0030676,161,198,408,340
FBgn0003920,17,18,6,3
FBgn0030731,1482,1358,3198,3741
FBgn0004066,14914,14379,27788,24264
FBgn0000536,2586,3373,3631,3481
FBgn0030733,5348,6251,11704,9878
FBgn0011571,6564,6576,14154,12690
FBgn0030735,6126,7562,7101,7198
FBgn0027521,11896,13860,15099,14423
FBgn0030739,2087,2599,2273,2227
FBgn0052579,3793,4138,5936,5157
FBgn0260450,1631,1592,3192,3016
FBgn0003416,6356,7431,7531,8068
FBgn0005411,9306,10172,15504,13801
FBgn0030743,2629,2529,4534,3832
FBgn0030742,10,14,22,25
FBgn0030740,15243,17458,22806,20737
FBgn0004432,106502,120981,205695,191532
FBgn0030738,7101,6865,10673,9954
FBgn0030737,468,348,442,320
FBgn0030734,9066,10367,14186,13124
FBgn0040207,8331,9654,11570,11397
FBgn0030729,1,1,3,6
FBgn0003933,5,15,1,0
FBgn0004598,24402,24589,36897,36765
FBgn0030745,673,672,831,745
FBgn0004367,2414,2481,3247,3149
FBgn0030747,5,2,3,0
FBgn0030748,0,1,0,2
FBgn0030753,8889,9763,13497,13161
FBgn0026181,8888,8357,12110,12163
FBgn0030752,3672,3310,4572,4369
FBgn0030749,3063,3399,2336,2694
FBgn0030746,0,1,0,0
FBgn0010416,5728,6649,7094,6810
FBgn0030744,5840,7549,7787,7413
FBgn0010412,51063,47945,146822,125629
FBgn0030766,2408,2756,2866,3194
FBgn0052573,0,0,0,0
FBgn0030776,0,0,0,1
FBgn0030780,1,0,0,0
FBgn0052572,8,10,2,5
FBgn0052571,0,0,0,0
FBgn0052570,0,1,0,0
FBgn0052569,0,0,0,0
FBgn0052574,3,0,0,0
FBgn0030786,2831,2157,5005,4194
FBgn0030788,4291,5475,6171,5756
FBgn0030790,9180,10799,13013,11642
FBgn0030792,2758,1887,6682,5560
FBgn0030794,3194,2687,8341,7588
FBgn0030795,32,36,109,154
FBgn0030796,84,110,200,244
FBgn0030799,1065,1105,1122,1005
FBgn0030801,1882,2495,2111,1890
FBgn0030803,6337,7831,6785,6169
FBgn0030804,0,0,0,0
FBgn0027556,18,25,33,54
FBgn0053252,1,1,0,0
FBgn0030802,3037,2598,7691,6840
FBgn0030800,2555,2350,3316,2938
FBgn0030798,129,192,281,425
FBgn0030797,8,21,39,71
FBgn0030793,2051,1918,7478,6510
FBgn0030791,4896,5976,8279,8152
FBgn0030789,3697,3640,4813,4365
FBgn0030787,5245,5000,6759,6179
FBgn0001250,447,300,977,1183
FBgn0027528,3529,4355,4895,4741
FBgn0030777,0,1,0,5
FBgn0030775,0,0,2,1
FBgn0030774,0,0,1,0
FBgn0030773,0,0,0,0
FBgn0030770,1,4,1,0
FBgn0030769,22,20,89,52
FBgn0015336,1,2,2,0
FBgn0030768,3572,3286,4862,4449
FBgn0030808,4810,4668,6913,7209
FBgn0030813,6202,8151,10241,9300
FBgn0030814,3,7,3,3
FBgn0030816,3609,4488,4021,4315
FBgn0030817,33058,29342,20213,18724
FBgn0000163,4075,4155,5331,5349
FBgn0030824,1,0,0,0
FBgn0052564,0,0,0,0
FBgn0052563,0,0,0,0
FBgn0030828,99,81,190,156
FBgn0030829,0,0,0,0
FBgn0030830,0,0,0,0
FBgn0030832,0,0,0,0
FBgn0003057,0,0,0,1
FBgn0030826,0,0,0,0
FBgn0030823,0,0,0,0
FBgn0028974,7817,8085,6232,5910
FBgn0016080,63,45,109,101
FBgn0002590,26472,23602,70617,68059
FBgn0065032,34,65,59,52
FBgn0030815,14,12,8,6
FBgn0030812,10881,11267,15122,15119
FBgn0030809,8435,8669,9662,10857
FBgn0030807,1,0,0,2
FBgn0030806,1228,1108,1694,1582
FBgn0030805,4616,3716,8550,7561
FBgn0030838,6571,7153,8477,7856
FBgn0004854,0,0,0,0
FBgn0011758,0,0,0,0
FBgn0030839,588,456,1053,992
FBgn0030841,0,2,2,5
FBgn0030840,0,0,1,0
FBgn0040877,1,1,0,0
FBgn0027602,3872,3426,6087,6116
FBgn0024238,11348,11239,18714,19794
FBgn0030837,0,2,4,2
FBgn0030836,0,0,0,2
FBgn0030834,2852,2584,5564,4561
FBgn0030833,5792,6507,6005,5779
FBgn0030847,669,768,1166,1211
FBgn0030846,29,40,33,34
FBgn0026313,8573,8207,10574,10495
FBgn0030853,3370,2443,8370,7543
FBgn0030855,5458,5338,7459,7416
FBgn0026192,9814,11859,13632,13504
FBgn0024184,17,9,3,6
FBgn0026058,2,1,0,1
FBgn0030870,1768,1769,9792,9382
FBgn0000617,1517,1335,3461,3070
FBgn0030872,1919,1782,3066,2680
FBgn0052557,0,0,0,0
FBgn0052554,237,236,490,430
FBgn0030873,5847,6653,7814,7324
FBgn0030871,3256,2642,5084,4434
FBgn0030869,11017,12686,15001,14840
FBgn0030868,0,0,0,0
FBgn0030864,9331,11517,11404,10557
FBgn0030859,1,1,0,4
FBgn0030858,4626,4106,5972,5654
FBgn0026375,15838,16706,16881,17135
FBgn0030854,5664,6830,6175,5930
FBgn0030851,2485,2926,3579,3299
FBgn0030850,16070,18100,20400,19592
FBgn0028343,14656,14534,22832,21774
FBgn0030876,322,388,552,546
FBgn0030878,2508,2108,5579,5159
FBgn0030881,1,0,3,2
FBgn0030880,0,0,0,2
FBgn0030882,0,0,0,0
FBgn0052496,0,0,0,0
FBgn0030884,200,195,394,398
FBgn0030889,0,0,0,0
FBgn0030891,3146,3017,4663,4339
FBgn0021765,10239,7280,48610,39605
FBgn0030893,374,410,669,641
FBgn0022724,2652,2619,2516,2424
FBgn0030895,0,1,0,2
FBgn0052553,0,0,0,0
FBgn0030894,5910,6653,6562,6748
FBgn0030890,8580,10222,11694,11177
FBgn0030886,0,0,0,0
FBgn0030883,1955,2062,2298,1988
FBgn0030877,3345,2414,6646,5664
FBgn0083228,7,20,20,26
FBgn0030900,1,0,6,7
FBgn0030911,0,0,0,0
FBgn0030914,3,1,18,19
FBgn0030915,1457,955,2419,2053
FBgn0022355,59,22,135,51
FBgn0030918,5,11,1,0
FBgn0030921,0,0,2,0
FBgn0052551,0,0,0,0
FBgn0052548,2,0,0,0
FBgn0052549,6147,6100,4765,4932
FBgn0008635,7744,5539,14898,14797
FBgn0004957,1572,1124,3794,3309
FBgn0030913,1,1,0,0
FBgn0030912,56,28,139,114
FBgn0004956,33,48,77,78
FBgn0030905,0,0,0,0
FBgn0030904,0,0,0,5
FBgn0030899,93,153,555,665
FBgn0030931,395,369,479,387
FBgn0027087,8354,6248,19786,17143
FBgn0030938,2060,1374,5083,4090
FBgn0052546,0,1,0,0
FBgn0030943,3369,2935,6317,5840
FBgn0001079,3074,2816,2772,2592
FBgn0004959,77,52,239,270
FBgn0030949,0,0,0,0
FBgn0030952,2,0,0,0
FBgn0030951,2,1,0,0
FBgn0010383,1428,1276,2519,3360
FBgn0030947,1,1,2,1
FBgn0030946,4019,3471,4968,4790
FBgn0030945,1179,580,3998,3563
FBgn0030944,2450,2366,6512,5245
FBgn0027335,10771,10534,17836,16563
FBgn0030941,309,370,961,1056
FBgn0030940,2,1,1,1
FBgn0030937,4,4,0,1
FBgn0030936,6,3,1,0
FBgn0030933,29,24,13,9
FBgn0030932,23861,19045,39875,31629
FBgn0010194,1464,1467,1614,1786
FBgn0030930,6182,5968,9755,9179
FBgn0030929,0,0,2,4
FBgn0030928,2,1,13,13
FBgn0030927,8,7,64,134
FBgn0030926,3,1,2,4
FBgn0030925,61,44,152,166
FBgn0030955,1119,1173,2640,3362
FBgn0030958,45,31,101,90
FBgn0030960,2336,3057,2587,2670
FBgn0030961,11,15,58,47
FBgn0030963,1799,1174,3027,2777
FBgn0030964,4079,3680,3599,3442
FBgn0030969,4404,4099,4270,4067
FBgn0052544,22,15,1,2
FBgn0030973,8146,8032,10724,10416
FBgn0030975,2,0,2,0
FBgn0030976,164,254,462,439
FBgn0030974,2597,1546,6574,5522
FBgn0030970,5902,5519,8508,8142
FBgn0030968,6809,4709,13040,10347
FBgn0030966,2549,1857,4978,4397
FBgn0001090,489,194,1888,1570
FBgn0030959,3074,3144,3962,3620
FBgn0030956,2190,2268,3292,3217
FBgn0030954,7,1,6,4
FBgn0030979,0,0,0,0
FBgn0030980,0,0,0,2
FBgn0030981,0,0,0,1
FBgn0030991,7330,8122,9910,9958
FBgn0030992,7,7,18,10
FBgn0030993,50,27,146,148
FBgn0030994,1,4,16,15
FBgn0030996,5525,5355,5357,5099
FBgn0030999,11,8,74,58
FBgn0031000,0,0,0,0
FBgn0031001,72,24,268,222
FBgn0031003,3106,2561,4508,4078
FBgn0031005,1,0,0,0
FBgn0040068,3126,2682,4157,4264
FBgn0031012,8,2,13,5
FBgn0031011,2867,3317,2955,3162
FBgn0031010,13,9,9,17
FBgn0052536,104,74,265,203
FBgn0052537,1272,898,2373,2099
FBgn0031008,4192,3513,8251,7712
FBgn0031006,12420,11933,10696,11027
FBgn0031004,2,5,0,0
FBgn0031002,33,25,59,84
FBgn0030998,0,1,0,0
FBgn0027603,14820,17739,22665,24781
FBgn0030997,40,46,76,67
FBgn0030995,397,312,579,497
FBgn0030990,4691,3716,9427,8444
FBgn0030989,1,1,0,3
FBgn0030985,4,5,10,4
FBgn0030983,0,0,0,0
FBgn0030982,0,0,0,0
FBgn0031018,34,36,61,38
FBgn0031020,23387,19312,36482,33631
FBgn0031021,1762,1312,5775,5273
FBgn0027621,2923,2661,3557,3547
FBgn0031023,6269,5264,9215,9084
FBgn0000257,2882,2245,5062,4644
FBgn0031032,231,201,4,2
FBgn0031034,0,2,1,0
FBgn0031037,4836,5456,5717,5267
FBgn0031040,1322,962,4641,3713
FBgn0031044,3976,4366,5397,5129
FBgn0031045,13,3,21,20
FBgn0031047,9456,8762,10785,10160
FBgn0031049,8391,10344,16695,14384
FBgn0031052,7123,5809,10710,10595
FBgn0031054,2991,2916,4045,3669
FBgn0004057,1355,1108,1584,1729
FBgn0031057,23119,28475,34659,33402
FBgn0010341,15097,17170,22736,22376
FBgn0031059,1978,2299,2384,1892
FBgn0031058,9,7,22,22
FBgn0043903,6816,5105,8536,8540
FBgn0031055,11,15,14,13
FBgn0031053,446,270,610,617
FBgn0031051,9128,7124,13123,13692
FBgn0031050,1223,804,3069,2400
FBgn0031048,5436,4935,11746,10548
FBgn0031043,4840,6067,5482,5274
FBgn0031042,81,53,70,70
FBgn0031036,1718,1441,2826,2480
FBgn0031033,2,1,2,0
FBgn0031031,173,133,69,71
FBgn0031030,22849,25805,31649,31036
FBgn0026430,24188,23593,30929,28941
FBgn0052532,5,10,5,14
FBgn0031026,0,0,0,0
FBgn0027291,21418,22945,35649,35756
FBgn0040890,1819,1400,2810,2133
FBgn0031022,1033,604,2381,2122
FBgn0020261,6848,5357,9818,9801
FBgn0044030,604,534,2808,2097
FBgn0052533,893,514,2974,2908
FBgn0031062,5350,4669,7637,6954
FBgn0031064,0,5,2,2
FBgn0010380,11036,8820,18002,17623
FBgn0031065,2,5,0,2
FBgn0052528,5169,4824,9195,8381
FBgn0031068,1889,1127,3007,2774
FBgn0031069,7329,6615,9520,9436
FBgn0026174,0,1,0,0
FBgn0026175,19,15,4,4
FBgn0031078,10999,8054,19659,19822
FBgn0031077,745,648,1875,1902
FBgn0031074,2,0,0,2
FBgn0031070,2254,1623,3609,3456
FBgn0042132,1613,1560,2737,2446
FBgn0040089,323,299,1003,1172
FBgn0031061,2241,1963,3122,2960
FBgn0031060,1228,935,3646,3072
FBgn0031066,10056,9372,19947,18086
FBgn0036936,0,0,0,0
FBgn0005198,4925,4897,5712,5701
FBgn0036945,125,126,375,405
FBgn0036950,0,0,0,0
FBgn0036953,0,0,1,0
FBgn0036956,24,32,77,57
FBgn0036959,1068,1488,1000,843
FBgn0024814,9186,8737,20991,18705
FBgn0052228,0,0,0,0
FBgn0036967,8264,10702,10124,9481
FBgn0036969,1,2,0,3
FBgn0036972,2,1,4,5
FBgn0052225,12,4,15,15
FBgn0052226,3462,3399,4216,4003
FBgn0036964,1156,1538,2384,2088
FBgn0052227,16,22,9,17
FBgn0036962,1,0,0,0
FBgn0036958,5925,5317,6837,6960
FBgn0036952,0,0,0,0
FBgn0036951,0,0,0,0
FBgn0052224,0,0,0,0
FBgn0036949,0,0,0,0
FBgn0036948,0,0,0,0
FBgn0036947,0,0,0,0
FBgn0036942,1015,1234,1707,1500
FBgn0036941,0,1,0,1
FBgn0036940,0,0,0,1
FBgn0036939,56,30,350,546
FBgn0036938,1151,1390,3932,5590
FBgn0036937,0,0,5,10
FBgn0036935,4,7,5,5
FBgn0036934,5,3,26,28
FBgn0036932,1780,2178,3013,2615
FBgn0036909,2261,3107,3767,3035
FBgn0024889,10168,11241,12704,12228
FBgn0052221,712,801,1048,1078
FBgn0001324,4256,3398,5783,6028
FBgn0020389,2401,2058,4458,4218
FBgn0036913,5135,5180,6731,6859
FBgn0036915,5040,4583,7096,6555
FBgn0028695,23589,20310,37962,37225
FBgn0036918,5151,6326,9473,7185
FBgn0036919,3503,2582,7670,7347
FBgn0036921,15586,19789,27765,25408
FBgn0004852,129,114,161,207
FBgn0036923,55,85,110,92
FBgn0036925,2,0,0,2
FBgn0036926,267,398,680,649
FBgn0013303,3231,5024,7350,6357
FBgn0036928,7972,8445,17206,14735
FBgn0036929,8218,11835,15474,13882
FBgn0036931,39,50,42,53
FBgn0036927,25757,32242,47557,44021
FBgn0005633,2,0,0,3
FBgn0052220,0,0,1,0
FBgn0036924,0,1,0,0
FBgn0036922,625,599,639,585
FBgn0052219,0,0,1,2
FBgn0036920,3471,3079,4598,4227
FBgn0020887,9670,8596,11231,11114
FBgn0014037,20022,20843,27351,27625
FBgn0003744,8600,9418,12615,11697
FBgn0023094,7560,7145,10173,9178
FBgn0036910,855,609,1430,1319
FBgn0040786,211,275,442,295
FBgn0036908,3470,4940,6656,5600
FBgn0036906,2065,2650,3035,2836
FBgn0036880,0,0,2,1
FBgn0036881,0,0,0,0
FBgn0260461,1,2,1,0
FBgn0036886,5557,6772,7433,7275
FBgn0036888,9004,10638,12585,12415
FBgn0010417,4635,4324,5801,5315
FBgn0036890,2,2,3,1
FBgn0036891,26,25,37,40
FBgn0036893,2806,3156,3526,3086
FBgn0029094,11206,12693,17106,14383
FBgn0036895,26,20,33,18
FBgn0004623,0,0,0,0
FBgn0036905,0,0,0,0
FBgn0036899,2,0,0,0
FBgn0022774,877,783,3668,3519
FBgn0036897,3964,4880,5022,4839
FBgn0036896,2282,2784,2572,2805
FBgn0036892,5051,6214,5839,6060
FBgn0020277,0,1,0,0
FBgn0005386,10364,11765,9592,9353
FBgn0036889,3065,3675,3758,3362
FBgn0036887,6184,7409,13219,10598
FBgn0005564,219,210,286,303
FBgn0036882,60,77,80,68
FBgn0040075,6660,6559,10807,10537
FBgn0036856,0,0,0,0
FBgn0036859,1,2,3,0
FBgn0036860,1,0,0,0
FBgn0028380,7725,9588,8791,8493
FBgn0036868,0,0,0,0
FBgn0053255,0,0,0,0
FBgn0052205,432,407,1464,1052
FBgn0003089,233,312,414,391
FBgn0036862,12,11,38,39
FBgn0036861,0,0,0,0
FBgn0036858,0,0,0,0
FBgn0036857,119,158,43,37
FBgn0017578,1749,2185,2966,2755
FBgn0026630,7220,9628,7953,7826
FBgn0036853,2385,2296,4993,4053
FBgn0036834,149,177,360,267
FBgn0036835,2,0,0,0
FBgn0036843,3753,4542,5176,4432
FBgn0036846,3213,3764,3438,3108
FBgn0036849,89,101,112,114
FBgn0016797,372,473,1404,1639
FBgn0052203,1,1,7,10
FBgn0036851,0,0,0,2
FBgn0036850,3772,3835,3338,3157
FBgn0036848,3578,3813,4900,4453
FBgn0036847,3926,4400,8029,6560
FBgn0036844,5801,6122,7362,6929
FBgn0036842,6532,7714,7124,6948
FBgn0015586,0,0,0,0
FBgn0002945,81,137,139,160
FBgn0036839,0,0,0,0
FBgn0036838,4591,5350,5551,5588
FBgn0036837,15225,16334,20824,19781
FBgn0036836,41,51,34,53
FBgn0052204,12,18,23,12
FBgn0036833,0,0,0,0
FBgn0036801,5207,5977,11830,11483
FBgn0040323,720,825,844,765
FBgn0036807,1,0,0,0
FBgn0036810,0,0,0,0
FBgn0036811,1003,1113,2111,1740
FBgn0036813,2702,2684,3772,3440
FBgn0036815,8870,8101,13565,11183
FBgn0052027,1577,2031,1830,1733
FBgn0036817,0,0,1,0
FBgn0036818,1179,1607,1097,966
FBgn0036819,1240,1341,1458,1176
FBgn0036820,2501,3726,3207,2772
FBgn0014075,16787,20626,23046,23285
FBgn0036822,2,0,3,1
FBgn0036825,44023,26835,145484,131127
FBgn0036827,3886,4502,5288,4512
FBgn0036828,4116,4528,5729,5733
FBgn0036831,2,0,2,1
FBgn0036832,0,0,0,0
FBgn0036830,0,0,0,0
FBgn0036829,0,0,0,0
FBgn0027057,5818,6281,7618,7412
FBgn0036826,1769,2232,3211,3006
FBgn0036824,8736,7616,7577,7956
FBgn0036821,65,116,4058,4143
FBgn0025807,1663,1881,2137,1902
FBgn0036816,15333,18008,17368,17294
FBgn0036814,9829,11442,12322,12880
FBgn0001078,8783,8464,15934,16485
FBgn0036812,3108,3906,3747,3606
FBgn0036809,5,17,2,4
FBgn0036808,0,0,0,0
FBgn0036806,64,77,65,46
FBgn0036805,4215,4475,7512,6428
FBgn0036804,1753,1953,3543,2913
FBgn0040322,155,169,74,76
FBgn0042134,43204,41915,71224,71330
FBgn0052198,0,0,0,0
FBgn0036791,0,0,1,0
FBgn0036795,2,0,0,0
FBgn0036796,0,0,0,0
FBgn0052201,0,0,0,0
FBgn0052199,0,0,0,0
FBgn0052200,0,0,0,7
FBgn0013717,4556,4419,4756,4073
FBgn0003683,0,0,0,1
FBgn0028416,0,0,0,0
FBgn0028415,0,0,0,0
FBgn0036787,1,8,88,117
FBgn0052196,302,482,688,649
FBgn0036786,3,1,2,3
FBgn0011706,33,78,26,39
FBgn0036774,2727,2294,4830,4097
FBgn0002901,4033,5431,4190,3984
FBgn0036777,1291,1627,2157,1727
FBgn0052195,545,785,991,892
FBgn0020300,216,291,801,1135
FBgn0036780,27,24,55,35
FBgn0036782,3,1,5,10
FBgn0015946,0,0,0,0
FBgn0036785,0,0,0,0
FBgn0036784,1,0,0,0
FBgn0003997,1187,1672,2058,2583
FBgn0036781,14,26,27,31
FBgn0036778,2,2,5,3
FBgn0036775,4057,3988,5731,5131
FBgn0036773,3069,3557,3475,3499
FBgn0052194,0,0,0,2
FBgn0001134,0,0,2,0
FBgn0036762,10362,8724,19171,17749
FBgn0036763,4123,4241,3615,3406
FBgn0036765,20,36,39,30
FBgn0036768,11,7,15,23
FBgn0036771,1125,1215,1937,1718
FBgn0052192,2,2,0,0
FBgn0000568,1636,1958,3644,4694
FBgn0036772,3402,4158,4889,5058
FBgn0036770,6198,7583,6983,7247
FBgn0036769,6682,7593,14607,14377
FBgn0036767,0,0,0,0
FBgn0036766,1,0,0,0
FBgn0036764,10752,11902,14063,13457
FBgn0036761,8460,8265,12880,11857
FBgn0036760,4245,5024,5569,4708
FBgn0036759,103,147,390,392
FBgn0052189,0,0,0,0
FBgn0052188,0,0,0,0
FBgn0036757,0,2,0,2
FBgn0036756,671,1352,972,1018
FBgn0052191,5,0,1,3
FBgn0052187,200,141,403,277
FBgn0036754,3454,3733,5566,5664
FBgn0052190,13773,14122,22376,21666
FBgn0036732,331,398,525,627
FBgn0052185,0,0,0,0
FBgn0036734,1973,1729,4477,4340
FBgn0036738,0,0,0,0
FBgn0036741,4189,4802,3905,3907
FBgn0036742,89,146,140,163
FBgn0036745,1723,1993,2464,1987
FBgn0052183,0,2,1,0
FBgn0036749,36,29,136,146
FBgn0052182,1,0,0,1
FBgn0052181,3,0,0,1
FBgn0036752,975,1610,1558,2276
FBgn0043025,17,39,21,36
FBgn0036751,1,1,1,0
FBgn0036750,2,1,0,0
FBgn0036747,0,0,0,0
FBgn0036746,6540,7171,8749,8920
FBgn0052179,1829,1939,1799,1708
FBgn0004401,28219,26533,38787,35907
FBgn0036740,3331,3622,5724,5353
FBgn0023197,8,7,1,4
FBgn0036735,12334,14727,15308,15129
FBgn0036733,2729,2276,4049,3452
FBgn0052177,8190,8920,8568,8389
FBgn0036703,1,0,0,0
FBgn0036705,0,0,0,0
FBgn0036707,0,0,0,0
FBgn0036714,3524,4472,3600,3686
FBgn0015550,1,0,0,0
FBgn0040793,6745,6337,14182,10260
FBgn0036725,5,2,2,0
FBgn0036726,4581,5005,9735,7420
FBgn0036727,11,9,8,3
FBgn0036728,4225,3879,8764,7299
FBgn0036730,20,35,24,12
FBgn0036731,0,1,0,0
FBgn0036729,10,11,12,15
FBgn0036723,4,11,0,0
FBgn0052174,2,0,1,0
FBgn0042641,0,0,0,0
FBgn0053052,3264,3332,3768,3443
FBgn0053051,770,1004,1482,1439
FBgn0027660,4041,4113,21979,20475
FBgn0026197,13,17,41,42
FBgn0036717,2,1,2,0
FBgn0036716,0,0,0,0
FBgn0036715,4915,3584,12152,13616
FBgn0036712,0,0,0,1
FBgn0036711,0,1,0,0
FBgn0052173,0,0,0,0
FBgn0036710,6703,7526,5612,5304
FBgn0036709,0,0,0,0
FBgn0036708,0,0,0,0
FBgn0036706,1,0,0,0
FBgn0036704,0,0,0,0
FBgn0036702,7697,7280,12799,12302
FBgn0052170,42,15,45,32
FBgn0036676,1,6,5,8
FBgn0010352,7059,6552,12117,12131
FBgn0036686,9228,10270,12808,12779
FBgn0036688,3757,3858,4038,3731
FBgn0036691,2042,1476,4253,3909
FBgn0036695,2429,2497,2522,2275
FBgn0036697,6782,8108,9155,8577
FBgn0036698,31,29,14,12
FBgn0036696,1207,1488,1852,1382
FBgn0036690,6290,7969,7897,6467
FBgn0011293,5,0,5,5
FBgn0036687,18,12,21,17
FBgn0036684,6907,7071,3851,3626
FBgn0036679,0,0,3,0
FBgn0036678,0,0,0,0
FBgn0036677,0,0,0,0
FBgn0028693,10375,8963,18182,16325
FBgn0052163,838,1234,1558,1349
FBgn0042178,4320,5548,7811,7647
FBgn0042177,8178,10004,11828,12671
FBgn0025558,400,332,539,378
FBgn0041721,424,357,193,115
FBgn0036652,1,3,3,1
FBgn0036654,1,2,0,1
FBgn0000414,5298,5762,6095,6163
FBgn0036655,2,0,1,0
FBgn0043577,0,0,0,0
FBgn0036659,6,4,12,10
FBgn0004108,1460,1389,2434,2300
FBgn0036661,13908,16229,20484,19693
FBgn0036662,2929,3122,4483,4220
FBgn0021768,7871,8871,11867,10880
FBgn0036666,5356,6349,6480,6427
FBgn0036668,9206,11127,9000,9494
FBgn0052161,6,2,3,1
FBgn0003410,12801,14607,15068,14347
FBgn0036670,33,48,1464,1203
FBgn0036671,4028,3418,4652,4116
FBgn0003250,2,1,4,6
FBgn0036667,1577,2028,2405,1694
FBgn0036665,2,3,10,10
FBgn0036663,10022,9815,12146,12896
FBgn0025582,25219,25474,37640,34978
FBgn0036660,6249,6594,7662,7434
FBgn0004556,5253,6587,7238,6996
FBgn0043578,3,10,27,6
FBgn0036656,0,0,0,0
FBgn0063485,0,0,0,0
FBgn0040512,3672,3869,8181,6200
FBgn0010223,38,40,121,97
FBgn0000017,8291,7334,9866,9667
FBgn0017572,5427,5877,8754,8533
FBgn0004465,4604,4071,7551,6726
FBgn0002284,14309,12002,22816,20822
FBgn0036648,880,844,1321,1235
FBgn0027500,17718,13825,25473,23538
FBgn0036643,1158,960,1860,1423
FBgn0036601,0,0,0,0
FBgn0052160,0,0,2,0
FBgn0042201,6,5,0,2
FBgn0036606,0,0,0,0
FBgn0036610,0,0,0,0
FBgn0053061,0,0,0,0
FBgn0053060,0,0,0,0
FBgn0040074,0,0,0,0
FBgn0040794,0,0,0,0
FBgn0036612,10,1,28,10
FBgn0053257,0,0,0,0
FBgn0260460,1877,2179,2833,2583
FBgn0052357,0,0,0,0
FBgn0036617,1,0,0,0
FBgn0036618,0,0,0,0
FBgn0036620,2032,2944,1427,1177
FBgn0042137,1,9,0,1
FBgn0036624,6955,8436,6915,7158
FBgn0036627,1,7,11,17
FBgn0028399,4245,4559,5288,5420
FBgn0053158,2639,2951,3828,4051
FBgn0003515,16,8,29,48
FBgn0036639,0,0,0,0
FBgn0036641,3807,3110,10544,7956
FBgn0026061,1066,1193,2181,2600
FBgn0036638,0,1,2,0
FBgn0004569,171,193,492,443
FBgn0027080,8877,7723,16194,15368
FBgn0036629,722,945,788,780
FBgn0036623,6582,7949,7331,7578
FBgn0036622,4251,4077,6062,5470
FBgn0036621,10225,10886,13955,13976
FBgn0036619,21,35,14,13
FBgn0011693,1,0,0,0
FBgn0036614,1934,2276,2852,2783
FBgn0036608,0,0,0,0
FBgn0036605,0,0,0,0
FBgn0036602,1,0,0,0
FBgn0036600,0,0,0,0
FBgn0044028,6,6,7,12
FBgn0036560,0,0,0,1
FBgn0005536,8824,8522,11642,11739
FBgn0036563,2,2,7,3
FBgn0036566,9998,12229,13931,13889
FBgn0036568,4,3,2,1
FBgn0036569,1653,2261,2818,2780
FBgn0010280,13337,10973,16065,15201
FBgn0036571,2447,3286,2935,2914
FBgn0011016,11477,11643,24039,21565
FBgn0052153,0,0,0,0
FBgn0036579,2863,3966,2948,2659
FBgn0036581,1802,2603,3551,2880
FBgn0036585,0,0,0,0
FBgn0036586,0,0,0,0
FBgn0040798,0,0,0,1
FBgn0036588,3,2,3,10
FBgn0036589,77,55,141,126
FBgn0040797,0,0,2,0
FBgn0036590,0,0,0,1
FBgn0036598,0,0,0,0
FBgn0036597,3,2,14,6
FBgn0036596,10,5,17,15
FBgn0036595,3,2,9,15
FBgn0036594,0,0,3,0
FBgn0036593,0,0,3,0
FBgn0036592,1,0,0,0
FBgn0036591,0,0,0,0
FBgn0036587,8,7,12,17
FBgn0040801,0,0,0,0
FBgn0036584,0,0,0,0
FBgn0036583,0,0,0,0
FBgn0036580,2720,2394,3431,2892
FBgn0036577,1,0,0,0
FBgn0036576,862,1048,1211,1368
FBgn0052152,0,0,0,0
FBgn0036575,1,0,0,2
FBgn0003076,11506,11457,21428,19417
FBgn0036570,2634,2843,3899,3686
FBgn0036567,0,0,2,0
FBgn0036565,6140,8127,8663,8489
FBgn0036531,1,1,1,1
FBgn0036532,0,0,0,0
FBgn0015025,938,1048,1502,1245
FBgn0040230,7713,7867,10189,9840
FBgn0036536,1426,1790,1281,1131
FBgn0036545,1882,2340,3191,2512
FBgn0036547,29,19,33,46
FBgn0036549,1073,1177,1382,1288
FBgn0036550,63,63,79,58
FBgn0036551,459,479,805,727
FBgn0036552,34,42,40,32
FBgn0036553,5,8,5,14
FBgn0000115,3054,3023,4909,4375
FBgn0036557,2298,2505,4651,4378
FBgn0036556,3813,4854,4898,5055
FBgn0000212,13131,13743,13500,12987
FBgn0000489,1453,1726,1888,1687
FBgn0052150,2,0,0,0
FBgn0036538,7292,10740,14468,11811
FBgn0036537,5420,7624,11179,9646
FBgn0036498,48,56,3,4
FBgn0036499,1,0,0,0
FBgn0036500,2525,2697,3891,3607
FBgn0036501,464,601,1497,1452
FBgn0000565,1267,1151,2641,2615
FBgn0036504,171,272,640,554
FBgn0004396,4348,4909,5626,5606
FBgn0036510,5183,5859,8181,6806
FBgn0036512,3296,3603,4171,3904
FBgn0036514,5247,6707,7619,7590
FBgn0036515,5444,5556,10638,9353
FBgn0036518,7238,7657,11906,12232
FBgn0036522,12711,14795,13237,12940
FBgn0004589,0,0,0,0
FBgn0004591,0,0,0,0
FBgn0004594,0,0,0,0
FBgn0014849,0,0,0,0
FBgn0014851,0,0,0,0
FBgn0036527,0,0,0,0
FBgn0036529,8,3,6,3
FBgn0010105,7,3,8,10
FBgn0041160,178,172,482,648
FBgn0036528,0,0,0,0
FBgn0014850,0,0,0,0
FBgn0014848,0,0,0,0
FBgn0004593,0,0,0,0
FBgn0004592,0,0,0,0
FBgn0004590,0,0,0,0
FBgn0004588,0,1,0,0
FBgn0036520,0,1,2,3
FBgn0036519,2289,2533,3367,2994
FBgn0036516,3595,3155,6740,5986
FBgn0036509,5140,6271,8214,7881
FBgn0036505,6078,7741,8610,7829
FBgn0004228,3,4,5,3
FBgn0036503,0,0,0,0
FBgn0036502,2385,2739,4124,3693
FBgn0026738,3161,3560,3977,3638
FBgn0040805,405,649,130,137
FBgn0029114,361,377,1561,2075
FBgn0036491,1,0,0,0
FBgn0036494,0,0,0,0
FBgn0036495,0,0,0,0
FBgn0036497,3,0,0,0
FBgn0036496,0,0,0,0
FBgn0036492,3,2,15,15
FBgn0026320,1,3,0,3
FBgn0000216,0,0,0,0
FBgn0040296,0,0,0,0
FBgn0036459,0,0,0,0
FBgn0036460,3714,3451,6494,6020
FBgn0002778,792,909,14046,14458
FBgn0036461,8,17,9,4
FBgn0023174,17054,16647,23285,21185
FBgn0047338,0,0,0,0
FBgn0036470,0,0,0,0
FBgn0027088,12676,13308,19113,17755
FBgn0036479,4,3,5,8
FBgn0036480,2920,3310,4253,4007
FBgn0052847,3,4,3,9
FBgn0036484,6581,6957,7760,6929
FBgn0036485,3,12,20,17
FBgn0036487,4042,3731,6444,6004
FBgn0036488,1519,1552,2277,1891
FBgn0036490,2,1,8,2
FBgn0036489,2270,2213,4142,3502
FBgn0036486,15455,17382,21378,21514
FBgn0047178,1834,2519,2466,2211
FBgn0014002,43286,39395,77690,72273
FBgn0036483,10741,11862,10023,9661
FBgn0036482,17,17,23,23
FBgn0036481,53,48,81,53
FBgn0036476,1297,1459,1052,1068
FBgn0036474,5,4,3,1
FBgn0036471,0,0,0,0
FBgn0036469,0,0,0,1
FBgn0036468,0,0,0,0
FBgn0036467,0,0,0,0
FBgn0036466,1,0,0,0
FBgn0025776,0,0,0,0
FBgn0036465,0,0,1,0
FBgn0036463,464,373,61,48
FBgn0036462,4248,4727,6382,5638
FBgn0040487,0,0,0,0
FBgn0040809,0,0,0,0
FBgn0003388,90,156,217,218
FBgn0036433,973,1093,1162,1062
FBgn0041604,7907,8789,9287,9022
FBgn0011928,0,0,0,0
FBgn0036437,2,2,1,0
FBgn0036438,0,1,0,0
FBgn0036441,3,0,0,0
FBgn0036442,0,0,0,0
FBgn0036446,3921,4045,5821,6022
FBgn0036450,6775,5769,8865,8229
FBgn0036451,8561,8659,9704,10782
FBgn0036454,205,271,403,476
FBgn0001120,20097,23401,33793,27491
FBgn0029148,4728,4959,14357,11978
FBgn0036449,10963,13212,7810,7378
FBgn0036448,12709,14565,14293,15090
FBgn0036447,0,0,1,0
FBgn0053260,118,146,138,118
FBgn0036443,0,0,0,0
FBgn0036440,3,3,14,17
FBgn0036439,0,0,0,0
FBgn0036436,6,12,18,28
FBgn0011927,0,0,0,0
FBgn0036423,816,884,883,889
FBgn0036426,0,0,0,0
FBgn0026409,39845,40488,77953,73565
FBgn0040318,0,0,0,0
FBgn0028418,0,0,0,0
FBgn0036428,15788,20344,26988,26480
FBgn0036427,0,0,1,0
FBgn0003459,4673,5037,4845,4732
FBgn0036422,4,5,12,10
FBgn0036421,0,0,0,0
FBgn0052141,7,4,4,0
FBgn0036415,4,2,1,3
FBgn0036416,8,11,12,7
FBgn0036417,0,0,0,1
FBgn0001085,870,1225,5111,4550
FBgn0036419,0,0,0,0
FBgn0000411,1,0,0,1
FBgn0042630,3,0,0,0
FBgn0036411,0,0,0,0
FBgn0000639,0,0,0,0
FBgn0043550,0,0,0,0
FBgn0029167,19,28,58,63
FBgn0036382,519,183,1419,1043
FBgn0001108,11576,11716,15736,15422
FBgn0052137,966,1023,1849,1761
FBgn0036389,0,0,0,0
FBgn0001216,15,9,54,64
FBgn0036393,0,0,0,0
FBgn0036394,0,0,0,0
FBgn0036395,1736,1762,2479,2199
FBgn0036398,11823,12800,14275,15085
FBgn0036402,3384,3531,4113,3890
FBgn0036403,4,6,0,0
FBgn0026418,34805,34504,50540,49414
FBgn0036405,2470,2136,3997,3392
FBgn0013563,2743,3265,3135,3023
FBgn0036410,1,2,0,1
FBgn0036406,1365,1248,1844,1547
FBgn0036397,4161,3842,5301,4953
FBgn0036396,1630,1960,1844,1734
FBgn0036391,2,5,5,0
FBgn0036390,0,0,0,0
FBgn0025874,2899,3805,3183,3138
FBgn0036386,3750,4820,4401,4079
FBgn0026376,3502,4093,5538,5560
FBgn0036381,326,372,381,348
FBgn0040812,1,0,0,0
FBgn0036380,0,0,0,0
FBgn0036368,1233,1080,3333,3532
FBgn0036373,2162,1767,3726,4405
FBgn0036376,9891,11773,10264,10053
FBgn0036377,10,7,18,11
FBgn0036372,9541,9829,10410,10352
FBgn0036369,130,174,875,797
FBgn0036367,1,0,0,0
FBgn0036366,2143,1831,3491,3020
FBgn0053262,0,0,0,0
FBgn0052129,0,0,0,0
FBgn0052128,0,0,0,0
FBgn0052126,0,0,0,0
FBgn0052127,0,0,0,0
FBgn0023095,1089,1140,2083,2243
FBgn0011844,0,0,0,0
FBgn0003034,0,0,0,0
FBgn0040814,1,1,0,0
FBgn0036348,0,0,0,0
FBgn0040813,62,89,248,209
FBgn0036349,0,0,0,1
FBgn0036350,0,2,0,0
FBgn0001256,0,0,0,0
FBgn0036352,1,0,0,1
FBgn0012010,0,0,0,0
FBgn0036364,14,5,19,12
FBgn0036365,5530,5206,5421,5168
FBgn0036363,1,1,0,1
FBgn0036361,1,0,0,0
FBgn0036360,0,0,4,0
FBgn0012009,0,0,0,0
FBgn0036359,0,0,0,0
FBgn0260459,0,0,0,0
FBgn0053263,0,0,0,0
FBgn0052121,0,0,0,0
FBgn0036356,1896,2224,2524,2174
FBgn0002573,0,0,0,0
FBgn0036354,2324,1831,4268,3767
FBgn0036353,3114,3196,5317,4692
FBgn0036351,2,0,3,3
FBgn0052119,3,2,0,0
FBgn0036321,0,0,1,0
FBgn0036323,171,68,353,277
FBgn0036328,0,0,0,0
FBgn0036329,0,0,0,0
FBgn0036330,2010,2984,681,506
FBgn0036331,837,1227,1276,1186
FBgn0036334,15576,16458,21556,19077
FBgn0036336,3088,3378,3354,3020
FBgn0260441,47934,37094,110095,97643
FBgn0036340,7687,7479,12186,11484
FBgn0011284,119327,90030,245497,223684
FBgn0036341,4372,3914,7534,6327
FBgn0036342,1093,1382,2907,2399
FBgn0010452,207,185,280,239
FBgn0036346,0,0,0,0
FBgn0036345,0,1,0,0
FBgn0036343,1,0,0,0
FBgn0036337,4935,5431,7029,6320
FBgn0036335,1561,1693,2936,2512
FBgn0036333,9553,13086,13194,12645
FBgn0036332,1645,2345,4393,4379
FBgn0036327,0,0,0,0
FBgn0041622,2,1,7,6
FBgn0036325,0,0,0,1
FBgn0052115,5,2,347,307
FBgn0052117,0,0,2,0
FBgn0036324,366,579,789,544
FBgn0015904,0,0,0,0
FBgn0015919,0,0,0,1
FBgn0052111,1,0,2,5
FBgn0014343,202,220,683,765
FBgn0014007,10088,14024,13005,13035
FBgn0052112,1080,1444,984,948
FBgn0052109,1159,1703,2799,2232
FBgn0036305,3402,3672,4067,3747
FBgn0052113,2975,4098,3465,3673
FBgn0036311,4,4,0,0
FBgn0052110,11,24,45,38
FBgn0036318,3332,3556,4479,4396
FBgn0036319,34,45,30,30
FBgn0036320,0,0,0,0
FBgn0052107,1,0,0,0
FBgn0036317,2354,2993,3093,2953
FBgn0036316,3356,3113,30465,29767
FBgn0036314,2462,1639,4544,4227
FBgn0036310,0,0,0,0
FBgn0052106,1,0,2,0
FBgn0036309,5318,7556,7889,7977
FBgn0010235,8968,9610,13656,13149
FBgn0052105,0,2,1,3
FBgn0036277,935,1034,2142,1626
FBgn0011279,1,0,0,0
FBgn0036286,4203,4217,7215,6608
FBgn0036291,769,872,950,770
FBgn0036300,1357,1491,2608,2303
FBgn0036301,5165,5826,6903,6610
FBgn0036299,8374,8424,9762,9338
FBgn0036298,6411,4842,11462,10353
FBgn0004926,17185,17396,27645,26431
FBgn0020388,5055,5010,6355,5825
FBgn0002466,7492,8190,7854,7490
FBgn0036294,3631,3127,4231,3622
FBgn0036292,1098,1042,1765,1653
FBgn0036289,4,1,4,4
FBgn0036288,203,196,231,277
FBgn0036287,42,44,52,61
FBgn0052102,0,0,0,0
FBgn0036285,0,0,0,0
FBgn0020655,7044,5949,13990,12661
FBgn0052103,9590,10737,11618,11081
FBgn0036282,7,5,12,7
FBgn0052104,2693,3621,2888,2781
FBgn0036279,2889,2807,4779,5517
FBgn0036278,0,0,0,3
FBgn0036246,0,0,0,1
FBgn0011335,2744,3577,3865,3644
FBgn0036248,3782,4793,6091,5227
FBgn0036249,1751,1823,1861,1671
FBgn0046296,1897,2017,3250,2664
FBgn0036257,7055,7725,8889,8028
FBgn0013997,4426,5551,4723,5125
FBgn0052099,1016,1206,1300,1230
FBgn0027843,414,577,10299,9892
FBgn0036262,132,137,111,71
FBgn0000592,13,23,38,35
FBgn0000594,4,1,0,4
FBgn0036264,0,3,9,14
FBgn0052100,2558,2560,2460,2331
FBgn0036273,842,662,1444,1414
FBgn0036274,0,0,0,0
FBgn0036272,19820,21920,26482,24699
FBgn0036271,1453,1345,1842,1796
FBgn0036266,1924,2987,3011,2624
FBgn0022709,992,1138,1395,1248
FBgn0036263,4121,4713,5239,4811
FBgn0036260,3,1,7,18
FBgn0036259,11,26,39,28
FBgn0036258,28784,30128,37233,36919
FBgn0011455,6037,5874,10057,9033
FBgn0036254,3709,5221,5134,5107
FBgn0036250,1,0,0,0
FBgn0022959,16284,18078,36536,35818
FBgn0036205,12581,14068,9198,7483
FBgn0036207,1987,2873,2668,2497
FBgn0004381,4673,4896,4674,4465
FBgn0036213,81850,70970,191324,166264
FBgn0036214,1,1,3,3
FBgn0036218,1,0,1,1
FBgn0036219,0,0,0,2
FBgn0036221,0,0,0,0
FBgn0011723,0,0,0,0
FBgn0036224,0,4,1,0
FBgn0036226,1,1,1,0
FBgn0036227,0,0,0,0
FBgn0036229,0,0,0,0
FBgn0036232,10,0,0,0
FBgn0036235,0,1,0,0
FBgn0036236,1,6,0,1
FBgn0036240,4187,4048,5708,5331
FBgn0036242,0,0,1,1
FBgn0041096,288,313,668,732
FBgn0036239,13166,13703,17735,16611
FBgn0026432,4613,5557,4476,4437
FBgn0036237,5951,5616,9545,8600
FBgn0053265,3,3,1,0
FBgn0028573,0,0,0,0
FBgn0036230,0,0,0,0
FBgn0036228,0,0,0,0
FBgn0036225,3,0,2,0
FBgn0036222,0,0,0,0
FBgn0036220,0,0,0,0
FBgn0036217,0,3,0,0
FBgn0040816,0,0,0,0
FBgn0000404,100269,126690,117859,112087
FBgn0052095,2414,2515,2845,2521
FBgn0036211,5786,5964,8306,7172
FBgn0036212,205,247,366,369
FBgn0052093,0,0,0,0
FBgn0036208,52,34,11,13
FBgn0036206,16,14,61,43
FBgn0015278,8045,8865,8278,8236
FBgn0036204,1,0,0,0
FBgn0028667,0,0,0,0
FBgn0028668,0,0,0,0
FBgn0053500,0,0,0,0
FBgn0003377,2,0,0,0
FBgn0003373,0,0,0,0
FBgn0036168,76,65,122,149
FBgn0036173,2555,2980,3857,3599
FBgn0036176,0,0,0,0
FBgn0036179,7,10,2,3
FBgn0036184,2913,3319,4622,3982
FBgn0042138,5697,6289,11783,10682
FBgn0052091,2384,3303,2992,3836
FBgn0036188,1969,1841,3392,2944
FBgn0015828,6166,5611,10161,8998
FBgn0036191,7899,9670,8585,8783
FBgn0036193,947,1548,1960,1729
FBgn0036199,4479,4979,5967,6034
FBgn0052087,0,0,0,0
FBgn0041231,0,0,0,0
FBgn0036202,13,29,43,41
FBgn0040817,3,5,3,7
FBgn0036198,2631,2547,2806,2303
FBgn0036196,749,878,1168,1261
FBgn0036195,1,0,0,0
FBgn0036194,3098,3000,4913,4825
FBgn0036192,989,1248,1542,1259
FBgn0052085,16,31,32,22
FBgn0036187,5240,5451,7058,6818
FBgn0036186,40,53,35,56
FBgn0036183,0,5,3,4
FBgn0036181,5,18,21,19
FBgn0036178,0,0,0,0
FBgn0036177,0,0,0,0
FBgn0003292,3114,3249,2274,2151
FBgn0052086,2,8,8,13
FBgn0053269,0,0,1,1
FBgn0053270,0,0,1,1
FBgn0053271,0,0,0,0
FBgn0053272,0,0,0,0
FBgn0003378,0,0,0,0
FBgn0036142,1385,1695,1664,1563
FBgn0036143,3,3,8,6
FBgn0036145,17,36,24,40
FBgn0036146,0,1,0,0
FBgn0064766,4210,4287,5354,5363
FBgn0041094,14306,18072,24428,25871
FBgn0036153,2,2,3,4
FBgn0036156,0,0,0,0
FBgn0036157,2,1,4,4
FBgn0036159,2,0,0,0
FBgn0036161,0,0,0,0
FBgn0036162,5,0,0,0
FBgn0036160,0,0,0,0
FBgn0036158,0,0,0,0
FBgn0036155,55,37,1182,1085
FBgn0036154,1,0,2,1
FBgn0036152,4278,4732,8712,8857
FBgn0036150,3,7,20,6
FBgn0061469,6135,6718,7667,7230
FBgn0036147,6073,8313,8183,9644
FBgn0036108,0,0,0,0
FBgn0036109,0,0,0,0
FBgn0036110,4,4,8,7
FBgn0036112,4,0,6,4
FBgn0029172,69,3,33,189
FBgn0052079,0,0,0,0
FBgn0052081,3,1,0,0
FBgn0036116,2781,1804,4605,3654
FBgn0036118,743,867,1012,790
FBgn0025355,0,0,0,0
FBgn0036124,11527,14686,14939,15109
FBgn0036131,11,6,24,35
FBgn0036133,5678,6004,6412,5935
FBgn0036135,1339,835,4262,3725
FBgn0014368,6,8,14,12
FBgn0036138,0,0,1,0
FBgn0052082,53,78,299,305
FBgn0052076,3489,3540,3750,3452
FBgn0036141,9695,9611,11361,10947
FBgn0036139,0,0,0,0
FBgn0052074,0,0,0,0
FBgn0036136,4128,4394,6664,5965
FBgn0036134,8563,9445,9303,9438
FBgn0003462,11404,9707,32864,26522
FBgn0052073,2,2,0,1
FBgn0052071,0,0,0,0
FBgn0036128,0,3,0,0
FBgn0036126,878,1310,1687,1417
FBgn0036125,17,11,18,21
FBgn0020412,7379,8262,9968,10340
FBgn0010741,8167,10203,15725,13384
FBgn0036121,428,597,800,823
FBgn0052075,3345,4803,4767,4484
FBgn0052069,549,552,994,620
FBgn0036117,2130,2940,4137,3602
FBgn0013469,117,169,281,345
FBgn0036111,32688,41818,53003,50043
FBgn0001179,3828,4360,4972,4663
FBgn0036090,1451,1520,1920,1684
FBgn0036091,61,26,191,158
FBgn0036093,1,2,1,0
FBgn0036094,2,2,0,0
FBgn0036096,3502,3603,4454,4259
FBgn0052068,2569,3697,771,664
FBgn0010762,6018,5699,10302,9792
FBgn0036099,7810,9106,10874,10267
FBgn0036102,0,0,1,0
FBgn0026160,257,207,681,654
FBgn0036105,1083,1435,2086,1708
FBgn0036107,1382,1512,2388,2053
FBgn0027615,6882,6415,8957,8165
FBgn0036106,8,11,31,48
FBgn0036104,4604,4802,6542,6347
FBgn0047038,2107,1876,4666,4082
FBgn0052066,6218,6923,9475,9153
FBgn0000629,5784,6332,6565,5921
FBgn0036089,0,0,0,0
FBgn0036082,2,3,0,0
FBgn0052061,1,0,0,0
FBgn0045770,3,0,0,0
FBgn0052064,7,2,1,0
FBgn0052062,2379,2942,3590,3963
FBgn0036085,0,0,0,0
FBgn0011802,6597,9241,9801,9380
FBgn0052058,0,0,0,0
FBgn0036083,0,0,0,0
FBgn0036070,1,0,1,0
FBgn0036075,0,0,0,0
FBgn0036080,0,0,0,1
FBgn0011569,0,0,1,3
FBgn0036078,0,0,0,0
FBgn0052055,11,3,8,3
FBgn0000451,9,5,8,16
FBgn0052057,0,0,0,0
FBgn0036072,1,2,2,2
FBgn0052054,0,0,1,0
FBgn0052053,0,0,0,0
FBgn0036066,0,0,0,0
FBgn0036043,7371,8808,12997,13498
FBgn0044051,0,0,0,0
FBgn0036046,0,0,0,0
FBgn0044328,0,0,2,0
FBgn0027567,18008,16984,25384,24183
FBgn0025866,6241,6995,8250,8396
FBgn0036059,10105,13803,12134,11888
FBgn0026404,6185,6825,8358,7896
FBgn0040823,584,800,688,767
FBgn0036063,816,935,1037,975
FBgn0036062,1792,2495,1901,1738
FBgn0036058,9516,10566,14027,13364
FBgn0036057,0,0,0,0
FBgn0036056,0,0,0,0
FBgn0011836,5249,6211,4621,4353
FBgn0036053,11763,12753,13948,13242
FBgn0036052,2855,2687,3432,3029
FBgn0004390,8661,8999,8183,8456
FBgn0015618,1728,1799,1891,1794
FBgn0028429,4236,5077,6397,5876
FBgn0044048,0,0,0,0
FBgn0044049,0,0,0,0
FBgn0044050,0,0,0,0
FBgn0036044,0,0,0,0
FBgn0036009,1,2,0,2
FBgn0036014,6,4,3,1
FBgn0036016,2,3,0,0
FBgn0036018,5430,6862,8457,8344
FBgn0036020,3253,3445,3967,3669
FBgn0036022,0,1,0,0
FBgn0036023,1,1,0,0
FBgn0036024,1,0,0,0
FBgn0036028,3177,3495,4267,3887
FBgn0036029,2,2,1,1
FBgn0015321,16249,15990,21445,19666
FBgn0036032,5608,5466,5864,6118
FBgn0045823,17784,20427,34862,34233
FBgn0036036,669,862,983,877
FBgn0036038,2922,2836,3006,3018
FBgn0019644,9818,8165,25052,22326
FBgn0036040,14,15,4,4
FBgn0036035,5209,6124,7605,7248
FBgn0040475,6422,5351,10376,9957
FBgn0036031,0,0,7,2
FBgn0036030,16405,20454,32947,31530
FBgn0016081,3974,4072,4893,5145
FBgn0036019,0,0,1,0
FBgn0036015,0,0,0,0
FBgn0036010,0,0,0,0
FBgn0010408,69393,47637,193191,164892
FBgn0036008,7302,8953,9595,8849
FBgn0036007,52451,66114,52770,53156
FBgn0035969,98,104,212,198
FBgn0035971,0,0,0,0
FBgn0035975,155,215,191,237
FBgn0035977,47,29,36,44
FBgn0052040,5,4,0,0
FBgn0052039,1217,1471,1944,1582
FBgn0035980,1588,1585,1761,1474
FBgn0035982,4,0,0,0
FBgn0001224,655,674,1238,1063
FBgn0001226,22549,18564,42165,37550
FBgn0035985,20,9,42,23
FBgn0035987,16408,19256,19022,18087
FBgn0023129,11596,13283,10521,9381
FBgn0015296,4265,3749,5670,5102
FBgn0040305,2591,2748,4002,4138
FBgn0035995,2664,2210,4033,4050
FBgn0035999,2235,3038,2582,2339
FBgn0036004,19841,21080,19553,19485
FBgn0052037,20,21,46,56
FBgn0052036,8,13,21,24
FBgn0036005,2966,3280,3333,2950
FBgn0011327,10432,12503,15204,13536
FBgn0036000,1719,2148,3247,2819
FBgn0035998,2418,3176,4094,3375
FBgn0035997,13079,13246,15858,14891
FBgn0035996,735,1033,999,882
FBgn0005533,46795,40957,116840,95730
FBgn0035989,4534,4845,4314,4039
FBgn0035988,44,30,28,18
FBgn0035986,4599,5259,6433,6397
FBgn0015218,46754,55817,62559,60066
FBgn0035983,5214,5500,7662,7957
FBgn0001227,33,42,74,61
FBgn0001225,97514,94083,142831,117008
FBgn0001229,31,42,23,28
FBgn0011769,927,864,1083,996
FBgn0004379,7693,8415,9670,9032
FBgn0035970,0,0,0,0
FBgn0035968,389,165,939,645
FBgn0035993,2663,2074,5260,4651
FBgn0052034,0,0,0,0
FBgn0035936,1528,1521,19278,18709
FBgn0040321,195,201,429,540
FBgn0011787,5434,3604,9872,8520
FBgn0035941,29,44,33,32
FBgn0035944,3586,3569,4869,4263
FBgn0035947,12061,11320,16304,15618
FBgn0035949,10,12,26,24
FBgn0035951,2276,2110,3842,3415
FBgn0035953,4903,5710,5326,5236
FBgn0035954,1,3,0,2
FBgn0028789,0,0,0,0
FBgn0035957,366,432,1056,1017
FBgn0035960,1024,1305,1729,1461
FBgn0023479,57,102,124,124
FBgn0043806,47,59,49,67
FBgn0040827,167,146,115,126
FBgn0004244,0,0,0,0
FBgn0035965,2474,3031,3955,3431
FBgn0011206,1514,1839,1306,1333
FBgn0035959,16305,22751,23530,22664
FBgn0000116,13912,11278,24951,23842
FBgn0035955,6021,7588,5652,5254
FBgn0016070,105771,121710,97920,94844
FBgn0035952,19,8,20,17
FBgn0035948,133,118,325,372
FBgn0035943,0,0,0,0
FBgn0035942,1711,2084,1908,1935
FBgn0052029,112,56,352,322
FBgn0035922,0,0,0,0
FBgn0035923,4630,5734,4645,4652
FBgn0000357,66162,22125,202084,175129
FBgn0000358,49306,25005,245729,227719
FBgn0000356,22133,10485,92450,81229
FBgn0035924,0,0,0,0
FBgn0052024,1,0,0,0
FBgn0035932,0,0,0,0
FBgn0035933,1,0,0,0
FBgn0052026,1,2,7,1
FBgn0020633,15700,15204,23038,21342
FBgn0035934,0,1,2,0
FBgn0035931,0,0,0,0
FBgn0035929,0,0,0,0
FBgn0035928,1,4,1,3
FBgn0035926,1,1,0,1
FBgn0040828,1,8,6,4
FBgn0003149,436,485,1181,1528
FBgn0052022,1776,2185,3083,2435
FBgn0011509,5807,6771,8247,7037
FBgn0000121,0,0,1,0
FBgn0035921,0,0,0,0
FBgn0035875,0,1,2,1
FBgn0035876,1739,2142,2587,2402
FBgn0011762,3438,4381,4453,4288
FBgn0035877,2560,3067,2733,2643
FBgn0001253,2,3,4,0
FBgn0035886,0,0,0,0
FBgn0035888,1341,1325,1945,2170
FBgn0035890,965,1266,1556,1493
FBgn0010431,31298,31640,35604,31904
FBgn0020224,17049,19004,18694,17960
FBgn0010825,14835,15633,19327,19968
FBgn0035901,4436,5063,8017,7548
FBgn0035903,30,39,4195,4529
FBgn0035904,234,235,414,425
FBgn0024236,12822,14479,18714,18559
FBgn0035909,8688,9882,16480,16016
FBgn0260442,12084,11844,15385,17830
FBgn0060292,5,12,16,7
FBgn0060291,10,13,22,18
FBgn0035914,26,58,65,80
FBgn0035915,22,4,0,1
FBgn0052351,9,1,2,3
FBgn0035918,7356,6895,8639,7657
FBgn0035916,2966,3677,4110,3741
FBgn0017429,3240,3005,4697,4471
FBgn0017430,1955,1881,2933,2610
FBgn0035911,5896,5740,8999,7700
FBgn0035907,4839,6129,6113,5443
FBgn0035906,6857,8198,10847,9887
FBgn0035902,1224,1359,1528,1253
FBgn0035900,773,764,923,950
FBgn0035896,4970,6857,8427,8072
FBgn0052354,109,87,81,119
FBgn0035889,0,0,0,0
FBgn0035887,0,0,0,0
FBgn0001248,32365,30705,47370,43576
FBgn0035878,12213,9546,19822,18057
FBgn0053057,0,0,0,0
FBgn0028379,13,28,21,4
FBgn0027549,7518,8340,8768,8239
FBgn0026252,56213,64391,66768,65332
FBgn0035838,2412,2984,2417,2212
FBgn0010350,5775,7578,6751,6637
FBgn0002899,6458,8036,7415,7113
FBgn0035848,3495,4387,4605,4172
FBgn0035850,5219,5529,6664,6646
FBgn0035851,5515,6509,5784,5632
FBgn0035854,905,948,1893,1732
FBgn0035856,7,4,18,14
FBgn0035857,0,2,1,0
FBgn0040832,83,68,270,245
FBgn0035859,0,0,0,2
FBgn0015793,1832,2311,2180,1887
FBgn0035867,2039,2361,2486,2364
FBgn0035873,0,0,0,0
FBgn0035872,15116,14254,25340,23613
FBgn0035871,6652,8277,8033,6994
FBgn0035870,2,3,2,7
FBgn0035868,758,1347,1140,1500
FBgn0035866,7307,8558,7177,6427
FBgn0035865,0,0,1,0
FBgn0027569,4587,5212,6157,5703
FBgn0035861,0,0,1,0
FBgn0035858,0,0,0,0
FBgn0052364,141,245,413,347
FBgn0035855,1,0,1,0
FBgn0035853,6993,7689,9324,8558
FBgn0035852,9,2,6,11
FBgn0035849,2772,2977,1855,1770
FBgn0035847,0,1,0,0
FBgn0020392,19645,20997,23517,22520
FBgn0040290,10367,13167,14988,15407
FBgn0035845,1,0,0,0
FBgn0035844,95,138,317,302
FBgn0035842,6960,8779,7349,7369
FBgn0029113,16678,18617,26665,24924
FBgn0042112,763,644,2233,1786
FBgn0035839,1304,1222,1698,1250
FBgn0035833,2571,3283,3801,3505
FBgn0052363,0,0,0,0
FBgn0052362,0,0,0,0
FBgn0052361,0,0,0,0
FBgn0052360,0,0,0,0
FBgn0052359,0,0,0,0
FBgn0052358,0,0,0,0
FBgn0026263,4351,5470,4541,4273
FBgn0052365,1217,1137,4492,4148
FBgn0035823,4,5,21,12
FBgn0035824,735,602,917,881
FBgn0052368,66,33,160,152
FBgn0035827,6392,9603,11277,9316
FBgn0041156,0,1,0,0
FBgn0035830,4266,3762,7389,6934
FBgn0011817,6272,6987,7576,7254
FBgn0052370,0,0,0,0
FBgn0035831,1954,1998,2732,2245
FBgn0035829,3289,3926,4382,3800
FBgn0027554,2817,2651,4124,3917
FBgn0024187,2247,2295,3158,3099
FBgn0035825,2690,2006,5591,4617
FBgn0003041,11944,14103,11983,11529
FBgn0016694,1778,2193,3997,4734
FBgn0052369,571,604,933,1066
FBgn0052371,3,3,0,2
FBgn0035789,0,0,0,0
FBgn0035790,0,1,1,1
FBgn0035793,11552,10616,12012,12135
FBgn0028582,9812,11198,14820,14601
FBgn0035798,5,3,0,0
FBgn0035799,0,0,0,0
FBgn0052373,621,797,690,776
FBgn0035806,6,5,18,28
FBgn0035811,9592,7463,37050,31663
FBgn0035816,3,10,7,6
FBgn0035817,2,1,1,2
FBgn0035815,1,2,2,0
FBgn0035813,0,0,0,0
FBgn0035812,7636,9770,8640,8450
FBgn0035807,7900,8510,10430,9415
FBgn0035805,1873,2567,2232,2028
FBgn0053276,187,276,362,309
FBgn0035800,0,1,11,7
FBgn0035797,39,55,40,23
FBgn0052376,0,0,0,1
FBgn0052374,1,3,0,0
FBgn0035795,0,1,0,0
FBgn0035792,2,1,4,0
FBgn0035791,336,440,1010,967
FBgn0015033,172,177,163,218
FBgn0035750,0,0,0,0
FBgn0024542,3125,3175,3601,3061
FBgn0016036,196,169,344,293
FBgn0035760,1384,1486,2221,1785
FBgn0035762,3240,3696,3765,3878
FBgn0002909,0,0,0,0
FBgn0019662,3610,3444,4881,4933
FBgn0035771,12617,11211,19830,18459
FBgn0082598,27743,36633,49054,48572
FBgn0016983,14444,15970,21237,21531
FBgn0035777,6,1,6,4
FBgn0052379,0,0,0,0
FBgn0035779,0,0,0,0
FBgn0035780,0,0,0,0
FBgn0053278,0,0,2,0
FBgn0035785,0,2,0,0
FBgn0035786,0,0,0,0
FBgn0035788,0,0,3,0
FBgn0035787,0,0,0,0
FBgn0052382,0,0,0,0
FBgn0052383,0,0,0,0
FBgn0035782,1,0,0,0
FBgn0014011,4971,6286,7909,8593
FBgn0035781,2,0,0,0
FBgn0035776,3,8,4,3
FBgn0052380,6628,7510,7814,8075
FBgn0035772,5380,6537,10534,10610
FBgn0035770,4034,4468,11245,10997
FBgn0035769,3380,3153,4868,4652
FBgn0015298,2324,2339,3477,2833
FBgn0035768,9592,4764,28587,28010
FBgn0035767,413,319,820,936
FBgn0035763,17238,22654,24511,29800
FBgn0035761,3397,3957,4910,4664
FBgn0035756,10,24,21,49
FBgn0035755,55,87,233,180
FBgn0035754,1191,1217,2219,1776
FBgn0012058,9750,10152,12320,12085
FBgn0028648,2446,2093,3570,3189
FBgn0035753,40499,34446,127862,116576
FBgn0035751,0,0,9,17
FBgn0035718,0,0,0,0
FBgn0035719,5,5,11,7
FBgn0035721,1851,2485,3344,2665
FBgn0029117,991,885,1760,1637
FBgn0035726,24643,26824,38735,37326
FBgn0047205,6,7,3,5
FBgn0035734,1,1,2,8
FBgn0035737,0,0,0,0
FBgn0035741,0,1,0,3
FBgn0035743,8,2,64,24
FBgn0010387,14,11,39,48
FBgn0023001,349,368,510,544
FBgn0040837,44,62,44,63
FBgn0035742,0,0,0,0
FBgn0002775,3719,3950,4319,4054
FBgn0035736,0,0,0,0
FBgn0035735,0,0,0,0
FBgn0052391,0,0,0,0
FBgn0035733,0,3,5,3
FBgn0035730,0,0,0,0
FBgn0001104,12088,15543,12080,11333
FBgn0035727,29,34,45,48
FBgn0035725,1325,1353,2670,2328
FBgn0035724,13,14,11,5
FBgn0035722,1860,1629,2595,2048
FBgn0035720,22066,24554,38399,38578
FBgn0035711,3,0,1,2
FBgn0035714,2327,2812,4026,3608
FBgn0041194,33,18,14,13
FBgn0052392,5,0,0,0
FBgn0035715,5143,5459,6931,6449
FBgn0035713,9415,8408,13183,12637
FBgn0005626,18,14,69,55
FBgn0035710,1581,1979,1618,1983
FBgn0041232,0,0,0,0
FBgn0035709,0,0,0,0
FBgn0035703,1809,2482,2710,2714
FBgn0020251,2239,2702,2464,2513
FBgn0052396,0,0,0,1
FBgn0042185,5283,7184,5915,5359
FBgn0035707,5907,7350,8569,8474
FBgn0035708,26,45,37,56
FBgn0004619,0,0,0,0
FBgn0024177,17624,22469,24230,23035
FBgn0002926,3376,3658,9761,8138
FBgn0035704,3491,3988,5139,5058
FBgn0035702,759,987,814,803
FBgn0020641,0,0,0,0
FBgn0020642,0,0,0,0
FBgn0020643,0,0,0,0
FBgn0020646,0,0,0,0
FBgn0020644,0,0,0,0
FBgn0020645,0,0,0,0
FBgn0035686,0,0,0,0
FBgn0035687,2,0,0,0
FBgn0035689,1512,2058,1595,1669
FBgn0035691,286,302,432,402
FBgn0024921,22273,27612,26719,27151
FBgn0035693,13,9,15,15
FBgn0041625,0,0,0,0
FBgn0035699,54,69,120,143
FBgn0001258,29,20,40,34
FBgn0035697,3158,1353,8237,4958
FBgn0035696,3476,3384,6208,6073
FBgn0004513,69,79,105,79
FBgn0035695,68,65,82,76
FBgn0035694,8242,5390,21122,14158
FBgn0002526,3918,5516,10371,12889
FBgn0035692,6421,7950,9554,9103
FBgn0022935,3531,2976,4179,3981
FBgn0022699,2157,1498,2993,2904
FBgn0035690,1960,1954,2452,2262
FBgn0035688,10679,12500,12367,12942
FBgn0035685,6,5,13,6
FBgn0020765,0,0,0,0
FBgn0042118,0,0,0,0
FBgn0052404,0,0,0,0
FBgn0052405,0,0,0,0
FBgn0035641,6591,8927,10805,10012
FBgn0035642,3678,4866,6072,5631
FBgn0035643,1,1,0,0
FBgn0035645,0,2,1,1
FBgn0052409,3992,3582,9771,9167
FBgn0035648,1,0,0,0
FBgn0052407,10,9,12,10
FBgn0052406,0,0,0,0
FBgn0040060,0,0,0,0
FBgn0035663,0,0,0,0
FBgn0035665,0,0,4,1
FBgn0035666,0,0,0,0
FBgn0028980,3504,4256,5021,4490
FBgn0035669,4,1,2,2
FBgn0035673,0,0,0,0
FBgn0035675,1565,2239,2309,1646
FBgn0035676,12,4,9,14
FBgn0035677,2,4,4,4
FBgn0061492,4269,5140,6483,5270
FBgn0005658,0,0,0,0
FBgn0020640,0,1,0,0
FBgn0020639,0,0,0,0
FBgn0020638,0,0,0,0
FBgn0020637,0,0,0,0
FBgn0042119,0,0,0,0
FBgn0035679,1396,1624,2105,1859
FBgn0035678,141,161,207,215
FBgn0035674,1867,2225,1931,1826
FBgn0035670,2,8,9,5
FBgn0035667,0,0,0,0
FBgn0035661,0,0,0,0
FBgn0035657,0,0,0,0
FBgn0035656,99,102,147,175
FBgn0002638,26726,26117,39712,36856
FBgn0035649,14,9,15,12
FBgn0035647,0,0,0,0
FBgn0052413,0,0,0,0
FBgn0052412,8100,7448,11348,9662
FBgn0035644,2551,2290,3268,2985
FBgn0029121,1958,2362,2803,2293
FBgn0040239,6479,8331,7498,6880
FBgn0035617,7164,8395,7363,7614
FBgn0035620,1,1,9,3
FBgn0035623,26,16,33,55
FBgn0035625,15,23,22,15
FBgn0035626,3,6,4,2
FBgn0016756,17423,17586,21601,21026
FBgn0035631,9165,9691,13648,12144
FBgn0035639,4360,3750,6030,5414
FBgn0035640,7008,8594,12936,11024
FBgn0035638,4,3,0,7
FBgn0035636,12,8,33,31
FBgn0040298,2487,2192,3101,2868
FBgn0052418,1823,1710,3092,2957
FBgn0035632,2191,1926,3521,3135
FBgn0035630,45378,46410,70994,66963
FBgn0035627,3306,4551,3917,3651
FBgn0035624,1850,1864,2107,1919
FBgn0035622,5108,5441,6492,6217
FBgn0035621,3,1,1,0
FBgn0035619,5,4,8,12
FBgn0003486,351,512,1206,1237
FBgn0015766,1250,926,5344,6699
FBgn0029118,2081,2352,4334,4261
FBgn0035612,26,12,28,33
FBgn0035611,0,0,0,0
FBgn0011986,0,0,0,0
FBgn0052420,0,2,0,0
FBgn0035600,8833,8368,22764,19592
FBgn0035607,5,4,4,2
FBgn0035610,0,0,2,1
FBgn0035608,9,52,30,22
FBgn0035604,0,0,0,0
FBgn0035603,3252,2835,8052,6149
FBgn0035601,21393,26697,33281,30343
FBgn0004380,2005,2220,1956,1903
FBgn0052421,0,0,0,0
FBgn0016031,13724,14844,16164,15780
FBgn0035594,0,0,0,0
FBgn0040842,0,1,0,0
FBgn0035593,2670,2330,4967,4710
FBgn0035591,1758,1788,2244,2132
FBgn0035589,1222,1074,2290,2040
FBgn0035587,7,10,3,6
FBgn0028962,3410,3418,3956,3591
FBgn0010747,9355,9877,13997,12943
FBgn0035598,2,0,0,0
FBgn0035586,3609,3262,4556,4379
FBgn0035588,1952,1962,4172,3488
FBgn0035590,827,858,2389,1975
FBgn0035592,1730,1626,2580,2159
FBgn0040843,0,0,0,0
FBgn0052523,0,0,0,0
FBgn0011954,0,0,0,0
FBgn0031169,21,24,25,23
FBgn0020369,18061,17233,32591,28841
FBgn0031174,5128,4429,8161,7569
FBgn0000709,6340,6139,8298,8212
FBgn0015379,2578,2035,5223,4611
FBgn0011710,12015,13061,16757,16415
FBgn0003423,13376,15309,14694,14053
FBgn0020272,2337,2076,3468,3129
FBgn0031182,924,927,1716,1481
FBgn0031181,5,5,9,5
FBgn0031178,0,0,2,0
FBgn0031176,0,0,0,0
FBgn0028583,0,0,1,0
FBgn0001565,13963,15327,21708,20584
FBgn0025882,5,3,7,8
FBgn0015527,9447,7967,18070,17316
FBgn0015558,75,95,312,283
FBgn0029067,5129,6258,6400,6350
FBgn0031171,42,40,105,119
FBgn0031170,3061,3964,3645,3740
FBgn0052521,3388,3078,11506,12011
FBgn0031168,2,1,1,1
FBgn0052518,1,0,0,0
FBgn0040648,1,0,0,0
FBgn0031145,10980,14297,13992,12516
FBgn0025814,2230,2075,4647,4002
FBgn0031148,8308,5581,24850,21466
FBgn0031150,6035,7783,8160,8246
FBgn0031161,5016,5511,7043,6536
FBgn0031163,2,0,2,0
FBgn0031164,0,0,0,0
FBgn0052511,0,0,0,0
FBgn0031157,532,504,874,699
FBgn0031155,0,2,0,0
FBgn0052512,6829,6695,11704,11518
FBgn0031149,20374,21165,30590,28903
FBgn0031146,4,5,8,3
FBgn0031144,3159,3253,4210,4034
FBgn0031143,4836,5557,7899,6531
FBgn0031142,20,25,20,18
FBgn0031141,0,0,0,0
FBgn0011834,0,0,0,0
FBgn0031139,0,0,0,0
FBgn0031132,0,0,0,0
FBgn0031135,0,0,0,0
FBgn0031134,1,0,0,0
FBgn0052507,0,0,0,0
FBgn0031130,3,0,0,0
FBgn0031129,9,2,0,0
FBgn0031101,0,0,0,0
FBgn0027334,974,710,3793,3295
FBgn0031107,4003,2810,7252,7250
FBgn0031109,0,2,1,0
FBgn0031110,3,0,5,3
FBgn0011280,17,6,56,48
FBgn0031114,2597,2137,3144,3184
FBgn0002641,3705,4142,4747,4331
FBgn0031116,1,2,8,7
FBgn0052506,8,2,8,14
FBgn0031117,3717,2866,1925,1660
FBgn0040649,1,0,1,0
FBgn0031119,4388,4722,5180,4875
FBgn0026323,7460,7070,7668,7225
FBgn0031118,3864,4095,5318,5835
FBgn0040650,340,266,820,643
FBgn0023177,8598,8164,12966,12350
FBgn0031111,6061,2717,23885,22555
FBgn0040651,0,1,14,1
FBgn0031108,0,0,3,1
FBgn0031106,986,550,3298,2720
FBgn0031104,0,2,0,2
FBgn0031103,0,1,0,0
FBgn0031100,0,0,0,0
FBgn0027107,0,0,0,0
FBgn0031183,3327,3483,4601,4437
FBgn0014395,207,203,203,214
FBgn0031187,5874,7112,6432,6705
FBgn0031189,2200,1996,3591,3050
FBgn0027279,6305,7438,9019,9745
FBgn0052499,35,39,74,76
FBgn0031190,8717,9956,11171,10532
FBgn0031188,4640,4570,6270,5733
FBgn0031184,690,820,967,993
FBgn0031617,0,0,0,0
FBgn0031620,0,0,0,2
FBgn0031621,0,0,0,0
FBgn0031628,295,264,454,392
FBgn0031630,50,57,85,82
FBgn0031632,7,15,37,42
FBgn0031636,264,322,58,48
FBgn0031638,2314,2361,3182,2859
FBgn0031640,3572,4051,4290,4013
FBgn0051660,15,22,19,7
FBgn0031643,3786,4350,3981,3897
FBgn0031639,2887,2381,4710,4283
FBgn0031635,2294,2529,2844,2783
FBgn0031634,10,11,13,13
FBgn0031633,3162,2612,4683,4202
FBgn0031631,809,948,941,908
FBgn0031629,2,3,0,1
FBgn0031627,0,0,0,1
FBgn0031626,0,0,0,0
FBgn0031622,0,0,0,0
FBgn0000227,0,0,0,0
FBgn0028482,316,196,446,565
FBgn0020762,2404,3062,3038,4150
FBgn0031596,0,0,0,0
FBgn0026319,207,194,328,386
FBgn0027560,56,45,75,16
FBgn0022153,8778,9919,9394,9276
FBgn0053003,0,0,3,4
FBgn0031601,1602,2115,3366,3189
FBgn0031603,570,599,990,870
FBgn0031604,4905,4688,7344,6836
FBgn0040705,0,0,0,0
FBgn0031608,2500,2188,2243,2034
FBgn0031610,2046,2629,2301,2212
FBgn0031611,1174,1117,1488,1535
FBgn0031613,0,5,2,1
FBgn0011603,57,52,54,60
FBgn0031609,2177,2240,2470,2122
FBgn0053002,994,921,2599,2101
FBgn0019982,1958,1718,4434,3615
FBgn0031607,1207,1224,2198,2034
FBgn0031606,4510,3758,5610,5327
FBgn0025684,7298,7473,7910,7382
FBgn0027609,2594,2049,3106,2843
FBgn0051963,0,0,0,0
FBgn0031602,37,39,53,65
FBgn0031600,2704,2820,2844,2693
FBgn0031598,3702,4343,3797,3674
FBgn0031597,2731,3660,3181,2917
FBgn0000547,11937,13329,17345,18646
FBgn0020376,2,0,3,1
FBgn0014033,20,13,28,23
FBgn0031585,3,0,0,0
FBgn0040102,3,11,15,5
FBgn0003941,75191,77909,132715,121586
FBgn0031592,1,6,2,0
FBgn0031590,13169,14820,18858,18110
FBgn0001075,8,8,14,16
FBgn0031589,2927,3278,3722,3664
FBgn0026394,1,1,0,0
FBgn0031568,41,42,69,86
FBgn0004893,403,487,960,1024
FBgn0051960,0,0,0,3
FBgn0051958,0,0,0,0
FBgn0031571,1044,1526,1417,2128
FBgn0021800,8362,10904,7180,7714
FBgn0003430,0,0,0,0
FBgn0004567,0,0,0,0
FBgn0031574,451,433,595,646
FBgn0031579,31,35,4,8
FBgn0031580,1,2,0,0
FBgn0051774,7,1,9,6
FBgn0051773,1,0,0,0
FBgn0000256,2428,2149,3275,3188
FBgn0051957,2608,3129,3604,2683
FBgn0031573,2688,3272,3092,2761
FBgn0031533,15,9,49,36
FBgn0031534,3769,3937,6522,6043
FBgn0031535,5449,4549,7387,6244
FBgn0021967,3883,2978,9586,8118
FBgn0051776,0,0,0,0
FBgn0051956,3,1,2,1
FBgn0031544,8741,8069,15325,13789
FBgn0031546,1,0,0,0
FBgn0031550,0,0,0,0
FBgn0024244,2,1,0,0
FBgn0015663,368,489,420,431
FBgn0031564,1,1,2,1
FBgn0031566,4261,5108,6440,6511
FBgn0040104,0,0,0,0
FBgn0051955,69,98,122,107
FBgn0015376,4078,4529,4435,4492
FBgn0051777,60,64,100,73
FBgn0051778,8,4,3,2
FBgn0031563,0,3,0,1
FBgn0031562,0,1,1,0
FBgn0031561,22,18,20,16
FBgn0031560,0,4,4,4
FBgn0051779,0,0,0,0
FBgn0031559,1,0,0,0
FBgn0031558,3,4,3,1
FBgn0031554,453,293,1113,719
FBgn0002985,0,3,3,4
FBgn0004892,4,2,7,7
FBgn0031549,3679,4614,4587,4409
FBgn0031547,22,5,10,18
FBgn0031545,12,4,3,7
FBgn0051954,1,0,1,2
FBgn0031542,0,0,5,5
FBgn0031540,6682,7558,7034,6507
FBgn0005616,309,328,400,441
FBgn0031538,4,10,8,10
FBgn0051953,0,0,0,0
FBgn0014906,8500,9178,10191,9746
FBgn0011985,0,0,0,0
FBgn0031512,0,0,0,0
FBgn0031513,0,0,0,0
FBgn0031517,1,1,2,1
FBgn0031520,0,0,0,0
FBgn0053281,0,0,0,0
FBgn0053282,0,0,0,0
FBgn0031522,0,0,0,0
FBgn0031523,0,0,0,0
FBgn0031526,12,10,58,37
FBgn0016698,2424,2240,3992,3582
FBgn0031531,1,0,0,0
FBgn0051952,0,0,0,0
FBgn0031529,2700,2828,3828,3241
FBgn0031528,18,18,26,15
FBgn0031519,1535,1823,1730,1636
FBgn0031516,1459,1449,1339,1365
FBgn0031514,0,0,0,0
FBgn0051698,0,0,0,0
FBgn0011984,0,0,0,0
FBgn0011648,12200,12721,14629,13770
FBgn0031505,2006,1782,5574,3895
FBgn0031467,0,0,0,0
FBgn0031468,3,6,0,8
FBgn0031472,0,0,0,0
FBgn0015521,21732,18520,68603,52734
FBgn0031476,3,1,1,0
FBgn0031478,4273,4190,7083,6998
FBgn0051950,280,188,970,773
FBgn0028970,1924,1670,2777,2681
FBgn0041111,7046,6078,7812,8187
FBgn0031484,3415,4026,5369,4529
FBgn0025109,2912,3133,3240,2951
FBgn0025681,6852,5880,8880,8481
FBgn0031488,440,401,1596,1436
FBgn0031490,116,28,1419,1493
FBgn0031492,6213,7297,8230,8064
FBgn0031494,746,1176,1556,1630
FBgn0031495,2737,2727,3765,3368
FBgn0031498,1587,1788,2165,1894
FBgn0031500,998,938,1980,1750
FBgn0031501,15,17,585,481
FBgn0042627,29,17,58,110
FBgn0003934,15,16,6,0
FBgn0005779,3,1,0,0
FBgn0015600,11861,11580,15497,15819
FBgn0031497,9224,6646,20974,20170
FBgn0031496,10,16,22,19
FBgn0031493,8026,8208,12674,11996
FBgn0031491,4067,4403,5270,5083
FBgn0031489,331,190,894,903
FBgn0002989,3099,3351,3775,3633
FBgn0031485,1691,1767,2894,2741
FBgn0031483,9090,11252,16208,14854
FBgn0004584,7654,7588,11106,10087
FBgn0024920,4738,3624,10151,9184
FBgn0024947,5205,5208,6858,6224
FBgn0031479,1693,1849,3698,3097
FBgn0051694,13179,14301,12419,12367
FBgn0031473,158,175,218,270
FBgn0031471,0,0,0,0
FBgn0031470,2,4,1,12
FBgn0031469,0,0,0,0
FBgn0031466,0,0,3,0
FBgn0031435,10086,8532,13968,12101
FBgn0031437,3126,3000,3945,3642
FBgn0031440,0,0,0,0
FBgn0031442,0,0,0,0
FBgn0026395,0,0,0,0
FBgn0031443,1,1,0,0
FBgn0031444,0,0,0,0
FBgn0041248,0,0,0,0
FBgn0051690,20,26,11,23
FBgn0031449,10842,12240,9044,8723
FBgn0031452,3918,4422,5416,5019
FBgn0031453,11344,14591,30874,27622
FBgn0031456,4945,5017,3387,3035
FBgn0031458,3207,3552,4373,3885
FBgn0028398,1205,1125,1911,1718
FBgn0031459,5524,5317,12443,10503
FBgn0031461,75,132,300,246
FBgn0031462,1,0,0,0
FBgn0031465,1,0,6,3
FBgn0031463,4,6,8,7
FBgn0004242,0,4,1,1
FBgn0031460,2,0,9,8
FBgn0019830,4209,3944,8385,7594
FBgn0026324,1341,1297,2450,2150
FBgn0031457,3468,3350,3587,3331
FBgn0031451,64,82,81,83
FBgn0031446,1,4,0,2
FBgn0053125,0,0,0,0
FBgn0031441,0,0,0,0
FBgn0026479,11211,10197,16639,16375
FBgn0031436,2306,2418,5374,4561
FBgn0031434,5958,5812,6789,5863
FBgn0026778,0,0,0,0
FBgn0041337,11,10,8,6
FBgn0031432,6,2,3,1
FBgn0031431,0,0,0,0
FBgn0042187,0,0,0,0
FBgn0031407,1,1,0,0
FBgn0031409,0,0,0,0
FBgn0051949,0,0,0,0
FBgn0031412,70,103,43,32
FBgn0031419,886,1180,1157,1067
FBgn0031420,3599,3163,3913,3788
FBgn0031422,997,1445,1683,1659
FBgn0031424,2,0,0,0
FBgn0031428,240,284,451,447
FBgn0000490,92,97,297,235
FBgn0011818,8916,10053,14506,14076
FBgn0031430,0,0,0,0
FBgn0051948,2,1,0,0
FBgn0031426,0,1,0,1
FBgn0031423,1,0,0,0
FBgn0031418,2429,1783,7174,6444
FBgn0031417,4,3,10,11
FBgn0014010,12367,15260,19467,18896
FBgn0031413,1451,1653,2920,2610
FBgn0028570,0,0,0,0
FBgn0031410,0,0,0,0
FBgn0051681,0,0,0,2
FBgn0031406,0,0,0,0
FBgn0042186,0,0,0,0
FBgn0011832,0,0,0,0
FBgn0051682,2,0,19,11
FBgn0052463,0,0,0,0
FBgn0051679,0,1,0,2
FBgn0031374,9266,10031,18011,19496
FBgn0051942,0,0,0,0
FBgn0031378,1320,1379,2465,2062
FBgn0031379,3374,3390,3803,3810
FBgn0031381,6002,4427,14443,13241
FBgn0040717,4,1,2,4
FBgn0051943,0,0,0,0
FBgn0051944,0,0,0,0
FBgn0031384,6225,6516,9049,9007
FBgn0011860,0,0,0,0
FBgn0003557,12593,12666,14839,14381
FBgn0028952,910,1212,1383,1204
FBgn0026396,0,0,0,0
FBgn0031388,2,0,0,0
FBgn0027509,6490,7117,8340,8208
FBgn0031392,11601,12346,14281,13954
FBgn0031393,70,90,79,102
FBgn0051946,0,0,0,0
FBgn0031399,2492,2585,2912,2650
FBgn0031401,5089,5589,3975,3839
FBgn0040715,0,0,0,0
FBgn0031398,3365,4005,4753,4371
FBgn0010288,13955,13298,26094,24270
FBgn0031397,80,94,205,208
FBgn0053124,0,0,0,3
FBgn0051668,2,2,7,2
FBgn0031395,3644,3804,4319,3830
FBgn0000097,6947,7616,6515,6874
FBgn0031391,3403,3831,4022,3458
FBgn0031390,9346,10649,12876,13118
FBgn0031389,5,4,5,0
FBgn0051669,0,0,0,0
FBgn0051940,0,0,0,0
FBgn0051939,0,0,0,0
FBgn0040718,22,11,22,23
FBgn0043539,0,0,0,0
FBgn0031377,6999,6415,7142,6682
FBgn0031375,0,0,0,0
FBgn0011859,0,0,0,0
FBgn0026398,10,12,4,5
FBgn0026397,1,3,1,0
FBgn0031351,1821,2427,2927,2428
FBgn0011570,9312,9556,12976,12582
FBgn0031357,1081,869,2402,2143
FBgn0031360,3641,2631,7099,6470
FBgn0031364,0,0,0,0
FBgn0045497,0,0,0,0
FBgn0031372,1,1,0,0
FBgn0031373,3,0,0,3
FBgn0051663,0,0,2,1
FBgn0031367,0,1,0,0
FBgn0051664,0,0,1,1
FBgn0051933,0,0,0,0
FBgn0045501,0,0,0,0
FBgn0045498,0,0,0,0
FBgn0031365,15,19,27,24
FBgn0041249,0,1,0,0
FBgn0027597,2653,2598,3667,3124
FBgn0031361,1322,1650,2825,2301
FBgn0000579,66517,51080,174191,157661
FBgn0031359,3047,3388,3063,2859
FBgn0031356,4312,4563,4298,4072
FBgn0021906,3961,2712,16699,14991
FBgn0051935,2537,2946,3558,3443
FBgn0031347,17,10,42,36
FBgn0001174,0,2,1,0
FBgn0031345,0,0,0,0
FBgn0031327,201,202,165,240
FBgn0041097,0,0,0,0
FBgn0011294,0,0,0,0
FBgn0031331,0,0,0,0
FBgn0026141,1,3,0,0
FBgn0031337,2,6,8,7
FBgn0003926,0,0,0,0
FBgn0051928,7101,6312,12241,10451
FBgn0053128,19,14,45,45
FBgn0051926,5375,4775,9444,8166
FBgn0051661,3139,2426,4870,3901
FBgn0031344,1516,1285,2734,2383
FBgn0031343,18,10,18,17
FBgn0002543,51,46,36,73
FBgn0053126,706,566,1966,2357
FBgn0051659,0,2,2,3
FBgn0031335,2,4,0,0
FBgn0051924,0,1,0,0
FBgn0031333,0,0,0,0
FBgn0031332,0,2,0,0
FBgn0028481,0,0,1,0
FBgn0031296,3,4,17,4
FBgn0015905,3903,4980,4189,4054
FBgn0031298,2898,2646,4420,4045
FBgn0031301,0,0,0,0
FBgn0031302,0,0,0,0
FBgn0031304,3258,3041,3972,3863
FBgn0031306,6,15,22,39
FBgn0031307,1,0,1,1
FBgn0031310,2564,2156,4795,4418
FBgn0031312,3411,2704,7775,6953
FBgn0031314,2216,1715,3959,3694
FBgn0031315,1018,925,1802,1668
FBgn0051922,149,217,494,345
FBgn0031318,3517,3710,4274,4212
FBgn0031319,2459,2434,2925,2715
FBgn0031321,1226,1059,2036,1700
FBgn0040723,0,0,0,1
FBgn0031324,0,0,0,0
FBgn0031323,0,0,0,0
FBgn0031320,2782,2626,4057,3781
FBgn0031317,2432,2447,6574,5932
FBgn0024314,7144,5623,14295,13680
FBgn0031313,835,570,1354,1393
FBgn0031309,1944,1455,1927,1885
FBgn0031305,1156,1531,3066,2986
FBgn0016926,7397,10053,9512,9932
FBgn0031299,156,141,671,727
FBgn0003310,7357,7401,10708,10450
FBgn0031295,1,0,0,0
FBgn0031273,0,2,4,4
FBgn0011244,1,1,0,1
